date,close,btc_volume,usd_volume_musd,num_trades,buy_volume_share,realized_vol_ann,minutes_available,kyle_lambda_bps_per_btc,kyle_r_squared,n,kyle_lambda_bps_per_100btc,amihud_bps_per_musd,roll_spread_bps,abdi_ranaldo_spread_bps,vpin
2017-08-18 00:00:00+00:00,4108.37,1199.888264,5.086958306,5233,0.8107994212,2.113992503,1440,0.9313604797,0.00148334587,1440,93.13604797,,28.35998831,22.65638664,0.6705400121
2017-08-19 00:00:00+00:00,4139.98,381.309763,1.549483735,2153,0.7194571674,2.288656618,1440,10.59471957,0.04465684087,1440,1059.471957,49.46551269,29.24527425,16.85602987,0.6265568239
2017-08-20 00:00:00+00:00,4086.29,467.083022,1.93036439,2321,0.8067001566,1.419622207,1440,1.560162213,0.002728288163,1440,156.0162213,67.62189066,16.4921332,9.788278448,0.5531001182
2017-08-21 00:00:00+00:00,4016,691.74306,2.797231714,3972,0.8057270672,2.336032944,1440,2.301934554,0.002990550136,1440,230.1934554,62.02948958,32.71247433,20.59276166,0.6475325515
2017-08-22 00:00:00+00:00,4040,966.684858,3.752505772,6494,0.4386074505,5.20168857,1440,10.75602517,0.01864482593,1440,1075.602517,15.87821564,60.72554708,40.55357113,0.548907079
2017-08-23 00:00:00+00:00,4114.01,1001.136565,4.148686466,8629,0.3090678163,2.961209509,1440,7.742850546,0.02263246287,1440,774.2850546,43.75729554,52.06303252,30.28106572,0.5500532534
2017-08-24 00:00:00+00:00,4316.01,787.418753,3.296476413,6247,0.2626561931,2.447089647,1440,6.175575667,0.01233769015,1440,617.5575667,145.4072057,43.62420669,24.21482714,0.4960150009
2017-08-25 00:00:00+00:00,4280.68,573.61274,2.484637349,6554,0.174504447,1.937930229,1440,3.170846882,0.007378732371,1440,317.0846882,33.08124172,27.65737821,17.8263356,0.5785943643
2017-08-26 00:00:00+00:00,4337.44,228.108068,0.9778657333,2260,0.2463312302,1.655453173,1440,4.95521722,0.003980797994,1440,495.521722,134.7059867,25.53746309,15.99360574,0.6359499865
2017-08-27 00:00:00+00:00,4310.01,350.692585,1.521580062,3670,0.2898588745,2.080422752,1440,8.831137896,0.0212882609,1440,883.1137896,41.69407962,32.42354335,19.1560498,0.5801918451
2017-08-28 00:00:00+00:00,4386.69,603.841616,2.591660526,4349,0.2364656198,2.75842717,1440,10.61103336,0.04359032126,1440,1061.103336,68.04414347,42.44218382,18.61745864,0.5191854969
2017-08-29 00:00:00+00:00,4587.48,603.545028,2.682483736,4159,0.2376667197,2.274841342,1440,8.576258691,0.03618220056,1440,857.6258691,166.8449905,33.78447385,16.67136705,0.6160745255
2017-08-30 00:00:00+00:00,4555.14,808.468771,3.683714687,5551,0.2425106065,2.493449327,1440,8.852208757,0.05599956661,1440,885.2208757,19.20503786,42.58782576,25.44686595,0.582196251
2017-08-31 00:00:00+00:00,4724.89,556.956802,2.579878724,4161,0.2369076462,1.581712461,1440,5.042981892,0.02076756734,1440,504.2981892,141.8206764,21.32724019,11.76432056,0.5858847326
2017-09-01 00:00:00+00:00,4834.91,560.666366,2.665165559,4000,0.2116412009,1.885465614,1440,7.0693971,0.02648043692,1440,706.93971,86.36699559,26.81625731,13.74743379,0.5959288828
2017-09-02 00:00:00+00:00,4472.14,929.148595,4.257723945,7475,0.4081154134,3.407829833,1440,13.34724574,0.07680572857,1440,1334.724574,183.1858387,41.78690828,29.33089093,0.4888340918
2017-09-03 00:00:00+00:00,4509.08,691.216198,3.121052752,6022,0.3746071587,2.981283026,1440,14.18838149,0.0569635836,1440,1418.838149,26.35681279,44.66257314,24.40024426,0.3480053302
2017-09-04 00:00:00+00:00,4100.11,1394.644614,5.90994749,9317,0.414873327,3.979691192,1440,8.397643763,0.04241613454,1440,839.7643763,160.8801755,57.92621717,42.84277907,0.3470520681
2017-09-05 00:00:00+00:00,4366.47,1228.938157,5.083453187,10084,0.4340951267,3.438905702,1440,6.162934152,0.02528727197,1440,616.2934152,123.8156376,47.44681961,42.03069537,0.3123249435
2017-09-06 00:00:00+00:00,4619.77,807.363726,3.626346055,7956,0.5238321334,1.562705368,1021,,,1020,,,,,
2017-09-07 00:00:00+00:00,4691.61,500.429975,2.305795136,3070,0.4809543013,2.06605209,1440,11.28708685,0.06492742114,1440,1128.708685,66.92219349,24.70347449,16.69191373,0.3004842827
2017-09-08 00:00:00+00:00,4282.8,1132.255046,4.866527226,4733,0.4115345925,2.063953465,1440,7.571524312,0.1160645319,1440,757.1524312,187.3385303,17.69111767,18.06465581,0.328994584
2017-09-09 00:00:00+00:00,4258.81,658.782952,2.815383466,3777,0.4371543072,1.594796132,1440,7.028904926,0.09174096026,1440,702.8904926,19.95189229,24.29353814,17.97264397,0.3645296912
2017-09-10 00:00:00+00:00,4130.37,660.373275,2.700371808,3435,0.4418514468,2.34586612,1440,7.169225584,0.05526204169,1440,716.9225584,113.4021141,29.41147355,21.86970312,0.3718756387
2017-09-11 00:00:00+00:00,4208.47,699.989065,2.956842763,4228,0.460290519,2.337330801,1440,10.22854431,0.08893455608,1440,1022.854431,63.35193103,34.5046645,28.70377536,0.3495096263
2017-09-12 00:00:00+00:00,4163.72,879.630319,3.725190623,6501,0.5136028855,1.458631901,1440,3.723055435,0.07355811482,1440,372.3055435,28.69720462,18.622879,16.33266363,0.3744607675
2017-09-13 00:00:00+00:00,3944.69,913.462545,3.570365926,5019,0.3974475089,2.486109524,1440,8.598505015,0.1429600591,1440,859.8505015,151.3529309,17.92447089,12.89309725,0.4189864425
2017-09-14 00:00:00+00:00,3189.02,1665.021543,5.914261405,9066,0.4571436203,2.917849292,1440,6.416263731,0.09966808267,1440,641.6263731,359.5659654,31.57412428,26.75347946,0.4264231531
2017-09-15 00:00:00+00:00,3700,1968.866492,6.588767187,10445,0.4906997244,4.407927303,1440,9.671659997,0.08219361501,1440,967.1659997,225.564443,43.04978206,39.60798382,0.3904968964
2017-09-16 00:00:00+00:00,3714.95,1297.563953,4.804878247,8809,0.4815853897,3.107233197,1440,8.074564755,0.08033991836,1440,807.4564755,8.392303137,43.37093075,28.84277557,0.360863091
2017-09-17 00:00:00+00:00,3699.99,682.17121,2.466490279,6355,0.4015589811,2.457340929,1440,3.993054855,0.01196604129,1440,399.3054855,16.35969223,33.93161525,20.56331323,0.4292633778
2017-09-18 00:00:00+00:00,4035.01,1030.006455,4.069033057,8220,0.4054719463,2.41277042,1440,4.292157888,0.02210018801,1440,429.2157888,213.0202971,36.44188836,24.56135412,0.3841654238
2017-09-19 00:00:00+00:00,3910.04,902.332129,3.558315197,7342,0.2851725476,2.392480266,1440,6.433158287,0.02554567309,1440,643.3158287,88.41593328,37.65042808,27.31965033,0.4033310383
2017-09-20 00:00:00+00:00,3900,720.935076,2.839584453,7231,0.5482811853,2.1708749,1440,2.56528595,0.007490227517,1440,256.528595,9.05432126,37.89784239,26.02172951,0.4919283554
2017-09-21 00:00:00+00:00,3609.99,1001.654084,3.757043078,8714,0.5164047492,1.908251415,1440,4.177881979,0.03425960643,1440,417.7881979,205.6711868,27.69083203,19.95150378,0.3974836547
2017-09-22 00:00:00+00:00,3595.87,838.966425,3.031771433,8152,0.6091541375,1.724845195,1440,3.808392437,0.02404223433,1440,380.8392437,12.92656016,24.98117996,17.66549673,0.3447225092
2017-09-23 00:00:00+00:00,3780,752.792791,2.799707,8402,0.573792304,1.753539059,1440,5.133441458,0.02957070681,1440,513.3441458,178.3688256,29.60507096,21.04783347,0.3421109837
2017-09-24 00:00:00+00:00,3660.02,661.63639,2.445788436,8724,0.4397266753,1.761234481,1440,4.675603167,0.01944259544,1440,467.5603167,131.8813896,30.56150153,22.45171482,0.3042598209
2017-09-25 00:00:00+00:00,3920.75,727.994713,2.784170853,9740,0.4104963314,1.550323365,1440,4.968553522,0.03154354003,1440,496.8553522,247.1628136,25.49551951,16.96348243,0.3305211499
2017-09-26 00:00:00+00:00,3882.35,526.727987,2.061195579,7971,0.4282481443,1.775236906,1440,7.446472615,0.03203440096,1440,744.6472615,47.75054701,26.53902687,22.03469793,0.3178413098
2017-09-27 00:00:00+00:00,4193,628.170966,2.554629814,8373,0.55412246,1.976903549,1440,5.024381616,0.02500621616,1440,502.4381616,301.3189127,32.68385498,24.15956639,0.3087931965
2017-09-28 00:00:00+00:00,4174.5,849.785325,3.55317887,11426,0.4289523969,2.112348754,1440,5.543154078,0.02381700157,1440,554.3154078,12.44484924,33.44028165,25.51982027,0.3069976153
2017-09-29 00:00:00+00:00,4174.69,1602.309565,6.571746359,14834,0.4121602026,2.570651438,1440,4.772848441,0.04577487688,1440,477.2848441,0.06925616819,39.85854525,28.36571073,0.3304250227
2017-09-30 00:00:00+00:00,4378.51,720.353183,3.088354401,9324,0.406698686,2.092110487,1440,6.561880774,0.02863530898,1440,656.1880774,154.3488008,33.84452609,23.82582892,0.3702827939
2017-10-01 00:00:00+00:00,4378.48,726.963685,3.137143892,9816,0.4016375371,1.951359207,1440,4.059949779,0.02265756039,1440,405.9949779,0.02184046888,31.83225876,24.95538949,0.3028493466
2017-10-02 00:00:00+00:00,4380,655.756974,2.905282776,8185,0.4415376694,1.70499377,1440,7.26413372,0.08917247314,1440,726.413372,1.194693322,24.22344106,17.91993303,0.3170275871
2017-10-03 00:00:00+00:00,4310,1082.323563,4.627422743,12379,0.4552568177,1.69533674,1440,3.963094157,0.04235158455,1440,396.3094157,34.81596813,25.16724206,20.15667457,0.3177358039
2017-10-04 00:00:00+00:00,4208.59,868.465101,3.676415101,11006,0.3372948166,1.724912078,1440,3.273240571,0.01628700528,1440,327.3240571,64.76480139,26.48076731,21.58148639,0.3468950144
2017-10-05 00:00:00+00:00,4292.43,779.138638,3.295532824,9158,0.4505514191,1.724658895,1440,7.569335712,0.0927038347,1440,756.9335712,59.85475632,26.81358007,20.1659952,0.3694585061
2017-10-06 00:00:00+00:00,4369,506.529176,2.212035124,6546,0.4464662407,1.307403602,1440,3.182217463,0.02130652214,1440,318.2217463,79.93156905,19.95839133,15.51958286,0.3414478618
2017-10-07 00:00:00+00:00,4423,297.5975,1.302533215,4804,0.4882872874,1.047281592,1440,4.477686972,0.02996873837,1440,447.7686972,94.30891112,11.27324093,9.511701683,0.345761429
2017-10-08 00:00:00+00:00,4640,518.462004,2.347356469,7580,0.5402418149,1.201234318,1440,6.425620232,0.08113248876,1440,642.5620232,204.0430074,17.92164819,14.43620731,0.3470939656
2017-10-09 00:00:00+00:00,4786.95,646.463145,3.040508904,10372,0.5425778124,1.384665433,1440,3.566149969,0.0209326993,1440,356.6149969,102.5456598,22.73245789,20.27823741,0.291203751
2017-10-10 00:00:00+00:00,4783.06,1043.221773,5.044283863,11967,0.6507079238,1.745812357,1440,3.525481241,0.03877410727,1440,352.5481241,1.611638788,28.60229719,23.89428926,0.2895841199
2017-10-11 00:00:00+00:00,4821.43,753.429396,3.609240909,5895,0.7168395312,1.156328437,1440,3.189208251,0.04015386902,1440,318.9208251,22.13777277,13.16148475,10.86157139,0.4991073598
2017-10-12 00:00:00+00:00,5430,1276.701482,6.659759291,8030,0.6239475165,1.355218687,1440,4.663118757,0.1118176028,1440,466.3118757,178.4877864,15.75868966,13.47141885,0.4703403806
2017-10-13 00:00:00+00:00,5649.98,1879.82762,10.5973403,11663,0.4674035362,1.726712351,1440,5.171030531,0.09833556,1440,517.1030531,37.47437589,17.78800454,17.87959864,0.3271051347
2017-10-14 00:00:00+00:00,5869.99,970.759046,5.533972486,6259,0.4468615624,1.147115955,1440,4.80883857,0.05569314866,1440,480.883857,69.02984254,16.46940867,12.08295664,0.2572684116
2017-10-15 00:00:00+00:00,5709.99,1343.523375,7.553650201,7452,0.4476456251,1.570263064,1440,4.564963003,0.05879058515,1440,456.4963003,36.58583224,21.95509146,16.61893754,0.2828767802
2017-10-16 00:00:00+00:00,5760.02,1528.996462,8.701914796,9153,0.4703860054,1.271043169,1440,3.200120612,0.03795333164,1440,320.0120612,10.02500573,20.31091185,16.01963795,0.2975771697
2017-10-17 00:00:00+00:00,5595,1429.869376,8.041662319,9755,0.4816990912,1.204396093,1440,3.403584814,0.04014244213,1440,340.3584814,36.1462643,17.98666431,15.19912046,0.2775133673
2017-10-18 00:00:00+00:00,5512.06,2317.804373,12.45690998,14824,0.4485376277,1.695679142,1440,4.230638209,0.07353022631,1440,423.0638209,11.98926764,25.18064674,24.67163342,0.2657522622
2017-10-19 00:00:00+00:00,5683.9,1881.722107,10.60936877,11553,0.4603082627,1.727163202,1440,3.924586149,0.03532042885,1440,392.4586149,28.93593247,29.73333211,27.3398591,0.2697832107
2017-10-20 00:00:00+00:00,6010.01,1972.97722,11.48655219,11656,0.4222235556,1.448661042,1440,1.904158257,0.02343588,1440,190.4158257,48.5687913,23.30503804,20.38939716,0.3409283682
2017-10-21 00:00:00+00:00,6024.97,1664.307693,10.11482144,10182,0.4782905098,1.291067957,1440,2.241316916,0.03074576982,1440,224.1316916,2.457866099,15.56580877,15.7671578,0.4146108476
2017-10-22 00:00:00+00:00,5950.02,1362.092216,8.035415373,8846,0.4104511687,1.770122436,1440,2.961098658,0.02203704262,1440,296.1098658,15.57843451,27.98543899,21.53951593,0.4174785028
2017-10-23 00:00:00+00:00,5915.93,1812.557715,10.60719098,10736,0.4048373593,1.698038126,1440,1.699100572,0.01210734113,1440,169.9100572,5.416955768,24.70073296,19.06247905,0.4425135415
2017-10-24 00:00:00+00:00,5477.03,2580.418767,14.56449585,13075,0.4374584976,1.685519867,1440,3.423253551,0.07393002017,1440,342.3253551,52.92715245,14.27943029,18.93488394,0.3519547431
2017-10-25 00:00:00+00:00,5689.99,2282.813205,12.54484789,12026,0.4827777076,1.726261711,1440,2.083533477,0.02290714278,1440,208.3533477,30.40730965,25.39722924,24.0508324,0.3831329347
2017-10-26 00:00:00+00:00,5861.77,1972.965882,11.41712664,11429,0.3952121038,1.330883657,1440,1.59968607,0.01684185728,1440,159.968607,26.051314,22.70662765,18.69056725,0.4073211915
2017-10-27 00:00:00+00:00,5768.83,1403.706416,8.167069736,8305,0.4445996698,1.488111514,1440,2.125417536,0.01676792793,1440,212.5417536,19.5692204,21.99961022,18.7967572,0.3915714695
2017-10-28 00:00:00+00:00,5719.64,1276.754412,7.308076019,8556,0.4091915588,1.139031074,1440,1.611101923,0.01393551795,1440,161.1101923,11.71774982,17.87465422,13.08698181,0.42901232
2017-10-29 00:00:00+00:00,6169.98,1804.778173,10.62096762,10651,0.5286911213,1.338520282,1440,1.678464295,0.02477978977,1440,167.8464295,71.3585925,18.65849143,17.47423165,0.4259290763
2017-10-30 00:00:00+00:00,6120.5,1473.687043,9.030219287,9027,0.3855180601,1.044472845,1440,1.045073655,0.01059302341,1440,104.5073655,8.916509812,13.72303812,10.44053602,0.3931974136
2017-10-31 00:00:00+00:00,6463,1511.774925,9.48764084,12503,0.4410468496,1.009569397,1440,1.290824969,0.01437495631,1440,129.0824969,57.39025609,13.85689916,12.16928607,0.4248975471
2017-11-01 00:00:00+00:00,6753.98,1675.615188,10.95117107,16775,0.4068729079,1.287345529,1440,2.196504963,0.02116076948,1440,219.6504963,40.2133746,20.30474021,17.74585496,0.3689811787
2017-11-02 00:00:00+00:00,7019.98,2503.610803,17.36900133,20222,0.4601526086,2.105610209,1440,2.222900244,0.01779709718,1440,222.2900244,22.23985567,29.09306121,25.24713605,0.2597653464
2017-11-03 00:00:00+00:00,7115.04,1891.497592,13.61445175,15375,0.4177569918,1.546046313,1440,1.492081323,0.01002738989,1440,149.2081323,9.879563769,24.95806957,20.79999461,0.2106511535
2017-11-04 00:00:00+00:00,7357.09,1399.191767,10.0645384,13395,0.4562543056,1.402103413,1440,3.038843303,0.03242110153,1440,303.8843303,33.23910084,21.28787623,17.71415533,0.2236191884
2017-11-05 00:00:00+00:00,7345.01,1207.83233,9.000403866,11090,0.4476409362,1.057307233,1440,3.039757889,0.04569817874,1440,303.9757889,1.825810321,13.76513484,10.96419409,0.2135804658
2017-11-06 00:00:00+00:00,6960.12,1763.019261,12.67352462,13525,0.4140645557,1.343998345,1440,2.501629408,0.03444070284,1440,250.1629408,42.4699972,19.78830462,16.35437786,0.2200983939
2017-11-07 00:00:00+00:00,7064.04,1440.259494,10.17327234,13132,0.4104732477,1.246861063,1440,2.664556722,0.03799671161,1440,266.4556722,14.5679873,19.06110127,16.34396917,0.2306175487
2017-11-08 00:00:00+00:00,7303,2822.298802,20.4912862,24381,0.4575505865,1.993376723,1440,2.59523671,0.03503570729,1440,259.523671,16.23524093,14.61897052,20.00345396,0.2302699414
2017-11-09 00:00:00+00:00,7079.99,1913.398308,13.79853435,13818,0.378465307,1.339274584,1440,2.534624945,0.03530215174,1440,253.4624945,22.47537788,20.54272669,17.74671172,0.2286973961
2017-11-10 00:00:00+00:00,6506.98,3254.704105,22.08334518,18889,0.4809228085,1.948397948,1440,2.846781106,0.04994341679,1440,284.6781106,38.21751083,26.29245353,24.37755404,0.2205727898
2017-11-11 00:00:00+00:00,6245.05,2754.156861,17.68144546,17840,0.4093725248,1.862786551,1440,3.807639589,0.07316348269,1440,380.7639589,23.23695595,22.72945149,21.8664584,0.177925571
2017-11-12 00:00:00+00:00,5811.03,4968.483069,29.7115086,31069,0.4563587543,3.64131623,1440,5.555206427,0.1195928276,1440,555.5206427,24.2435735,30.67243455,49.79490316,0.2407510142
2017-11-13 00:00:00+00:00,6465.99,2621.243039,16.4981361,16165,0.495946732,2.224575541,1440,3.754883793,0.06622100397,1440,375.4883793,64.73355318,27.28844364,23.33521066,0.1884747496
2017-11-14 00:00:00+00:00,6574.99,1254.292531,8.168729971,10476,0.488033044,1.612181045,1440,4.311454194,0.05127647293,1440,431.1454194,20.46453299,23.3834944,17.90243173,0.161067584
2017-11-15 00:00:00+00:00,7240.06,1779.605845,12.44618645,10313,0.5386541029,1.196316102,1440,2.361103405,0.07131742451,1440,236.1103405,77.4184421,16.08960841,13.32152587,0.1775857919
2017-11-16 00:00:00+00:00,7864.5,2331.95675,17.49957726,14961,0.5130501314,1.360652706,1440,2.417762222,0.06517019105,1440,241.7762222,47.27512375,17.31184088,16.11774857,0.2060101675
2017-11-17 00:00:00+00:00,7699.19,3982.395925,31.02409262,22012,0.4796630654,1.554725354,1440,1.211917786,0.02436613153,1440,121.1917786,6.847527642,19.99149553,19.37826401,0.1943576693
2017-11-18 00:00:00+00:00,7761.94,3954.266477,30.33449832,18383,0.4783037094,1.265140145,1440,0.9058992298,0.02253199627,1440,90.58992298,2.6758888,18.38098665,17.37299196,0.2584113167
2017-11-19 00:00:00+00:00,8038,3867.340444,30.32263577,14897,0.5423916969,0.8967374733,1440,0.5804347221,0.01921627257,1440,58.04347221,11.52538102,12.76958058,12.08171369,0.3371592827
2017-11-20 00:00:00+00:00,8212,3886.634348,31.56713539,20101,0.4673365633,0.7964999916,1440,0.586170023,0.02044429182,1440,58.6170023,6.784335312,11.53377345,10.81208885,0.2847753267
2017-11-21 00:00:00+00:00,8119.51,4544.474016,37.07499758,20798,0.4890095547,1.222476494,1440,0.983925112,0.02787901804,1440,98.3925112,3.055075488,14.52727357,13.18194614,0.2338278066
2017-11-22 00:00:00+00:00,8205.92,3545.00571,29.12407847,14752,0.5144872881,0.9632677766,1440,0.5675852879,0.01220001102,1440,56.75852879,3.634805988,15.96051974,12.40987648,0.2644018978
2017-11-23 00:00:00+00:00,8019.99,4093.952687,33.400703,16625,0.5285247037,1.038696995,1440,0.591623502,0.01400343335,1440,59.1623502,6.861732825,16.49862054,13.95077794,0.2510299619
2017-11-24 00:00:00+00:00,8138,4411.789112,35.84026446,19754,0.4910536791,1.34313779,1440,0.8715591734,0.01740134776,1440,87.15591734,4.07566038,19.70052667,17.54147207,0.2503788716
2017-11-25 00:00:00+00:00,8700.01,4292.623682,36.0930052,18632,0.5346201927,1.06054169,1440,0.4178043803,0.007749158126,1440,41.78043803,18.50212392,17.24202576,15.62805931,0.2540468558
2017-11-26 00:00:00+00:00,9128.02,4147.380237,37.13853384,19268,0.4907415377,1.22969019,1440,0.7757256144,0.01440465944,1440,77.57256144,12.93121283,15.61333437,15.85377733,0.2494855927
2017-11-27 00:00:00+00:00,9650,4521.625707,42.96106495,22806,0.5381797903,1.231727505,1440,0.785465232,0.01478798276,1440,78.5465232,12.94407199,16.14481046,16.54988583,0.1822657812
2017-11-28 00:00:00+00:00,9896.8,4917.210985,48.23564406,18923,0.4944141119,0.9650410624,1440,0.5796998079,0.01511517264,1440,57.96998079,5.235455587,13.54979846,12.98821657,0.2219755739
2017-11-29 00:00:00+00:00,9687.88,13352.53872,135.9761675,47894,0.6487629466,3.394990224,1440,2.34110949,0.06914479016,1440,234.110949,1.569087675,,18.48955951,0.3274860411
2017-11-30 00:00:00+00:00,9838.96,9389.574329,91.43090434,41153,0.5709162156,2.250853515,1440,2.523720972,0.09930659187,1440,252.3720972,1.692468735,,18.6556907,0.2621104113
2017-12-01 00:00:00+00:00,10782.99,6134.923633,62.26069758,32375,0.5329925495,1.564707911,1440,2.552904486,0.09918672729,1440,255.2904486,14.71552386,15.92036289,17.33950215,0.1454434447
2017-12-02 00:00:00+00:00,10890.01,4765.439757,52.04668984,29694,0.5015684589,1.269393753,1440,2.267914007,0.07712091441,1440,226.7914007,1.897519849,15.09064996,15.03462026,0.1069545521
2017-12-03 00:00:00+00:00,11165.41,5346.636524,60.35070829,39335,0.4814702057,1.55758176,1440,3.497277297,0.156850911,1440,349.7277297,4.138269791,,9.279517518,0.09045165711
2017-12-04 00:00:00+00:00,11579,4663.424562,52.81498564,32232,0.5397010282,1.420078333,1392,2.181336129,0.0503170264,1391,218.1336129,6.886777621,14.24365568,16.95844136,0.08288206972
2017-12-05 00:00:00+00:00,11699.99,5550.732055,64.72125305,31317,0.5649039683,1.106155808,1440,0.4155731809,0.005037819486,1440,41.55731809,1.606099076,17.07240967,17.00264035,0.1139119683
2017-12-06 00:00:00+00:00,13550.05,6707.946319,84.4095267,40196,0.5709792832,1.691236335,1440,1.685925399,0.04015043794,1440,168.5925399,17.39166845,22.09433663,24.08322611,0.1402026949
2017-12-07 00:00:00+00:00,16599,7487.065695,109.5553253,57541,0.5250443279,2.685867394,1440,4.948305667,0.1528304255,1440,494.8305667,18.525089,19.63961662,28.05367859,0.1305653716
2017-12-08 00:00:00+00:00,15880,17589.01314,271.5864766,84727,0.6794179821,3.189321863,1440,0.6788958803,0.009778262071,1440,67.88958803,1.630493437,,29.82444225,0.2398039515
2017-12-09 00:00:00+00:00,14656.07,13918.75869,205.372673,66738,0.57392496,2.411190844,1440,0.9877035526,0.02462569666,1440,98.77035526,3.905381886,9.107495948,23.67305873,0.3285995096
2017-12-10 00:00:00+00:00,14899.98,16553.03717,233.7679635,80669,0.5278106521,3.427331577,1440,3.340815229,0.1102251131,1440,334.0815229,0.7060542558,15.72729114,25.30515786,0.1224617707
2017-12-11 00:00:00+00:00,16587.97,11820.40176,193.0451279,71373,0.4995798579,1.677128823,1440,1.66177773,0.07842389621,1440,166.177773,5.559211172,13.14743471,16.18832266,0.08064314835
2017-12-12 00:00:00+00:00,16349.99,9436.802411,155.7162131,76032,0.4657352495,1.347303511,1440,1.172860458,0.03648797823,1440,117.2860458,0.9279989435,10.73950675,18.54338936,0.08612505909
2017-12-13 00:00:00+00:00,16033.29,12416.3288,196.7696743,83847,0.4935402273,1.831873937,1440,1.668723135,0.04947429659,1440,166.8723135,0.9940606983,8.907173763,13.47825727,0.08113755075
2017-12-14 00:00:00+00:00,16334.98,11616.86715,186.0924952,86150,0.5164107582,1.398385947,1440,0.8788510186,0.02745267893,1440,87.88510186,1.001740287,18.20043542,19.74341694,0.07908195939
2017-12-15 00:00:00+00:00,17539.83,9181.273947,159.809704,85478,0.5132815367,1.365556497,1440,0.9054771715,0.03236421664,1440,90.54771715,4.453138469,11.47469317,16.4869397,0.1173254887
2017-12-16 00:00:00+00:00,19102.66,4202.628709,76.29372137,51777,0.5493816663,1.115555614,1440,1.135131114,0.02948032993,1440,113.5131114,11.18746026,13.49683139,14.61678028,0.1248945972
2017-12-17 00:00:00+00:00,18860.02,9177.183434,175.8674395,84581,0.4574345566,1.341521123,1440,1.033613559,0.02625666609,1440,103.3613559,0.7268687575,9.662314369,16.13483362,0.1247467025
2017-12-18 00:00:00+00:00,18856.25,10624.63307,196.3392457,91956,0.4414554474,1.680645215,1363,1.819586208,0.07949534473,1361,181.9586208,0.01018205627,,15.58675317,0.1175534725
2017-12-19 00:00:00+00:00,17295.2,13210.74822,232.7906259,116569,0.4345330097,2.319375782,1440,1.6318506,0.04239938801,1440,163.18506,3.712151949,,9.649338754,0.1417015906
2017-12-20 00:00:00+00:00,16488.98,13450.49669,221.1938925,129762,0.4262046351,2.83092497,1440,2.897139951,0.1285812045,1440,289.7139951,2.158139487,,23.46635153,0.1590105468
2017-12-21 00:00:00+00:00,15492.64,20324.2173,320.1768253,117731,0.5743276908,2.556278611,1440,0.6489874417,0.01699482863,1440,64.89874417,1.946649527,,17.57081586,0.1879441242
2017-12-22 00:00:00+00:00,13326.61,36076.27118,477.5099347,243261,0.4866545759,4.960510849,1440,2.300888304,0.1106525432,1440,230.0888304,3.153908918,,2.869051787,0.1577827614
2017-12-23 00:00:00+00:00,13300,13141.53888,184.7596853,135005,0.4982420543,2.387297599,1440,1.85408816,0.06493606578,1440,185.408816,0.1081812322,,16.0647293,0.1160243309
2017-12-24 00:00:00+00:00,13500,28557.53499,365.7095896,173557,0.53804061,3.16725087,1440,1.211923679,0.04120490354,1440,121.1923679,0.4081284889,,6.449438211,0.1210088967
2017-12-25 00:00:00+00:00,13699.34,15748.20761,213.1396576,116416,0.5609940609,1.784686528,1440,0.6144437267,0.01896674271,1440,61.44437267,0.6877167398,,13.07182174,0.179969801
2017-12-26 00:00:00+00:00,15689.01,15034.6681,224.8437319,133133,0.561114568,1.656029323,1440,0.8627221235,0.04791719589,1440,86.27221235,6.031425008,7.164161027,12.92665389,0.1927245399
2017-12-27 00:00:00+00:00,15459.99,14959.86472,231.2299325,142202,0.5242975058,1.840409084,1440,1.5623196,0.08597517106,1440,156.23196,0.6359501451,12.92022217,14.35764578,0.1153223895
2017-12-28 00:00:00+00:00,14182.11,21717.85801,303.401228,178032,0.5263773105,2.504944455,1440,1.843925403,0.1075890137,1440,184.3925403,2.843564139,,12.21871744,0.1162843297
2017-12-29 00:00:00+00:00,14378.9,18072.00812,260.9116292,142100,0.5811582024,1.385797376,1440,0.5247246138,0.01939376475,1440,52.47246138,0.5281689863,9.477979939,13.04301741,0.1467197441
2017-12-30 00:00:00+00:00,12440.01,19221.15804,247.8039538,190204,0.495834738,2.228513564,1440,1.23231377,0.06329518663,1440,123.231377,5.845102989,,17.44244465,0.1637787969
2017-12-31 00:00:00+00:00,13716.36,11768.98972,155.2832854,138893,0.5170811958,1.714711656,1440,1.142115485,0.04558951533,1440,114.2115485,6.289884296,7.769604526,15.72713113,0.1264798055
2018-01-01 00:00:00+00:00,13380,8609.915844,114.7997474,105595,0.4601600083,1.341814237,1440,1.518781942,0.08118078155,1440,151.8781942,2.162742238,6.689562715,13.1637161,0.1179071003
2018-01-02 00:00:00+00:00,14675.11,20078.09211,279.7171074,177728,0.5651098061,1.595318111,1440,0.8429306262,0.05042116866,1440,84.29306262,3.30304455,,12.65963599,0.1250233903
2018-01-03 00:00:00+00:00,14919.51,15905.66764,236.1168683,162787,0.5655187679,1.174305875,1440,0.6594160059,0.04875164043,1440,65.94160059,0.6995218555,5.89683255,12.46522564,0.1536315689
2018-01-04 00:00:00+00:00,15059.54,21329.64957,312.7815838,170310,0.5945157658,1.102258607,1315,0.3306308976,0.02073198103,1314,33.06308976,0.2986724758,9.370790545,13.53102106,0.1747110271
2018-01-05 00:00:00+00:00,16960.39,23251.49113,369.3219565,192969,0.5740114568,1.279012728,1440,0.3737121612,0.0171431383,1440,37.37121612,3.218572464,0.8134783839,15.01483842,0.1817120736
2018-01-06 00:00:00+00:00,17069.79,18571.45751,309.216921,158242,0.5926925257,1.167016667,1440,0.4443698832,0.02139810461,1440,44.43698832,0.207931993,9.048465562,14.03687827,0.1610589685
2018-01-07 00:00:00+00:00,16150.03,12493.12556,206.1947064,120269,0.5426440707,1.11472119,1440,0.5854678131,0.02996273101,1440,58.54678131,2.6862148,10.7600502,12.82598366,0.1852781163
2018-01-08 00:00:00+00:00,14902.54,26600.60991,396.5699972,208642,0.5171627431,2.541961613,1440,1.201103,0.08384895719,1440,120.1103,2.027138705,,4.664455184,0.1608160985
2018-01-09 00:00:00+00:00,14400,14315.00425,210.6301875,156656,0.4779064795,1.550367531,1440,0.9452346537,0.05244014895,1440,94.52346537,1.628610887,9.27371566,13.31354473,0.1162485084
2018-01-10 00:00:00+00:00,14907.09,17411.00166,244.0113668,161476,0.4898945416,1.827093021,1440,1.359021647,0.1036489429,1440,135.9021647,1.418324588,,10.79133739,0.08447904068
2018-01-11 00:00:00+00:00,13238.78,33554.72375,446.5875947,239416,0.4894100784,3.40436767,1440,1.28038492,0.0763329351,1440,128.038492,2.657631758,,12.09867801,0.09874639969
2018-01-12 00:00:00+00:00,13740.01,16417.16214,222.5160763,134452,0.4944406352,1.74911992,1440,1.042672735,0.06635571393,1440,104.2672735,1.670064203,9.549971377,10.74145074,0.08863497993
2018-01-13 00:00:00+00:00,14210,12221.50853,173.0864885,123639,0.4560957753,1.125088505,1440,0.6440805287,0.03981929022,1440,64.40805287,1.943186195,9.65843472,11.45293476,0.09069773236
2018-01-14 00:00:00+00:00,13474.99,17017.89433,226.5253051,152364,0.4870392747,1.624749907,1440,0.3571353844,0.008340989604,1440,35.71353844,2.344575472,8.646550179,12.95632382,0.09100223171
2018-01-15 00:00:00+00:00,13539.93,14652.0947,200.6145545,145362,0.5071672973,1.329355181,1440,0.7925682485,0.05743159926,1440,79.25682485,0.239649757,11.00593512,11.9237784,0.08900127211
2018-01-16 00:00:00+00:00,10900,63401.16918,722.1508281,418243,0.4787514507,4.907561038,1440,1.36296842,0.1069532342,1440,136.296842,3.003254998,,10.59591365,0.1109075901
2018-01-17 00:00:00+00:00,10988.79,72331.79665,744.1541801,517293,0.4895882555,4.712733017,1440,1.736897805,0.1767844064,1440,173.6897805,0.1090213997,45.02236856,26.30773681,0.1035606881
2018-01-18 00:00:00+00:00,10961.97,48464.43494,541.2896141,393112,0.491378531,2.948152262,1440,1.272412694,0.1141606359,1440,127.2412694,0.04514500752,22.94294809,15.69870776,0.08553299579
2018-01-19 00:00:00+00:00,11474.98,34129.37542,382.7734992,273271,0.4943370966,2.021506219,1440,0.9033337685,0.1004593737,1440,90.33337685,1.194884265,6.572518374,11.05428076,0.08856386525
2018-01-20 00:00:00+00:00,12799.94,28768.85783,358.5611078,251647,0.5001657032,1.548423928,1440,0.811393523,0.1621329378,1440,81.1393523,3.047499241,,7.909971622,0.1152349072
2018-01-21 00:00:00+00:00,11530,41379.77343,485.2892308,360207,0.4972178037,2.044022067,1440,0.9608780854,0.1466410221,1440,96.08780854,2.153110815,8.807361339,9.098563138,0.1002940326
2018-01-22 00:00:00+00:00,10760.05,43752.60679,475.7165142,363264,0.4868412968,2.318373023,1440,0.9700902354,0.1702839663,1440,97.00902354,1.452800789,21.09075915,13.39999191,0.09250568975
2018-01-23 00:00:00+00:00,10799.18,37473.92255,399.4194132,355286,0.5002890691,2.133300121,1440,1.098051438,0.210395828,1440,109.8051438,0.09088200619,20.12671557,15.59864464,0.1150593911
2018-01-24 00:00:00+00:00,11349.99,27158.58776,299.4706074,293429,0.4818878361,1.536790591,1440,0.8316403852,0.1502321233,1440,83.16403852,1.661153259,11.56462543,12.04839729,0.1043477286
2018-01-25 00:00:00+00:00,11175.27,20839.95418,236.081365,221040,0.4895110051,1.207467978,1440,0.8908291018,0.2023241463,1440,89.08291018,0.6571277487,7.270091864,9.490083336,0.1091899859
2018-01-26 00:00:00+00:00,11089,33056.87196,360.4824702,314720,0.4637701223,1.557600825,1440,0.6449299895,0.1362352649,1440,64.49299895,0.2149806427,,6.918943521,0.1270390571
2018-01-27 00:00:00+00:00,11491,18860.76835,212.6631995,207478,0.4882588978,1.126651343,1440,0.8112952338,0.1887544243,1440,81.12952338,1.674501953,6.023934741,7.809622298,0.1300963519
2018-01-28 00:00:00+00:00,11879.95,16887.33952,200.2115829,206247,0.4348101716,0.8541617127,1440,0.6254572802,0.1497323299,1440,62.54572802,1.662640313,,4.631420881,0.1402932534
2018-01-29 00:00:00+00:00,11251,14170.37754,162.1101549,169199,0.42458268,0.9732369367,1440,0.6311175738,0.1262628407,1440,63.11175738,3.355440109,5.815485479,9.85463402,0.1699529313
2018-01-30 00:00:00+00:00,10237.51,25554.37295,268.9783295,259212,0.4456417868,1.566807376,1440,0.8022605991,0.165181502,1440,80.22605991,3.5095239,7.584014733,8.374206928,0.1550472625
2018-01-31 00:00:00+00:00,10285.1,18015.95681,181.6442071,201422,0.487489204,1.594544416,1440,0.9351362329,0.1220644237,1440,93.51362329,0.2553244086,15.63428864,12.18540185,0.1351079067
2018-02-01 00:00:00+00:00,9224.52,33564.76431,317.636346,316020,0.4597083926,1.848586449,1440,0.9107247904,0.2205256818,1440,91.07247904,3.426279495,13.82536019,12.43237998,0.1104130181
2018-02-02 00:00:00+00:00,8873.03,49971.62697,434.2364837,453411,0.4625325406,2.63288079,1440,0.6944261381,0.1726535053,1440,69.44261381,0.894646549,12.91692205,13.07050675,0.1407747988
2018-02-03 00:00:00+00:00,9199.96,28725.00074,256.8347291,327519,0.4937454407,1.814310651,1440,0.9742705483,0.2025459208,1440,97.42705483,1.408796912,13.52244883,13.39000444,0.1311800221
2018-02-04 00:00:00+00:00,8184.81,32014.30845,274.9122884,356134,0.4312226769,2.020481138,1440,0.7374947568,0.1872830928,1440,73.74947568,4.252961537,16.68100111,12.01563419,0.1337808754
2018-02-05 00:00:00+00:00,6939.99,63403.18258,471.1662187,533510,0.4709126131,3.150059298,1440,1.05659921,0.2466203636,1440,105.659921,3.50151724,28.5355814,18.82921659,0.1350620616
2018-02-06 00:00:00+00:00,7652.14,100201.5003,684.3642764,785996,0.4946534797,3.804414892,1440,1.085746565,0.2675428443,1440,108.5746565,1.427383297,18.82267416,20.86014348,0.11023043
2018-02-07 00:00:00+00:00,7599,60778.4605,477.9350388,514893,0.4949917458,2.442997083,1440,0.7120360799,0.230015016,1440,71.20360799,0.145808259,22.67044359,16.13329741,0.1121188024
2018-02-08 00:00:00+00:00,7784.02,1521.537318,11.77016804,12417,0.5548722355,0.4191153427,29,,,29,,,,,
2018-02-09 00:00:00+00:00,8683.92,20482.91082,173.3484698,273091,0.5079376111,0.9575974372,840,,,839,,,,,
2018-02-10 00:00:00+00:00,8533.98,49381.51265,423.4114219,537578,0.4962732403,1.579546021,1425,0.7096344687,0.2594248044,1424,70.96344687,0.4113540054,8.884325704,10.44760383,0.1165290369
2018-02-11 00:00:00+00:00,8063.88,45025.18795,366.9664372,524626,0.5148305421,1.527447189,1406,0.7033270369,0.2638408472,1405,70.33270369,1.54403796,6.793566382,7.094541269,0.1002082396
2018-02-12 00:00:00+00:00,8903,41987.85049,362.440827,477660,0.4981667196,1.240299632,1440,0.6945640005,0.3393566779,1440,69.45640005,2.731300145,9.601001224,7.129335268,0.1044101213
2018-02-13 00:00:00+00:00,8539.9,35454.97296,305.1651437,401893,0.467027734,0.9875012644,1440,0.6147784356,0.2834381842,1440,61.47784356,1.364474329,4.42910649,4.894061833,0.09667104888
2018-02-14 00:00:00+00:00,9449.99,40811.95287,370.1266927,514897,0.5025112008,0.884723184,1440,0.492508139,0.273111253,1440,49.2508139,2.735938455,,2.623038163,0.08958342446
2018-02-15 00:00:00+00:00,10000.09,52427.59671,512.3884847,608349,0.4922044974,1.203620199,1440,0.6368714169,0.3105384311,1440,63.68714169,1.104248267,9.113853883,6.825951577,0.0959906561
2018-02-16 00:00:00+00:00,10159.98,38161.20597,381.1032992,405310,0.4798853705,0.9297669741,1440,0.5474293687,0.2158718874,1440,54.74293687,0.4162226022,3.866675407,6.000708695,0.09448069365
2018-02-17 00:00:00+00:00,11039.55,41882.10841,446.0126962,413585,0.5049321917,0.9144354087,1440,0.4624909113,0.2289190341,1440,46.24909113,1.861556996,3.834870695,5.043202657,0.08747046599
2018-02-18 00:00:00+00:00,10383.43,61137.38073,649.4233113,537534,0.4840551463,1.37248674,1440,0.7353959098,0.3420435591,1440,73.53959098,0.9434988207,6.088819943,8.811829075,0.08774284925
2018-02-19 00:00:00+00:00,11153,40831.41713,443.7665627,366882,0.5050002811,1.043460352,1440,0.659544304,0.3379611362,1440,65.9544304,1.611145582,4.729949255,5.900894748,0.08114995581
2018-02-20 00:00:00+00:00,11200.99,48153.35429,551.5732322,432197,0.5027996942,1.02801971,1440,0.5088039075,0.3116987659,1440,50.88039075,0.07784364774,2.497413491,3.766363771,0.09701598754
2018-02-21 00:00:00+00:00,10437.6,68113.81875,731.5371305,542340,0.4747652473,1.506695945,1440,0.5865090105,0.3159098101,1440,58.65090105,0.9649202117,14.07671361,10.69036089,0.0919642565
2018-02-22 00:00:00+00:00,9811.04,67060.16648,682.0063739,506273,0.4925322939,1.456092495,1440,0.5828096932,0.3609816028,1440,58.28096932,0.9077098267,10.0124941,9.334673502,0.101429899
2018-02-23 00:00:00+00:00,10131.04,57202.70237,571.8007535,467480,0.4900294952,1.237388725,1440,0.595190438,0.362630931,1440,59.5190438,0.5613090909,10.37746845,8.715444981,0.1016994662
2018-02-24 00:00:00+00:00,9694.51,40888.1563,405.6185866,337918,0.4560457758,1.276196448,1440,0.6494715897,0.3111990572,1440,64.94715897,1.085853407,6.293790879,6.138260131,0.1021844575
2018-02-25 00:00:00+00:00,9590,28373.51759,271.2865991,233567,0.4918904218,1.027875441,1440,0.4703019895,0.2191847598,1440,47.03019895,0.39953529,7.137245778,6.777056091,0.1228304859
2018-02-26 00:00:00+00:00,10324,34878.29276,347.5592597,285276,0.4887214184,1.04523882,1440,0.5609647304,0.2705305114,1440,56.09647304,2.121951607,,5.026772478,0.108587092
2018-02-27 00:00:00+00:00,10569.04,30705.38512,324.2953711,240542,0.4946065219,0.8617745068,1440,0.4784760216,0.3060248613,1440,47.84760216,0.7233433747,,4.488175649,0.110130659
2018-02-28 00:00:00+00:00,10326.76,30800.98378,327.9146961,277886,0.4679346099,0.9383615635,1440,0.4502395969,0.2886971194,1440,45.02395969,0.7072079592,3.457672239,5.764139322,0.1171560767
2018-03-01 00:00:00+00:00,10920,25092.55393,268.1725354,230428,0.5095298205,0.8195166059,1440,0.4294134224,0.2395326179,1440,42.94134224,2.082889878,3.429591711,4.925746914,0.1237617423
2018-03-02 00:00:00+00:00,11039,23910.71009,262.936307,211691,0.4974061242,0.7585876579,1440,0.4811212854,0.2888973295,1440,48.11212854,0.4122095896,2.45370006,4.574132258,0.1054382689
2018-03-03 00:00:00+00:00,11464.48,21287.15328,241.7494979,190444,0.5093533476,0.6359750462,1440,0.4301796306,0.2584645227,1440,43.01796306,1.564392197,,3.580895298,0.1042673864
2018-03-04 00:00:00+00:00,11515,17295.91865,194.8495791,168359,0.4739500549,0.6077247331,1440,0.3760719295,0.178115571,1440,37.60719295,0.225659888,,4.550819551,0.1088902288
2018-03-05 00:00:00+00:00,11454,15144.23106,174.8669514,164318,0.50638581,0.5118380229,1440,0.415339588,0.2352207385,1440,41.5339588,0.3037463202,1.966921233,4.320748541,0.1172582083
2018-03-06 00:00:00+00:00,10716.48,29515.57236,323.8422166,250306,0.456785897,0.8354256999,1440,0.4565269006,0.2674117038,1440,45.65269006,2.055206735,,4.274163253,0.123335745
2018-03-07 00:00:00+00:00,9910,50647.67108,514.8080335,396721,0.47430515,1.594978809,1440,0.6895069687,0.338977076,1440,68.95069687,1.51975863,6.132952,0,0.1092490336
2018-03-08 00:00:00+00:00,9271.64,41109.47323,394.6412806,336514,0.4927685579,1.446980953,1440,0.6424206586,0.3168298935,1440,64.24206586,1.687204885,10.3626132,7.647551455,0.1047665774
2018-03-09 00:00:00+00:00,9227,64112.29141,567.0829011,462712,0.4861223045,1.842451187,1440,0.6486757291,0.3752325471,1440,64.86757291,0.08510766421,10.21923249,8.809996444,0.1259796162
2018-03-10 00:00:00+00:00,8770.22,37180.01286,341.2102484,288066,0.4744438186,1.149310149,1440,0.5347449447,0.306961091,1440,53.47449447,1.487999767,,5.165823301,0.1161199848
2018-03-11 00:00:00+00:00,9533.57,44325.97339,403.4912609,333367,0.4771515508,1.415595983,1440,0.5777247678,0.338555266,1440,57.77247678,2.068380917,,7.094646608,0.1353653363
2018-03-12 00:00:00+00:00,9131.34,42230.77793,395.5627319,336642,0.4586630582,1.422862751,1440,0.6788039966,0.3672901817,1440,67.88039966,1.089758914,10.41411817,7.292300721,0.1204005053
2018-03-13 00:00:00+00:00,9150,40191.40936,367.3539847,342734,0.4940472943,1.439543897,1440,0.7322196389,0.3817415024,1440,73.22196389,0.05557110148,11.43287348,9.59824241,0.107310454
2018-03-14 00:00:00+00:00,8170,49708.09411,426.0580098,399127,0.4603541965,1.308344013,1440,0.4234197264,0.3025544156,1440,42.34197264,2.658909534,,5.663094645,0.1196593209
2018-03-15 00:00:00+00:00,8240.98,52291.02228,422.1307175,400529,0.5051375762,1.514584281,1440,0.6452226434,0.3527213032,1440,64.52226434,0.2049213587,,5.134323843,0.1378903508
2018-03-16 00:00:00+00:00,8260,38815.40989,322.3550022,255807,0.5165328422,1.186347316,1440,0.5779067636,0.3466317014,1440,57.79067636,0.07151490217,8.316361988,8.565840557,0.1153120104
2018-03-17 00:00:00+00:00,7824.8,33110.20633,265.9731116,292041,0.4734871539,1.071379298,1440,0.5072464217,0.3139813438,1440,50.72464217,2.035033173,8.677155511,7.155184245,0.1292882619
2018-03-18 00:00:00+00:00,8189.99,59488.23171,458.3117335,423336,0.4743208864,1.603098103,1440,0.5478957456,0.3792089152,1440,54.78957456,0.9952723558,,5.311043854,0.154672371
2018-03-19 00:00:00+00:00,8600,55297.08494,462.654339,360414,0.4930336706,1.408432799,1440,0.6047842975,0.4546708538,1440,60.47842975,1.055853632,7.309831043,7.10717088,0.1389062041
2018-03-20 00:00:00+00:00,8909.98,44865.10584,387.8793935,298261,0.5092829898,1.057632752,1440,0.376726218,0.2961325996,1440,37.6726218,0.9129073147,6.135125709,6.255152372,0.1210498262
2018-03-21 00:00:00+00:00,8885,39972.40537,358.1574734,293696,0.476515902,0.9245873498,1440,0.3981452248,0.3070399243,1440,39.81452248,0.07838829044,5.805060434,6.403415363,0.1081928176
2018-03-22 00:00:00+00:00,8722.9,40617.55681,354.8041293,276449,0.4817513695,0.9299129588,1440,0.3432862467,0.276257455,1440,34.32862467,0.5189542242,6.756272821,6.732109204,0.13039873
2018-03-23 00:00:00+00:00,8898.03,39991.00767,340.7555925,278571,0.5027827644,0.9513259334,1440,0.3822240023,0.3080369137,1440,38.22240023,0.5833551354,3.116087572,7.026582674,0.1307564138
2018-03-24 00:00:00+00:00,8546.86,35466.60957,313.2548299,270300,0.4878421788,0.9260202027,1440,0.4313481893,0.2711605104,1440,43.13481893,1.285405237,7.585143474,7.150474306,0.1295913495
2018-03-25 00:00:00+00:00,8470.15,29001.76932,247.0231723,215660,0.4958064525,0.9320398831,1440,0.5759956453,0.327082551,1440,57.59956453,0.3649757178,9.039259211,7.594704098,0.1055925615
2018-03-26 00:00:00+00:00,8134.23,44033.59566,358.4297589,310462,0.4759378971,1.051680482,1440,0.3719443146,0.2757336995,1440,37.19443146,1.129011574,5.676779969,6.13965786,0.1244269696
2018-03-27 00:00:00+00:00,7795.51,37427.64805,297.6096564,266540,0.4932819204,1.199471774,1440,0.5237954697,0.3240633942,1440,52.37954697,1.429159156,9.556994179,9.026768553,0.127499246
2018-03-28 00:00:00+00:00,7949.3,26401.33167,209.1860932,183620,0.5183608658,0.8259868204,1440,0.4447879881,0.2661093483,1440,44.47879881,0.9339027874,6.176250754,7.809461731,0.1208229888
2018-03-29 00:00:00+00:00,7090.14,54620.91512,405.5911586,359537,0.4500988585,1.430360449,1440,0.3783139803,0.2455115755,1440,37.83139803,2.820051314,6.855149006,6.056471857,0.1570160955
2018-03-30 00:00:00+00:00,6840.23,65306.03198,450.3520092,400057,0.4891491584,1.77475217,1440,0.629069979,0.4316190984,1440,62.9069979,0.7967929295,1.517330936,6.696431368,0.1317772935
2018-03-31 00:00:00+00:00,6923.91,36868.53909,258.3415345,240293,0.517678055,1.150158329,1440,0.6163294498,0.3977451133,1440,61.63294498,0.4706669482,9.940420915,8.870058142,0.1192406049
2018-04-01 00:00:00+00:00,6813.01,44071.43046,297.4704988,260942,0.4969046938,1.205162493,1440,0.4781043305,0.4186878487,1440,47.81043305,0.5427973347,8.335543375,6.786199216,0.1272076398
2018-04-02 00:00:00+00:00,7056,32123.56007,224.3221594,206780,0.5094604569,0.9482412794,1440,0.5172240974,0.3691082371,1440,51.72240974,1.562230821,7.049196501,8.069323746,0.1369547328
2018-04-03 00:00:00+00:00,7405.21,37787.33181,277.0800728,248143,0.5086056507,0.8261571098,1440,0.3882783388,0.3779993438,1440,38.82783388,1.743376467,6.510459718,5.896270532,0.1105433184
2018-04-04 00:00:00+00:00,6796.1,42227.1838,297.4435827,277249,0.4807188255,0.9927974977,1440,0.4440776413,0.3833472933,1440,44.40776413,2.885753577,3.921739315,5.869079353,0.1282367653
2018-04-05 00:00:00+00:00,6770.76,39029.73146,263.4469411,238476,0.4865804094,1.153942114,1440,0.4921304144,0.3398590002,1440,49.21304144,0.1417962049,5.943978767,7.380132764,0.1443946051
2018-04-06 00:00:00+00:00,6601.39,27455.01192,182.1397998,162456,0.5018414671,0.8656779814,1440,0.4425897453,0.3476765193,1440,44.25897453,1.39086063,7.891868597,7.915700559,0.1329220961
2018-04-07 00:00:00+00:00,6895.8,32269.57827,222.3238635,178577,0.5101007546,0.7863512308,1440,0.4010319402,0.3621878189,1440,40.10319402,1.962555751,4.683557951,5.760543475,0.1306294436
2018-04-08 00:00:00+00:00,7018,21427.67317,149.9673467,152461,0.5232306774,0.6080233173,1440,0.3413386302,0.2112499889,1440,34.13386302,1.171304749,5.32678999,6.117439972,0.1111675569
2018-04-09 00:00:00+00:00,6782.72,34078.29721,234.3099538,212669,0.5002136255,0.8835322778,1440,0.4067177681,0.368080553,1440,40.67177681,1.455340466,2.195093895,5.695819488,0.1348500664
2018-04-10 00:00:00+00:00,6843.9,22326.72809,151.4178443,147755,0.5131270416,0.6498149103,1440,0.3667360743,0.2450198992,1440,36.67360743,0.5930307082,6.587827704,6.501825784,0.1121355368
2018-04-11 00:00:00+00:00,6953.79,23997.87118,165.2640034,155607,0.5221571038,0.4945074343,1440,0.2594204431,0.1919908593,1440,25.94204431,0.9638572084,5.163103245,5.717150385,0.09433238194
2018-04-12 00:00:00+00:00,7923,64861.59599,485.1762525,404588,0.5118416727,1.484073842,1440,0.4719208128,0.308927055,1440,47.19208128,2.689395588,,0,0.1208835604
2018-04-13 00:00:00+00:00,7877.41,55044.52315,439.8845227,351905,0.4993245735,1.05883613,1440,0.3459194097,0.3501724903,1440,34.59194097,0.1311878924,6.642231015,5.925082542,0.1382939021
2018-04-14 00:00:00+00:00,7999.01,31621.28636,252.8687613,194500,0.5149526765,0.8386049712,1440,0.4459043368,0.4192374739,1440,44.59043368,0.6057930724,4.552588574,4.94397432,0.1299325983
2018-04-15 00:00:00+00:00,8355,27946.72044,230.2870996,181778,0.5231191306,0.6706570908,1440,0.420222097,0.4268077765,1440,42.0222097,1.890786679,,4.049244592,0.1198270413
2018-04-16 00:00:00+00:00,8064.92,36664.06971,295.8175365,226748,0.4885692885,0.7729243299,1440,0.3656535193,0.371671583,1440,36.56535193,1.194532628,6.620008712,5.491727301,0.1181166845
2018-04-17 00:00:00+00:00,7885.02,32152.60357,258.2217656,221228,0.4871392448,0.6614183073,1440,0.3499381796,0.3250074535,1440,34.99381796,0.8736302767,3.590199193,4.948336299,0.1151866347
2018-04-18 00:00:00+00:00,8173,26969.04457,217.6491601,183472,0.5398467955,0.6899261985,1440,0.4394713509,0.4220468121,1440,43.94713509,1.648124056,,4.1952623,0.1257985435
2018-04-19 00:00:00+00:00,8278,27113.84746,222.6751058,196821,0.5070322811,0.5916982385,1440,0.3347312864,0.2810024234,1440,33.47312864,0.5732726497,6.409051623,6.030306167,0.1268736286
2018-04-20 00:00:00+00:00,8856.98,39795.33749,337.2885804,289687,0.5299089041,0.7157229963,1440,0.324140154,0.3840056711,1440,32.4140154,2.004350557,2.162364295,4.942031343,0.11849684
2018-04-21 00:00:00+00:00,8915.31,40872.22991,358.9159781,295374,0.5173645392,0.7243377745,1440,0.3744669893,0.3424728504,1440,37.44669893,0.1828889,,4.48842436,0.1144263821
2018-04-22 00:00:00+00:00,8787.02,29458.25348,261.8043729,229871,0.5070870588,0.6656240162,1440,0.3468830578,0.2956851454,1440,34.68830578,0.5536344104,,3.574382111,0.1071701974
2018-04-23 00:00:00+00:00,8934.01,25838.11471,229.7546406,190944,0.5126769197,0.4771376717,1440,0.2374454202,0.2006457204,1440,23.74454202,0.7220620051,3.791639967,4.78593954,0.1343818264
2018-04-24 00:00:00+00:00,9619.99,46268.79011,431.2100481,326608,0.5356680039,0.751609045,1440,0.2980945504,0.3391113045,1440,29.80945504,1.715588105,4.487055366,3.815882748,0.1473134409
2018-04-25 00:00:00+00:00,8869.99,81110.03759,745.137763,477363,0.4786585601,1.35125982,1440,0.3631110153,0.3620883717,1440,36.31110153,1.089322811,7.062763341,4.872273636,0.1295974295
2018-04-26 00:00:00+00:00,9266,43300.30424,385.0466481,285850,0.5228755209,0.9216878185,1440,0.4151234352,0.334645098,1440,41.51234352,1.13435913,3.696144379,5.480718054,0.1123805111
2018-04-27 00:00:00+00:00,8915.35,37241.34704,342.8056746,268471,0.4972323976,0.6762185777,1440,0.2634535717,0.2595717611,1440,26.34535717,1.125339504,3.368959409,3.674518467,0.1232653621
2018-04-28 00:00:00+00:00,9348,34759.62842,321.6538662,257288,0.5250813165,0.7273791324,1440,0.2813630826,0.2445130123,1440,28.13630826,1.473257792,2.489187506,4.994508716,0.1395635218
2018-04-29 00:00:00+00:00,9419,38149.85004,357.004896,311494,0.5076021312,0.6424315804,1440,0.2540036077,0.2368757501,1440,25.40036077,0.2119441288,0.7691499777,3.886990117,0.15677115
2018-04-30 00:00:00+00:00,9246.01,35002.03388,325.0193892,285951,0.4988621259,0.6176556403,1440,0.2494321256,0.2064376648,1440,24.94321256,0.5703296277,1.265685026,4.478385593,0.1091075833
2018-05-01 00:00:00+00:00,9071.48,41018.46363,368.6883496,268741,0.4888083577,0.7299064067,1440,0.253071317,0.226795678,1440,25.3071317,0.5168777645,1.970952079,5.037019423,0.1264340232
2018-05-02 00:00:00+00:00,9247.84,26123.54396,238.4218338,188258,0.5344012875,0.5003632776,1440,0.2277453463,0.1881231849,1440,22.77453463,0.8075847887,4.849479988,5.04880485,0.1285320344
2018-05-03 00:00:00+00:00,9750,38768.38829,366.0283652,282581,0.5440809194,0.6356523376,1440,0.2458153494,0.2374103232,1440,24.58153494,1.44462231,,4.443265412,0.1431176399
2018-05-04 00:00:00+00:00,9713.99,28681.58888,277.5659976,210165,0.5152957047,0.6821035279,1440,0.2925128892,0.1657025653,1440,29.25128892,0.133307774,4.205854286,4.442204416,0.129859413
2018-05-05 00:00:00+00:00,9864,24990.01835,246.8075635,212076,0.5206816623,0.5526996342,1440,0.2101985749,0.1636727562,1440,21.01985749,0.6209149818,,3.918062794,0.1344321184
2018-05-06 00:00:00+00:00,9659.01,27690.35156,267.3594203,229309,0.4802216733,0.621256735,1440,0.2317901366,0.149482584,1440,23.17901366,0.7854822298,,3.463096732,0.1385344045
2018-05-07 00:00:00+00:00,9365,33787.64001,316.0159614,230754,0.4681608066,0.7149631336,1440,0.2466478406,0.2108369428,1440,24.66478406,0.9781728259,1.964379633,4.500120145,0.1399131327
2018-05-08 00:00:00+00:00,9187.56,25533.83189,236.4181557,189159,0.5125179614,0.6049506212,1440,0.3268981614,0.2338277109,1440,32.68981614,0.8091147108,,3.711971439,0.132240197
2018-05-09 00:00:00+00:00,9310,25673.5249,235.7367823,192337,0.5296221774,0.5444474761,1440,0.2673864439,0.16620929,1440,26.73864439,0.5615880573,,3.739606433,0.1243752085
2018-05-10 00:00:00+00:00,9002.2,25055.06372,231.5950026,221075,0.5008224406,0.5743478827,1440,0.306113218,0.2139409003,1440,30.6113218,1.451676375,3.766508802,4.276117786,0.1118378939
2018-05-11 00:00:00+00:00,8400,48227.04806,418.8598065,365538,0.4720889953,0.8598635703,1440,0.2686644841,0.2247040943,1440,26.86644841,1.652994271,,2.86823233,0.1343609206
2018-05-12 00:00:00+00:00,8465.94,40241.32081,337.8998659,310305,0.4857190023,0.9672486019,1440,0.3105889517,0.1765661774,1440,31.05889517,0.2314102443,,3.459378997,0.1477348796
2018-05-13 00:00:00+00:00,8679.71,25632.86936,219.4556831,215590,0.4992436754,0.7571869878,1440,0.4206117832,0.2677841335,1440,42.06117832,1.136314299,1.509969197,5.036579674,0.1492943333
2018-05-14 00:00:00+00:00,8663.34,37389.66653,320.5836122,292731,0.4923300299,0.9725698081,1440,0.372883166,0.228145474,1440,37.2883166,0.05888599392,4.709285104,5.381366803,0.1327602023
2018-05-15 00:00:00+00:00,8462,28126.95614,242.3410311,360379,0.496943131,0.839419522,1440,0.3887177767,0.240504773,1440,38.87177767,0.9703176186,8.825610067,6.191593789,0.1113572397
2018-05-16 00:00:00+00:00,8330,31130.71891,257.0565524,300842,0.5019833115,0.9215538292,1440,0.4237861358,0.2923037591,1440,42.37861358,0.6116201268,3.389459951,5.07177833,0.1389815209
2018-05-17 00:00:00+00:00,8041.46,25439.8448,209.4890393,310780,0.4909332033,0.6904318786,1440,0.3327850552,0.2712505435,1440,33.27850552,1.682799136,7.48850922,6.239775317,0.1512825092
2018-05-18 00:00:00+00:00,8239.81,23476.15825,189.8703809,183913,0.5261918312,0.7027661317,1440,0.3799685512,0.2467096821,1440,37.99685512,1.28332953,6.795235172,6.348297653,0.1593043026
2018-05-19 00:00:00+00:00,8233.49,17193.42428,141.8787754,134185,0.5078655892,0.5169006189,1440,0.2761868289,0.1873144673,1440,27.61868289,0.05408154081,4.749746481,4.892575552,0.125776794
2018-05-20 00:00:00+00:00,8526.98,19957.05711,167.4405537,161265,0.5327664744,0.4955682956,1440,0.2987976242,0.1975979078,1440,29.87976242,2.091803351,2.498859918,4.467454733,0.1350393375
2018-05-21 00:00:00+00:00,8381.24,21516.59649,181.7506748,184158,0.4990885248,0.4654822015,1440,0.2137540018,0.1841483695,1440,21.37540018,0.9485180386,3.440726516,4.059957169,0.1169494785
2018-05-22 00:00:00+00:00,7977.11,23710.90286,194.3354324,192154,0.4977257571,0.5302667682,1440,0.2433787615,0.2684684012,1440,24.33787615,2.543009466,4.234905177,5.007831376,0.1516093116
2018-05-23 00:00:00+00:00,7501.95,42910.66677,331.2380496,306812,0.4868460652,0.8906535394,1440,0.2531690334,0.2159592865,1440,25.31690334,1.854050397,6.625318864,5.718989909,0.1676757083
2018-05-24 00:00:00+00:00,7575.01,37845.4466,284.2863785,253694,0.5023849092,0.9347500158,1440,0.2689206387,0.1914271331,1440,26.89206387,0.3409127384,,3.339224322,0.164295928
2018-05-25 00:00:00+00:00,7457,26739.95664,199.749586,239025,0.5172360756,0.7791919292,1440,0.3043653199,0.1766483098,1440,30.43653199,0.7860583484,6.576944219,6.17639556,0.1471647546
2018-05-26 00:00:00+00:00,7333.96,19464.08607,145.6362265,212344,0.5331848413,0.5572842573,1440,0.3450388738,0.3248148115,1440,34.50388738,1.142406212,0.7373862818,4.561312839,0.1419330306
2018-05-27 00:00:00+00:00,7338.99,18706.94551,136.7106185,198341,0.5483672866,0.5462146631,1440,0.3719371959,0.2581434021,1440,37.19371959,0.05015085159,3.825194816,5.408796522,0.1440725143
2018-05-28 00:00:00+00:00,7099,27219.43896,196.7889943,233392,0.5293822488,0.6056220485,1440,0.2774834228,0.2382344788,1440,27.74834228,1.689489905,2.609541332,5.273053674,0.15752221
2018-05-29 00:00:00+00:00,7461.29,39407.21183,288.0706439,237359,0.5546175254,0.7067251789,1440,0.2399892048,0.1977149591,1440,23.99892048,1.727853688,,4.345959405,0.1748211045
2018-05-30 00:00:00+00:00,7375.96,32041.58362,237.956894,242079,0.5369880939,0.5734938046,1440,0.22108441,0.1667692104,1440,22.108441,0.4833757105,4.715556198,5.050516927,0.1489370713
2018-05-31 00:00:00+00:00,7485.01,30776.0631,231.0175798,274399,0.5526702091,0.5317016985,1440,0.233600728,0.2339932453,1440,23.3600728,0.6352889092,3.096678548,4.558320257,0.171889533
2018-06-01 00:00:00+00:00,7521.01,28259.12408,211.4585121,303069,0.5556154319,0.5339959155,1440,0.2307841598,0.1838946868,1440,23.07841598,0.2269042532,,3.742015436,0.1689388349
2018-06-02 00:00:00+00:00,7640.03,26720.69022,203.3704477,290131,0.5815737167,0.5067349412,1440,0.269119688,0.20224066,1440,26.9119688,0.7720439521,3.27178093,4.924315588,0.1701493045
2018-06-03 00:00:00+00:00,7714.26,27505.15895,211.7373769,349636,0.5730165274,0.4094670586,1440,0.1651411756,0.144038595,1440,16.51411756,0.456652219,3.167339821,4.340507566,0.1834380206
2018-06-04 00:00:00+00:00,7487,32258.83512,244.1670512,307003,0.5496272806,0.457882787,1440,0.1573809192,0.1642458064,1440,15.73809192,1.224668962,3.785014599,4.637977192,0.1922684544
2018-06-05 00:00:00+00:00,7625,31722.97338,237.7221477,236865,0.5458406496,0.5599449326,1440,0.1712407587,0.1382103922,1440,17.12407587,0.7682977554,4.670621723,4.756396335,0.1771750156
2018-06-06 00:00:00+00:00,7658.84,27229.9919,207.0066578,257573,0.5534921907,0.4832241851,1440,0.2269403723,0.1883009247,1440,22.69403723,0.2139164898,,3.943036569,0.171563706
2018-06-07 00:00:00+00:00,7691.08,25062.2272,192.9490568,244186,0.5751905082,0.4125687972,1440,0.09810260899,0.04666670103,1440,9.810260899,0.2177092547,4.718426035,4.47139334,0.1614985383
2018-06-08 00:00:00+00:00,7603.44,23396.80467,178.2041584,321734,0.557296542,0.3846430443,1440,0.04175526218,0.008369878812,1440,4.175526218,0.6431072893,4.179240977,4.412760121,0.1802628406
2018-06-09 00:00:00+00:00,7491.73,19339.88518,147.1711534,278971,0.5508544661,0.3424856223,1440,0.04247549789,0.006935441822,1440,4.247549789,1.005701908,,4.094193463,0.1533240013
2018-06-10 00:00:00+00:00,6764.99,52342.02003,367.3387546,471088,0.496279025,0.8929413074,1440,0.2205487562,0.173881363,1440,22.05487562,2.777789188,,0.5006297342,0.1825739734
2018-06-11 00:00:00+00:00,6872,34552.1623,233.0566829,203442,0.5416930753,0.7078974503,1440,0.2313854395,0.1507845478,1440,23.13854395,0.6734156285,5.578877,5.963722414,0.1475261021
2018-06-12 00:00:00+00:00,6530,36722.21119,245.7878008,224658,0.5255602776,0.7099695533,1440,0.2759313659,0.1985496283,1440,27.59313659,2.076923315,3.926425868,5.212385198,0.1701693208
2018-06-13 00:00:00+00:00,6292.78,46185.5181,295.3956817,266517,0.549246699,0.9644751058,1440,0.2478936324,0.1730233894,1440,24.78936324,1.252692613,4.015026775,4.330068874,0.1778660141
2018-06-14 00:00:00+00:00,6635.98,44478.13084,289.0748088,256384,0.5359536949,0.8331802583,1440,0.2755395923,0.1859779706,1440,27.55395923,1.837012856,5.125366819,4.546726739,0.1622762723
2018-06-15 00:00:00+00:00,6388.9,30018.3299,196.1920961,184938,0.5394188317,0.6504645316,1440,0.2522516522,0.1780032873,1440,25.22516522,1.93403555,3.386943815,4.363306278,0.1473897465
2018-06-16 00:00:00+00:00,6483.98,22277.24115,143.7600337,140470,0.5723615281,0.5915574446,1440,0.1516816819,0.0618254369,1440,15.16816819,1.027574172,3.141591953,4.946652029,0.1557385483
2018-06-17 00:00:00+00:00,6449.61,19847.24769,129.1207188,129759,0.5647461607,0.4435939916,1440,0.1253926462,0.04013213367,1440,12.53926462,0.4116191066,5.948386615,5.54882925,0.1947063305
2018-06-18 00:00:00+00:00,6712.46,31821.43499,208.570444,180773,0.5554304102,0.6191502423,1440,0.1228435773,0.05636387475,1440,12.28435773,1.915220401,,3.039655804,0.1830108635
2018-06-19 00:00:00+00:00,6741.21,24311.42114,163.4200938,160490,0.5285474915,0.4467642517,1440,0.1476722726,0.07925488059,1440,14.76722726,0.2615304611,5.504459773,5.393909059,0.1564955259
2018-06-20 00:00:00+00:00,6761.51,26359.75245,175.9353357,166074,0.5177565137,0.5068087986,1440,0.1713372929,0.1093289386,1440,17.13372929,0.1709039203,5.023601895,4.931325127,0.1580850641
2018-06-21 00:00:00+00:00,6718.84,25428.85405,171.1498592,159783,0.5958780622,0.3959358926,1440,0.1272643003,0.07491703869,1440,12.72643003,0.369893223,4.909224168,4.831239694,0.161050239
2018-06-22 00:00:00+00:00,6045,52157.37083,327.4606669,300515,0.4857744943,0.9767918654,1440,0.3069742273,0.3086854635,1440,30.69742273,3.227381093,,3.58156416,0.1695988064
2018-06-23 00:00:00+00:00,6149.98,26622.78859,162.7557658,170164,0.5675867255,0.6315837705,1440,0.2858018873,0.146758276,1440,28.58018873,1.057863949,5.484841213,5.62423571,0.1637128688
2018-06-24 00:00:00+00:00,6136.97,47445.99896,284.0953361,275996,0.5472836028,0.9548941432,1440,0.2059306897,0.1131693937,1440,20.59306897,0.07454169424,,2.358100506,0.168552967
2018-06-25 00:00:00+00:00,6252,39164.51531,242.8599158,218384,0.5613769815,0.6775502613,1440,0.225116119,0.1668798204,1440,22.5116119,0.7646497564,5.901282889,5.196343799,0.1832468232
2018-06-26 00:00:00+00:00,6070.78,19377.24048,119.6765556,113431,0.507020574,0.5639988976,840,,,839,,,,,
2018-06-27 00:00:00+00:00,6133.73,19225.6711,117.1030118,99481,0.5399558789,0.5589642514,1335,0.3214545875,0.2140492649,1334,32.14545875,0.8809295312,6.612352971,4.704584302,0.1300736622
2018-06-28 00:00:00+00:00,5853.98,30585.26603,185.2470109,156241,0.5369375615,0.5901859713,1440,0.2491256353,0.203977591,1440,24.91256353,2.519947596,2.65451216,4.515106109,0.1484812084
2018-06-29 00:00:00+00:00,6197.92,33911.28728,201.4093639,212542,0.5522406736,0.7722095562,1440,0.30487138,0.2074022115,1440,30.487138,2.834623921,,0,0.1375647932
2018-06-30 00:00:00+00:00,6390.07,37919.61284,241.568568,230915,0.5283816006,0.610643466,1440,0.2339314416,0.1824842849,1440,23.39314416,1.263884259,,0,0.1341111398
2018-07-01 00:00:00+00:00,6356.81,27562.96597,175.0965015,183060,0.5652524428,0.468063888,1440,0.2237241382,0.2138822163,1440,22.37241382,0.2980381507,2.305707625,3.072689576,0.1374596537
2018-07-02 00:00:00+00:00,6615.29,36230.45226,235.5243306,242589,0.5235074287,0.6142532957,1440,0.2336367028,0.1644040844,1440,23.36367028,1.692264959,,3.407399574,0.1361305624
2018-07-03 00:00:00+00:00,6513.86,38657.78169,254.5504381,232914,0.5303880487,0.4767218765,1440,0.1493576501,0.1497725293,1440,14.93576501,0.6070082623,4.746185264,3.783858868,0.1361818449
2018-07-04 00:00:00+00:00,6586.98,23571.89278,156.2778843,146203,0.5194352029,0.5662481244,983,,,982,,,,,
2018-07-05 00:00:00+00:00,6529.2,35071.9729,230.8091903,216533,0.5478671177,0.6774200748,1440,0.2277865074,0.1434665942,1440,22.77865074,0.3817243612,7.225586971,4.954727616,0.1408599503
2018-07-06 00:00:00+00:00,6609.78,29397.09475,192.2309037,193854,0.5542365767,0.4803544507,1440,0.1826400701,0.115191047,1440,18.26400701,0.6380839851,4.083094631,3.444233526,0.1364540267
2018-07-07 00:00:00+00:00,6756.98,23973.87689,158.0341552,145449,0.5378697672,0.5207238558,1440,0.3065741573,0.2338391747,1440,30.65741573,1.393728732,,1.056436769,0.1379013539
2018-07-08 00:00:00+00:00,6712.1,24622.94779,165.9413518,145349,0.5339179026,0.3551319647,1440,0.1587279283,0.1353047038,1440,15.87279283,0.4015983272,5.266315109,3.910533862,0.1481343742
2018-07-09 00:00:00+00:00,6662.12,26732.40655,179.2505737,147315,0.5380785845,0.4401767036,1440,0.1702916298,0.181964757,1440,17.02916298,0.4169646641,3.051987859,3.385958881,0.1294630687
2018-07-10 00:00:00+00:00,6296.91,38560.6727,249.0997602,189913,0.4995020706,0.5574759514,1440,0.1891312451,0.2565818742,1440,18.91312451,2.26329866,4.716700343,4.789417689,0.1605526253
2018-07-11 00:00:00+00:00,6378.07,28715.49849,182.357469,151869,0.5456255415,0.4596001135,1440,0.1877874882,0.1637241909,1440,18.77874882,0.7022748747,4.260984871,4.288126275,0.1564433672
2018-07-12 00:00:00+00:00,6250.57,31306.66335,194.3257338,150985,0.5132379146,0.5792493809,1440,0.1964563095,0.1692238167,1440,19.64563095,1.039125584,1.709121065,2.386898609,0.1529730051
2018-07-13 00:00:00+00:00,6214.57,26375.32529,164.4679998,144757,0.5001324864,0.4676385152,1440,0.089373975,0.04606668567,1440,8.9373975,0.3512005057,5.455543574,4.793543415,0.1495888634
2018-07-14 00:00:00+00:00,6251.99,17783.072,110.9594882,108052,0.5529591867,0.417440715,1440,0.1923977007,0.1218447796,1440,19.23977007,0.5410333127,2.872906686,3.001255074,0.1249531481
2018-07-15 00:00:00+00:00,6353.01,22979.21151,145.4098227,114997,0.5914145562,0.3609626787,1440,0.09448518782,0.04262766871,1440,9.448518782,1.102326031,4.339499779,4.233933565,0.1622637984
2018-07-16 00:00:00+00:00,6723.35,36204.87708,237.1041125,201733,0.556544765,0.4817820765,1440,0.1800615539,0.174256516,1440,18.00615539,2.389575841,4.538331632,3.284691273,0.1649048857
2018-07-17 00:00:00+00:00,7317.44,52105.42346,364.669305,276178,0.5383147225,0.8156712052,1440,0.1583367005,0.09424330067,1440,15.83367005,2.321939265,,0,0.1439137803
2018-07-18 00:00:00+00:00,7381.9,59487.64345,440.6699132,327949,0.524417854,0.7457183659,1440,0.219795174,0.185664624,1440,21.9795174,0.1990269306,5.183575156,3.291359411,0.1286552731
2018-07-19 00:00:00+00:00,7466.21,41218.25644,305.1982811,235597,0.5503133413,0.584885709,1440,0.1757295073,0.1246690916,1440,17.57295073,0.372100705,4.597654799,4.335065086,0.1233808517
2018-07-20 00:00:00+00:00,7337.53,46140.31345,342.8626931,251391,0.5202952219,0.7226266259,1440,0.2017156207,0.2362999114,1440,20.17156207,0.507061113,,0,0.149788277
2018-07-21 00:00:00+00:00,7398.78,28886.49029,212.1264172,164901,0.5686873828,0.4409964322,1440,0.1524960264,0.1187017088,1440,15.24960264,0.3918817906,1.78261151,3.244547058,0.1767803026
2018-07-22 00:00:00+00:00,7394.79,30270.21844,225.6192348,144711,0.5644742315,0.5633951152,1440,0.2408681317,0.2261815695,1440,24.08681317,0.02390858033,,2.168071426,0.1925467822
2018-07-23 00:00:00+00:00,7721.01,41646.34667,320.1565466,219776,0.5464212769,0.6733035955,1440,0.2922283526,0.276960201,1440,29.22283526,1.348386805,4.688912493,1.976049463,0.1622041619
2018-07-24 00:00:00+00:00,8397.24,60121.16375,487.1172117,326329,0.5485673641,0.7376714045,1440,0.2351653699,0.2583023293,1440,23.51653699,1.723566606,,0,0.1435166199
2018-07-25 00:00:00+00:00,8175.64,48257.64912,398.1197578,277935,0.5273320808,0.6068737504,1440,0.2235882405,0.2057610681,1440,22.35882405,0.6717596584,,0,0.132471356
2018-07-26 00:00:00+00:00,7920,43223.48168,352.1012077,235681,0.5174732373,0.6158269007,1440,0.2099358104,0.2226885872,1440,20.99358104,0.902234774,,0,0.1391957721
2018-07-27 00:00:00+00:00,8188.57,43671.00589,350.8816968,227397,0.5305335851,0.6160546575,1440,0.2455219192,0.2539505465,1440,24.55219192,0.950407899,,0,0.1451877276
2018-07-28 00:00:00+00:00,8225.04,26215.17384,214.357817,144170,0.5331533857,0.4024698243,1440,0.1494268822,0.1146223576,1440,14.94268822,0.2073113301,2.030903895,3.364548385,0.1230288418
2018-07-29 00:00:00+00:00,8211,25531.22618,209.5640231,144331,0.5572273343,0.3872029352,1440,0.1667880001,0.1390094939,1440,16.67880001,0.08152358931,3.402529209,3.327848432,0.1291245406
2018-07-30 00:00:00+00:00,8173.92,39692.41654,321.5997822,206911,0.5209080694,0.641435468,1440,0.178415413,0.2345093587,1440,17.8415413,0.1407376812,4.639724325,2.998730173,0.165890383
2018-07-31 00:00:00+00:00,7730.93,48296.91559,379.8413672,239132,0.5025825065,0.7112456299,1440,0.1806429799,0.2285160793,1440,18.06429799,1.466913215,4.024947598,1.969061558,0.1382157127
2018-08-01 00:00:00+00:00,7604.58,42582.31293,322.2520704,208008,0.5203988251,0.64729868,1440,0.1836374101,0.1732354362,1440,18.36374101,0.511353378,3.800849522,2.205180426,0.1230021029
2018-08-02 00:00:00+00:00,7525.71,37665.69668,285.6566807,175627,0.5632933941,0.5162768317,1440,0.1384569573,0.09720419191,1440,13.84569573,0.3649674495,5.611863643,4.198239118,0.1432606478
2018-08-03 00:00:00+00:00,7418.78,44669.48605,330.5998377,226727,0.5237813081,0.5524737144,1440,0.1766199142,0.19410079,1440,17.66199142,0.432865765,,2.697269336,0.1420082435
2018-08-04 00:00:00+00:00,7009.84,36288.42601,262.2829655,199335,0.4897031123,0.589909255,1440,0.1796717026,0.2333598481,1440,17.96717026,2.161777713,,0,0.1283521627
2018-08-05 00:00:00+00:00,7024.19,32894.84978,229.9926275,148658,0.557411159,0.6064402979,1440,0.1768996836,0.1249115303,1440,17.68996836,0.08891719066,,2.865331848,0.1566843056
2018-08-06 00:00:00+00:00,6934.82,32760.19164,229.0717811,177378,0.5337621882,0.5274930809,1440,0.1684815507,0.1619066394,1440,16.84815507,0.5589867022,,2.888904905,0.1436163185
2018-08-07 00:00:00+00:00,6720.06,45438.4735,316.3658821,247202,0.5284661876,0.6617508337,1440,0.2284395413,0.2824065649,1440,22.84395413,0.9943554866,,0,0.1441920958
2018-08-08 00:00:00+00:00,6285,59550.53632,382.4607765,305603,0.5072076061,1.002584593,1440,0.3213321823,0.3438517126,1440,32.13321823,1.750015822,4.711255674,4.697856397,0.1332253709
2018-08-09 00:00:00+00:00,6529.79,51941.18511,332.8809009,248573,0.5446708392,0.7312203583,1440,0.2448567689,0.2813214567,1440,24.48567689,1.147826185,,0,0.1399883654
2018-08-10 00:00:00+00:00,6144.01,59034.9749,374.6993809,289661,0.5256973941,0.9127078231,1440,0.2525527495,0.2945194356,1440,25.25527495,1.625227133,,0,0.1394703669
2018-08-11 00:00:00+00:00,6232.35,47133.41856,291.0562671,236173,0.5534071626,0.9081707521,1440,0.2586448453,0.2520298474,1440,25.86448453,0.490484037,,0,0.1545188564
2018-08-12 00:00:00+00:00,6308.33,38567.77071,243.2272989,190399,0.5433227518,0.887654122,1440,0.3382021814,0.2925206514,1440,33.82021814,0.4981971009,4.538357993,3.244714003,0.1494850447
2018-08-13 00:00:00+00:00,6246.35,53895.82878,341.552293,239602,0.5476727408,0.6504769257,1440,0.1630509575,0.1523223417,1440,16.30509575,0.2890827935,5.952453741,3.389442006,0.161671627
2018-08-14 00:00:00+00:00,6188.08,50186.74509,303.1795564,252004,0.5087130766,0.8856280603,1440,0.2400231847,0.2949578314,1440,24.00231847,0.3091380036,,0,0.1478491632
2018-08-15 00:00:00+00:00,6267.16,68806.68703,439.1090054,329413,0.5398318648,0.9447919073,1440,0.2237131602,0.2418680213,1440,22.37131602,0.2891865218,,0,0.1377319065
2018-08-16 00:00:00+00:00,6311.75,48515.25462,307.7556052,228942,0.5363993081,0.749635245,1440,0.2009093681,0.1879081219,1440,20.09093681,0.2303670208,3.493844033,4.031627554,0.1478202501
2018-08-17 00:00:00+00:00,6584.49,57851.6108,374.4724317,296730,0.5601898392,0.7599394976,1440,0.1870435273,0.1436138792,1440,18.70435273,1.129693516,5.280685461,3.612308659,0.1489851234
2018-08-18 00:00:00+00:00,6387.96,53742.32217,345.9640044,276121,0.5483538726,0.6276542158,1440,0.1308791228,0.1180594308,1440,13.08791228,0.8758690059,4.072737963,3.059952916,0.1682678548
2018-08-19 00:00:00+00:00,6477.53,45190.84799,289.2719546,190758,0.5613661703,0.5342923142,1440,0.08495567608,0.05850776182,1440,8.495567608,0.4813565936,4.117048882,3.297960067,0.1623118588
2018-08-20 00:00:00+00:00,6254.84,49435.55526,317.6179457,237055,0.5354044665,0.6013648473,1440,0.1363091574,0.1687319149,1440,13.63091574,1.101439678,3.738687007,3.787711445,0.1541904035
2018-08-21 00:00:00+00:00,6480,41569.94741,265.4583428,180578,0.5585723683,0.5169707225,1440,0.1181970199,0.1037817119,1440,11.81970199,1.332222071,4.790089361,3.920036417,0.1660766371
2018-08-22 00:00:00+00:00,6360.89,77909.39136,512.5011822,326562,0.5189490162,0.9218800668,1440,0.232679078,0.3619277733,1440,23.2679078,0.3619934224,,0,0.1553677418
2018-08-23 00:00:00+00:00,6525.01,40358.16683,259.7863846,187637,0.548454129,0.5372612435,1440,0.1908438588,0.276741222,1440,19.08438588,0.9805818403,6.519868339,4.006207533,0.1459489434
2018-08-24 00:00:00+00:00,6681.64,38305.67532,251.5130645,180167,0.5555556884,0.499613159,1440,0.1546331568,0.2185660444,1440,15.46331568,0.943131152,4.551006633,3.223543179,0.1412912416
2018-08-25 00:00:00+00:00,6733.64,19220.50593,129.0837025,122483,0.5114251165,0.4309615153,1440,0.2148042286,0.1949901666,1440,21.48042286,0.6005710023,3.425421963,2.803058382,0.1575739652
2018-08-26 00:00:00+00:00,6700,20107.29721,134.1179304,130769,0.4922218175,0.4346808907,1440,0.2225730256,0.2214619789,1440,22.25730256,0.3734275383,2.703448787,2.805124347,0.1381137972
2018-08-27 00:00:00+00:00,6908.64,37747.07875,254.2147303,205441,0.5684705295,0.4460332363,1440,0.1593083283,0.2644811053,1440,15.93083283,1.206274545,2.176405488,2.032514928,0.1368499032
2018-08-28 00:00:00+00:00,7076.11,48352.91716,338.2202843,252033,0.547962595,0.4571343329,1440,0.1446522324,0.2027018938,1440,14.46522324,0.7081633064,4.396643147,2.652262207,0.157334177
2018-08-29 00:00:00+00:00,7031.22,43252.48739,304.5654385,223772,0.5483199737,0.4413268583,1440,0.1449144172,0.1810993542,1440,14.49144172,0.2089563736,,0.8277447743,0.1436002371
2018-08-30 00:00:00+00:00,6984.84,44716.77462,309.3572266,230848,0.5468427003,0.477436463,1440,0.1440008336,0.1913668449,1440,14.40008336,0.2139321775,3.839535896,2.992025551,0.1658634957
2018-08-31 00:00:00+00:00,7011.21,40467.40064,282.7227301,203142,0.5354535223,0.4186671678,1440,0.1415483647,0.1563583026,1440,14.15483647,0.1332828983,2.77536703,2.813390647,0.1397132527
2018-09-01 00:00:00+00:00,7200.01,40323.41409,287.2993478,217286,0.5592958,0.4076273563,1440,0.1377309679,0.2063981932,1440,13.77309679,0.9248930918,,0,0.146094594
2018-09-02 00:00:00+00:00,7302.01,39814.84035,288.5260187,210282,0.5631699244,0.4514190867,1440,0.1599076621,0.1819191222,1440,15.99076621,0.4875552601,,1.976582766,0.1578025335
2018-09-03 00:00:00+00:00,7263.02,32396.01837,235.3936014,173846,0.5221283799,0.3582062671,1440,0.132098057,0.1557965482,1440,13.2098057,0.2274459622,2.212757456,2.209071431,0.1456192588
2018-09-04 00:00:00+00:00,7359.06,35300.64052,258.9784113,183178,0.5660854109,0.3038336447,1440,0.087555322,0.09002412054,1440,8.7555322,0.5072425468,2.105895591,2.490205979,0.151408082
2018-09-05 00:00:00+00:00,6700,63715.25627,449.4634891,308813,0.4948827152,0.7427589116,1440,0.2242895219,0.4184578449,1440,22.42895219,2.087481699,,0,0.1751520991
2018-09-06 00:00:00+00:00,6516.01,60644.46423,390.3919322,280845,0.5331492321,0.9525713785,1440,0.3060449554,0.3559184348,1440,30.60449554,0.7132652772,8.738567253,5.07329735,0.1510673217
2018-09-07 00:00:00+00:00,6395.54,38906.28805,250.7161299,194451,0.5516598125,0.5498683517,1440,0.1959992623,0.1489601527,1440,19.59992623,0.7443219945,1.320196922,3.555701174,0.1476450296
2018-09-08 00:00:00+00:00,6185.05,38215.03217,241.7113454,180831,0.5132818966,0.6455450825,1440,0.2284159528,0.4072850328,1440,22.84159528,1.384535033,,0,0.1553075426
2018-09-09 00:00:00+00:00,6250.81,37053.92382,233.5834501,176709,0.5614730783,0.5974442442,1440,0.2122116053,0.2300272474,1440,21.22116053,0.4527703251,,0,0.188361906
2018-09-10 00:00:00+00:00,6312,32439.45643,204.17835,165286,0.568896585,0.4840002539,1440,0.1472691573,0.1334339498,1440,14.72691573,0.4771087725,3.552032913,3.334351415,0.1826164861
2018-09-11 00:00:00+00:00,6294.91,33104.88859,208.3466488,173335,0.5563520794,0.5222107838,1440,0.1908759536,0.2117573946,1440,19.08759536,0.130129917,3.051094834,3.084832179,0.1955693498
2018-09-12 00:00:00+00:00,6338.62,31433.64594,197.398009,165590,0.5475660356,0.4191058681,1440,0.1148541419,0.0768609252,1440,11.48541419,0.3505460285,3.174667938,3.46490814,0.1579567603
2018-09-13 00:00:00+00:00,6487.38,40465.06311,260.9851652,215637,0.535901867,0.4623498203,1440,0.1272614763,0.1623246193,1440,12.72614763,0.8888502169,3.743350553,2.949447681,0.1463528638
2018-09-14 00:00:00+00:00,6476.63,37173.33928,241.4666626,198375,0.5360318076,0.5295286985,1440,0.2203456754,0.2701649672,1440,22.03456754,0.06868185596,3.909928282,1.527525504,0.1417133944
2018-09-15 00:00:00+00:00,6514.96,25243.65661,164.5578411,141362,0.5399902268,0.3402866038,1440,0.1037839946,0.07647852659,1440,10.37839946,0.3585825801,2.760782502,2.60012914,0.140267754
2018-09-16 00:00:00+00:00,6505,27568.1329,178.6140792,145921,0.5541673914,0.3685663661,1440,0.1135197498,0.2130705261,1440,11.35197498,0.08565724063,,1.2097706,0.1627248237
2018-09-17 00:00:00+00:00,6248.69,35987.25474,228.9707008,196924,0.5038578412,0.5361041754,1440,0.1418702019,0.2167466211,1440,14.18702019,1.755651271,5.480273837,3.966668307,0.1940269167
2018-09-18 00:00:00+00:00,6336.45,32620.86667,205.7363294,169055,0.5559231614,0.41001368,1440,0.1281798717,0.1082690723,1440,12.81798717,0.6778984042,3.847992771,3.336999959,0.1671755978
2018-09-19 00:00:00+00:00,6391.89,39044.08008,247.4553645,198215,0.5429382977,0.7217622107,1440,0.2797387145,0.4167640466,1440,27.97387145,0.3520361987,,0,0.1911081664
2018-09-20 00:00:00+00:00,6492,25189.02473,161.8442716,153686,0.5385479999,0.4018653412,1440,0.151974413,0.2369716942,1440,15.1974413,0.9602224528,2.889727216,3.187639184,0.1830801058
2018-09-21 00:00:00+00:00,6759.02,51779.34346,345.746942,292494,0.548450731,0.580382911,1440,0.1960028273,0.2647496076,1440,19.60028273,1.165802342,2.160596831,2.364495766,0.1466956444
2018-09-22 00:00:00+00:00,6723.05,29349.69067,197.2106709,145720,0.5640592543,0.5248210996,1440,0.144668008,0.1561725839,1440,14.4668008,0.2705730117,1.224811731,3.27608002,0.166960815
2018-09-23 00:00:00+00:00,6708,30286.22977,203.4792194,168354,0.5630491704,0.3746063798,1440,0.1001975713,0.06901223906,1440,10.01975713,0.1101378638,3.419905726,3.50507966,0.1893839424
2018-09-24 00:00:00+00:00,6581.39,35305.73991,234.3559995,185297,0.5285953083,0.4543690702,1440,0.1391069865,0.1867844407,1440,13.91069865,0.8130739034,4.698704998,3.582653758,0.1647510282
2018-09-25 00:00:00+00:00,6447.54,40301.02945,258.9272008,219965,0.5289212993,0.5840231267,1440,0.1662762599,0.2270078856,1440,16.62762599,0.7935553489,6.594693843,4.484226498,0.172001965
2018-09-26 00:00:00+00:00,6465.12,33484.54207,216.8596753,184238,0.5624428027,0.455158494,1440,0.1261285526,0.134833544,1440,12.61285526,0.1255609566,4.854841691,4.117998164,0.1606576072
2018-09-27 00:00:00+00:00,6689.13,33087.4283,216.9148532,182590,0.5559752074,0.5250361742,1440,0.2147510683,0.240178415,1440,21.47510683,1.570304974,5.000018991,3.699481628,0.1759980159
2018-09-28 00:00:00+00:00,6634.58,42399.44852,283.1449875,211849,0.5586984589,0.5641527037,1440,0.1140052128,0.1129789138,1440,11.40052128,0.2891965636,4.471419623,3.042221945,0.1712013645
2018-09-29 00:00:00+00:00,6596.38,30255.9597,198.4243036,171027,0.5300454162,0.4521556127,1440,0.1292975199,0.1412068753,1440,12.92975199,0.2910102889,0.9648357719,2.929629858,0.1842168114
2018-09-30 00:00:00+00:00,6626.57,27764.72452,183.4389924,153447,0.5474934321,0.3980051075,1440,0.1055935488,0.08381912663,1440,10.55935488,0.2489280582,3.741131796,3.60830466,0.1643865705
2018-10-01 00:00:00+00:00,6611.61,20621.50689,136.115257,129733,0.5365181078,0.4211801072,1440,0.1734477289,0.1637211919,1440,17.34477289,0.1660453373,4.383877526,3.877763629,0.1797838592
2018-10-02 00:00:00+00:00,6525.79,28245.81009,185.7254923,147274,0.5351526819,0.3798383059,1440,0.1003525662,0.1177097668,1440,10.03525662,0.7034670209,4.992382441,4.034672437,0.1950054431
2018-10-03 00:00:00+00:00,6510,28451.96914,184.622957,150607,0.5376327885,0.3957933253,1440,0.1464717553,0.1212751142,1440,14.64717553,0.1312167509,4.546343788,3.769121026,0.1955951617
2018-10-04 00:00:00+00:00,6593.79,20074.30082,132.3486807,96824,0.5518425081,0.3394522735,1440,0.1731350725,0.2245779065,1440,17.31350725,0.9662990763,2.572241384,2.891161278,0.1809433885
2018-10-05 00:00:00+00:00,6635.65,16096.55239,106.2645147,86701,0.5338876144,0.3681276667,1440,0.2119424828,0.2586671516,1440,21.19424828,0.595526299,3.665852886,3.188948286,0.1683060086
2018-10-06 00:00:00+00:00,6594.27,10939.50539,72.24794241,62065,0.4765175305,0.2522200275,1440,0.1480330016,0.1123727895,1440,14.80330016,0.8658430934,2.82776665,2.974762634,0.198205644
2018-10-07 00:00:00+00:00,6615.26,17406.83176,114.4890828,82844,0.5037222396,0.2337396936,1440,0.06569942918,0.07031203909,1440,6.569942918,0.2775820369,2.476711225,2.836607212,0.2401205808
2018-10-08 00:00:00+00:00,6673.01,23123.41954,153.7046024,135156,0.5334381857,0.2780957744,1440,0.1145707369,0.1560386173,1440,11.45707369,0.5654958247,2.443996906,2.792320178,0.238463429
2018-10-09 00:00:00+00:00,6656.61,15354.77947,102.1151864,101956,0.4954107621,0.2361533549,1440,0.08867805822,0.06091331003,1440,8.867805822,0.2409716545,2.969246935,3.099782612,0.1765844413
2018-10-10 00:00:00+00:00,6631,15390.66144,101.6096809,99789,0.4431034312,0.2868056564,1440,0.1331806649,0.1718368487,1440,13.31806649,0.3793657783,3.12273579,3.216716242,0.2033173219
2018-10-11 00:00:00+00:00,6252.68,48712.40033,308.1531244,253224,0.5016228726,0.660631613,1440,0.1719392818,0.1816927023,1440,17.19392818,1.906372056,,0.5870870866,0.2011780981
2018-10-12 00:00:00+00:00,6298.01,29004.07142,183.030273,148077,0.5478690432,0.3813495236,1440,0.1095625203,0.07819864539,1440,10.95625203,0.3946635999,5.346120949,4.075316909,0.1875355513
2018-10-13 00:00:00+00:00,6332.93,19098.07003,120.728651,108981,0.4934088343,0.2593025125,1440,0.06651677103,0.04093780117,1440,6.651677103,0.4579935029,3.279030498,3.551429435,0.2129436647
2018-10-14 00:00:00+00:00,6339.34,15627.41131,99.52729408,96113,0.4560812052,0.2904952056,1440,0.1239866224,0.09073593802,1440,12.39866224,0.1016462703,3.138391022,3.1597693,0.1791392423
2018-10-15 00:00:00+00:00,6752.5,90748.03125,627.9845056,456913,0.5202846101,1.475125246,1440,0.2928558453,0.1562307427,1440,29.28558453,1.005409274,,0,0.1603425657
2018-10-16 00:00:00+00:00,6759.27,27557.95776,186.1227722,175075,0.5154232409,0.4463066158,1440,0.1512269314,0.1082935431,1440,15.12269314,0.05384023467,2.562177115,3.217953736,0.1862516297
2018-10-17 00:00:00+00:00,6740.89,26641.43138,179.6417332,158746,0.5162063452,0.303147132,1440,0.0774914798,0.05612191703,1440,7.74914798,0.1515757127,3.375509852,3.054564552,0.1799372653
2018-10-18 00:00:00+00:00,6618.96,20116.52194,134.7773602,138002,0.4839631136,0.33765041,1440,0.161003605,0.2079520991,1440,16.1003605,1.354359942,0.6981573122,2.526767833,0.1414274913
2018-10-19 00:00:00+00:00,6528.88,20772.60077,136.6862157,112337,0.56336385,0.241244781,1230,0.05267719285,0.03466590504,1229,5.267719285,1.002503826,2.696632863,2.707715027,0.1656333918
2018-10-20 00:00:00+00:00,6588.4,19240.72225,126.3257975,110809,0.545042288,0.2297888427,1440,0.03568161689,0.01280250151,1440,3.568161689,0.7183896408,2.445868557,2.531840839,0.1958890548
2018-10-21 00:00:00+00:00,6590.11,6515.357792,43.14640159,68018,0.5146240546,0.2291547491,1440,0.2069514368,0.1013946781,1440,20.69514368,0.06014717257,2.232336827,2.579554094,0.1730094465
2018-10-22 00:00:00+00:00,6581.2,16213.69266,106.8150196,101673,0.5181759498,0.2303635087,1440,0.07086077894,0.05037354571,1440,7.086077894,0.1266620376,2.707155976,2.627102589,0.1784967486
2018-10-23 00:00:00+00:00,6553.51,13856.60176,90.96979103,86938,0.5259622136,0.2237725596,1440,0.1125695363,0.09357435014,1440,11.25695363,0.463485241,2.706257339,2.717741299,0.1623586116
2018-10-24 00:00:00+00:00,6565.5,11951.54398,78.79561702,90762,0.4645107269,0.2115307591,1440,0.1138822862,0.1023033306,1440,11.38822862,0.2319776667,1.644902455,2.256394857,0.1381921184
2018-10-25 00:00:00+00:00,6528.09,10342.70124,67.69194545,75563,0.5188355199,0.205922875,1440,0.1371044453,0.1528347405,1440,13.71044453,0.8441568562,1.39320341,2.057351335,0.161998069
2018-10-26 00:00:00+00:00,6538.63,9443.504156,61.7924878,77985,0.4955831843,0.2381932504,1440,0.2063552174,0.1532076692,1440,20.63552174,0.2610768928,1.522197936,1.826870221,0.1673450008
2018-10-27 00:00:00+00:00,6505.6,7776.907864,50.66722004,86848,0.4919985947,0.161900609,1440,0.1404640266,0.1698708716,1440,14.04640266,0.9995257183,1.953538982,1.962154342,0.1366545176
2018-10-28 00:00:00+00:00,6489.93,5743.933728,37.29835726,71647,0.4750244376,0.1774394425,1440,0.3167758733,0.2427804746,1440,31.67758733,0.6465699284,1.927298837,2.056697016,0.1191583263
2018-10-29 00:00:00+00:00,6344.5,13827.22407,88.48472104,135586,0.4727212164,0.3131531092,1440,0.2099951413,0.230663441,1440,20.99951413,2.561283882,,1.597609181,0.1140068681
2018-10-30 00:00:00+00:00,6330.87,8877.175385,56.39343918,95116,0.5122277638,0.2131844615,1440,0.1939099466,0.1275146635,1440,19.39099466,0.3813614519,2.646919642,2.771224119,0.1159140758
2018-10-31 00:00:00+00:00,6371.93,12148.88822,76.97048828,111552,0.4969798643,0.2907752363,1440,0.2809092003,0.3412902887,1440,28.09092003,0.8398983948,1.1116546,1.85468396,0.1083949398
2018-11-01 00:00:00+00:00,6410,9099.035841,58.03168683,89601,0.5012328435,0.1993033919,1440,0.1567116924,0.1288681078,1440,15.67116924,1.026484811,2.398428362,2.398099856,0.1097521508
2018-11-02 00:00:00+00:00,6433.98,9739.440679,62.58942822,109482,0.5094373876,0.1891042428,1440,0.1343140668,0.09614465233,1440,13.43140668,0.5965942651,2.305930943,2.261222846,0.105946298
2018-11-03 00:00:00+00:00,6387.09,7661.241476,48.93423794,83836,0.4745796055,0.1772686076,1440,0.1907895762,0.2268363205,1440,19.07895762,1.494772378,1.538086614,2.065297445,0.1056598381
2018-11-04 00:00:00+00:00,6485.85,10592.39494,68.16957319,126200,0.5396568628,0.2761982309,1440,0.2079711007,0.1095720733,1440,20.79711007,2.250874483,0.546203078,2.362841283,0.09254683642
2018-11-05 00:00:00+00:00,6468.99,8987.882156,58.12721314,114235,0.506851709,0.2228002337,1440,0.2339330712,0.1466602895,1440,23.39330712,0.4477919233,2.625503299,2.858132079,0.09082543417
2018-11-06 00:00:00+00:00,6519.11,11926.5657,77.33610119,150475,0.4808023765,0.2540774371,1440,0.1862874073,0.1158960449,1440,18.62874073,0.9979650136,3.554522244,3.340406954,0.08746472602
2018-11-07 00:00:00+00:00,6578.46,14271.59112,93.82057663,151060,0.4946251553,0.2850625562,1440,0.1476044102,0.1214426868,1440,14.76044102,0.9659727283,3.478128987,3.356278816,0.0919712708
2018-11-08 00:00:00+00:00,6479.84,13259.78928,86.45036368,145405,0.4804398564,0.3089606164,1440,0.1865712836,0.215134092,1440,18.65712836,1.74722882,3.720703845,3.339194009,0.0843790762
2018-11-09 00:00:00+00:00,6419.99,11787.61658,75.9977775,117043,0.5084803208,0.2693029285,1440,0.1524729286,0.1553509034,1440,15.24729286,1.220990789,3.283042618,3.107673998,0.1000844697
2018-11-10 00:00:00+00:00,6433.05,7714.829926,49.74530764,97746,0.4814280423,0.1887019062,1440,0.1380873916,0.05991681944,1440,13.80873916,0.4085218989,2.72874126,2.835915995,0.1069776568
2018-11-11 00:00:00+00:00,6449.81,8213.507117,52.70909932,98435,0.4626161043,0.2301197602,1440,0.2559481443,0.2423460758,1440,25.59481443,0.4936354863,2.71807647,2.731012216,0.1036902021
2018-11-12 00:00:00+00:00,6453.07,10132.78257,65.39088214,123144,0.5094978003,0.2353755674,1440,0.1184465584,0.07751938548,1440,11.84465584,0.07727584284,2.756954414,2.608751133,0.1045003391
2018-11-13 00:00:00+00:00,6457.66,11790.56493,76.14298315,150940,0.5238482051,0.2725505316,1440,0.2035170849,0.1112943298,1440,20.35170849,0.09338175095,3.055919146,2.767841753,0.09410989863
2018-11-14 00:00:00+00:00,5922.41,46478.964,279.6326229,319011,0.4395439383,1.203236658,1020,,,1019,,,,,
2018-11-15 00:00:00+00:00,5753.4,47700.8294,270.1335037,303825,0.5120370925,1.261062401,1440,0.2834701185,0.1453319391,1440,28.34701185,1.071783983,,4.142722452,0.1394312457
2018-11-16 00:00:00+00:00,5655.94,38721.80227,219.097216,221493,0.5388300507,0.5465455865,1440,0.2453486285,0.1766634011,1440,24.53486285,0.7797754981,2.476080462,3.700798365,0.1215318602
2018-11-17 00:00:00+00:00,5628.29,26411.24141,148.0723931,171403,0.5551782279,0.3430768806,1440,0.295902849,0.1640685759,1440,29.5902849,0.3309634047,1.054423555,2.405306871,0.1096874782
2018-11-18 00:00:00+00:00,5662,23844.99935,134.893237,154817,0.5397648692,0.3626586695,1440,0.2946445657,0.2238155016,1440,29.46445657,0.4426849577,3.617661382,2.677207175,0.1078180698
2018-11-19 00:00:00+00:00,4910.03,70580.89286,368.6887435,378495,0.4935055943,1.281712355,1440,0.3311761396,0.3199426613,1440,33.11761396,3.86497113,,3.999571797,0.1122125195
2018-11-20 00:00:00+00:00,4558.86,117380.9516,548.0366287,596769,0.511293842,2.030166358,1440,0.3132339421,0.2072066964,1440,31.32339421,1.354060214,,0,0.155199142
2018-11-21 00:00:00+00:00,4661.07,61071.82947,281.2644335,301920,0.5164183074,1.417033352,1440,0.5193223791,0.3626165927,1440,51.93223791,0.7883130821,3.017846051,5.738280757,0.132199334
2018-11-22 00:00:00+00:00,4370,34531.11914,157.4597337,180335,0.4953420797,0.8412283534,1440,0.3880040864,0.3278697963,1440,38.80040864,4.095143875,3.652155661,5.655542619,0.1090294927
2018-11-23 00:00:00+00:00,4420.61,49371.92032,215.2836561,227935,0.5230707812,1.059993036,1440,0.3408985142,0.257345177,1440,34.08985142,0.5348611556,,5.566905565,0.124637182
2018-11-24 00:00:00+00:00,3932.44,61693.11101,258.7029277,275070,0.4902036662,1.30237712,1440,0.3316990395,0.2288331634,1440,33.16990395,4.523242094,,5.105324854,0.1270079303
2018-11-25 00:00:00+00:00,4085.78,101693.9756,398.2535685,428171,0.5232578498,1.84544268,1440,0.4069920604,0.2410885285,1440,40.69920604,0.9605075062,,1.803786364,0.117478116
2018-11-26 00:00:00+00:00,3862.2,94504.86572,373.2303083,413339,0.5103706054,1.656295921,1440,0.5110702517,0.3931542551,1440,51.10702517,1.507800465,10.51921124,6.952850378,0.1004331
2018-11-27 00:00:00+00:00,3875.21,67480.60721,257.5931681,288731,0.538262553,1.198763835,1440,0.3631065565,0.2560770155,1440,36.31065565,0.1305502629,,1.4927352,0.1149489505
2018-11-28 00:00:00+00:00,4264.85,91983.56795,382.6973083,386714,0.5144353005,1.143706226,1440,0.2543473366,0.1932752232,1440,25.43473366,2.503470847,4.174012992,3.967747334,0.1120752852
2018-11-29 00:00:00+00:00,4295.84,73980.19867,316.8090384,316601,0.4996265794,1.040056518,1440,0.300099105,0.2782271378,1440,30.0099105,0.2285320603,,0,0.1086092785
2018-11-30 00:00:00+00:00,4041.32,67758.44628,278.8105749,288098,0.4988894906,1.088099372,1440,0.2667337985,0.2249259958,1440,26.67337985,2.19058195,,0,0.1125238547
2018-12-01 00:00:00+00:00,4190.02,44840.07348,186.1576143,205472,0.5001198609,0.8090026641,1440,0.2644515325,0.211663048,1440,26.44515325,1.941050655,5.368811579,2.447166479,0.1050248048
2018-12-02 00:00:00+00:00,4161.01,38912.15479,162.917339,178087,0.5045335028,0.8257208937,1440,0.3860483356,0.3168772146,1440,38.60483356,0.4264539286,3.067163524,2.884571212,0.1032027753
2018-12-03 00:00:00+00:00,3884.01,49094.36916,195.0559195,207134,0.4729592159,0.883749237,1440,0.2690119862,0.3780956925,1440,26.90119862,3.531792746,,3.334140075,0.1141448091
2018-12-04 00:00:00+00:00,3951.64,48489.55161,191.6734237,220815,0.4935957358,0.8830175267,1440,0.3306968621,0.2737194668,1440,33.06968621,0.9006234247,1.496927112,2.053694023,0.1136617213
2018-12-05 00:00:00+00:00,3769.84,44004.79945,169.4043682,199011,0.4658805823,0.8000279511,1440,0.234783593,0.2003116456,1440,23.4783593,2.780218886,6.613653186,4.515433924,0.1031347066
2018-12-06 00:00:00+00:00,3508.75,68378.79694,254.7223315,293512,0.4776109386,1.240357044,1440,0.2027599758,0.172094286,1440,20.27599758,2.817684305,,4.440842569,0.1286332586
2018-12-07 00:00:00+00:00,3403.55,95145.45744,322.3646043,413521,0.5020800685,1.493248478,1440,0.2992401741,0.186557585,1440,29.92401741,0.9442985902,4.941044209,1.439884078,0.1149208751
2018-12-08 00:00:00+00:00,3410.93,55365.94995,187.9098762,253650,0.53050189,1.0844633,1440,0.2128837837,0.1111765464,1440,21.28837837,0.1152667902,,3.807861922,0.09359200926
2018-12-09 00:00:00+00:00,3545.37,45956.8933,161.6185978,194567,0.5091716156,0.8237031439,1440,0.2032962319,0.1382360247,1440,20.32962319,2.391899573,4.13025105,4.360776627,0.1101082424
2018-12-10 00:00:00+00:00,3432.88,40989.24455,142.5079331,192599,0.5029377457,0.9028124503,1440,0.3615461751,0.2695377813,1440,36.15461751,2.262538455,1.659256405,5.309750801,0.1077848669
2018-12-11 00:00:00+00:00,3380.39,35920.86415,121.8414753,162266,0.5134516429,0.6505166223,1440,0.2712522647,0.2674122551,1440,27.12522647,1.264632714,4.811320412,4.287033775,0.1145452436
2018-12-12 00:00:00+00:00,3445,33922.93129,116.2271858,152067,0.5343641607,0.5939224569,1440,0.2729947209,0.2353757193,1440,27.29947209,1.628949104,3.616184008,2.22316577,0.11147389
2018-12-13 00:00:00+00:00,3302.06,40040.91701,134.8170537,160471,0.4912803339,0.6357580988,1440,0.2045915074,0.185118417,1440,20.45915074,3.143325503,,2.902476551,0.09988040702
2018-12-14 00:00:00+00:00,3224.17,44492.98381,145.1014095,184525,0.5067466418,0.6851760783,1440,0.2476231622,0.2168978565,1440,24.76231622,1.645122776,4.202887395,3.282207791,0.09461993112
2018-12-15 00:00:00+00:00,3211.72,29796.04144,95.58879364,139806,0.5384802026,0.5071984982,1440,0.2180082875,0.2154264425,1440,21.80082875,0.4047476123,2.085477363,1.389768203,0.1016491477
2018-12-16 00:00:00+00:00,3228.67,24628.80854,80.0681594,125565,0.532294264,0.4211759776,1440,0.2307055467,0.2209694756,1440,23.07055467,0.6573984697,,2.695262348,0.1196946288
2018-12-17 00:00:00+00:00,3509.08,66762.21639,228.7580856,283815,0.5177661304,0.8003332094,1440,0.2259777307,0.2666779632,1440,22.59777307,3.640684739,,0,0.1137684959
2018-12-18 00:00:00+00:00,3652.98,61369.61526,216.563775,296433,0.522662565,0.708593107,1440,0.257107933,0.3044252887,1440,25.7107933,1.855775648,1.962874353,2.011514438,0.09600905914
2018-12-19 00:00:00+00:00,3662.22,94137.34101,352.6382135,434026,0.5110273818,0.894955179,1440,0.1874910139,0.1919042563,1440,18.74910139,0.07163852259,,0,0.1076630314
2018-12-20 00:00:00+00:00,4049.62,101543.836,399.9670578,500506,0.5197059246,1.317106969,1440,0.3295819139,0.2710293816,1440,32.95819139,2.514045262,,0,0.1067830816
2018-12-21 00:00:00+00:00,3838.66,82343.85011,325.80328,436187,0.5023555365,1.1467055,1440,0.3289966109,0.2548528694,1440,32.89966109,1.642086053,,0,0.0932903844
2018-12-22 00:00:00+00:00,3948.91,42822.35087,165.0855676,249148,0.5278160499,0.8268856152,1440,0.3908942048,0.21530814,1440,39.08942048,1.715246494,,0,0.092748774
2018-12-23 00:00:00+00:00,3929.71,40117.53153,158.7563568,258417,0.5039412931,0.7823252772,1440,0.3147202498,0.1856729635,1440,31.47202498,0.3070087871,3.838813611,2.955116309,0.08845731281
2018-12-24 00:00:00+00:00,4008.01,64647.80913,264.6289671,400403,0.5123840876,1.009418234,1440,0.2998335882,0.2940866979,1440,29.98335882,0.7455429841,3.533352346,2.107001126,0.126438676
2018-12-25 00:00:00+00:00,3745.79,62725.62943,235.584303,356377,0.5028562735,1.136045071,1440,0.4158829747,0.2973799263,1440,41.58829747,2.872106303,,0,0.1215272635
2018-12-26 00:00:00+00:00,3777.74,42629.37582,159.7052045,267746,0.5229309465,0.7827337793,1440,0.345571121,0.2092177028,1440,34.5571121,0.5318176451,,2.238974941,0.09047617877
2018-12-27 00:00:00+00:00,3567.91,44097.39291,161.9158499,262733,0.5045530439,0.7986833323,1440,0.2608357537,0.2982132104,1440,26.08357537,3.529361523,,2.637637485,0.1110994468
2018-12-28 00:00:00+00:00,3839.26,45964.30499,170.6385192,251040,0.5319328696,0.8889182035,1440,0.4080338117,0.2874710121,1440,40.80338117,4.295609798,,0,0.1005558608
2018-12-29 00:00:00+00:00,3695.32,38874.3739,148.2052001,244844,0.5021866872,0.8733026732,1440,0.4212504066,0.3459812811,1440,42.12504066,2.578349849,,0,0.09187369073
2018-12-30 00:00:00+00:00,3801.91,33222.36926,124.9662295,218929,0.5245665096,0.7767438615,1440,0.2705245317,0.201404091,1440,27.05245317,2.275528195,4.207069933,0,0.1058574109
2018-12-31 00:00:00+00:00,3702.9,29991.77835,111.8472161,190308,0.5176017225,0.6846222182,1440,0.4305461553,0.406145339,1440,43.05461553,2.359225067,,2.6654907,0.1109662951
2019-01-01 00:00:00+00:00,3797.14,23741.68703,88.14924909,154227,0.5441549238,0.559974057,1440,0.3383297891,0.1972327316,1440,33.83297891,2.851057225,2.823064581,2.20621095,0.09964554325
2019-01-02 00:00:00+00:00,3858.56,35156.46337,133.8766272,218538,0.5097668649,0.567943552,1440,0.2098801726,0.1381726949,1440,20.98801726,1.198559108,5.3425886,4.198109984,0.1143115229
2019-01-03 00:00:00+00:00,3766.78,29406.94836,111.6573727,199812,0.503047208,0.4464294936,1440,0.2434395676,0.2514292311,1440,24.34395676,2.156018112,3.744864929,2.704903967,0.09702535366
2019-01-04 00:00:00+00:00,3792.01,29519.55467,111.0345506,192232,0.5277621371,0.4671510882,1440,0.2791807907,0.2475921919,1440,27.91807907,0.6012269504,3.714863605,2.97747907,0.09516189682
2019-01-05 00:00:00+00:00,3770.96,30490.66775,115.8935013,203673,0.4889664699,0.4472123469,1440,0.1506404662,0.1511271755,1440,15.06404662,0.4803212005,2.62575193,2.641356134,0.1341340883
2019-01-06 00:00:00+00:00,3987.6,36553.80671,142.1988122,240496,0.5409255229,0.6418113175,1440,0.3112612052,0.3269237961,1440,31.12612052,3.9282983,,0,0.1317459718
2019-01-07 00:00:00+00:00,3975.45,31869.84626,126.8303805,221219,0.5147295693,0.4910537982,1440,0.2791072589,0.2059553855,1440,27.91072589,0.2406045703,2.989955086,1.451246688,0.122419672
2019-01-08 00:00:00+00:00,3955.13,38901.42312,154.7788465,242898,0.5153533211,0.4725590944,1440,0.1846341552,0.2568072765,1440,18.46341552,0.3310839237,3.697126346,1.368949917,0.113634777
2019-01-09 00:00:00+00:00,3966.65,28989.43951,115.2189503,209240,0.5168895043,0.3783177584,1440,0.1534574843,0.127219501,1440,15.34574843,0.2524271648,3.218836414,2.368734366,0.1389204081
2019-01-10 00:00:00+00:00,3585.88,59402.22851,221.789348,374760,0.4762165206,0.8648864866,1440,0.2896451783,0.4240570971,1440,28.96451783,4.550173374,,0,0.1369719355
2019-01-11 00:00:00+00:00,3601.31,38338.65473,137.5607436,264996,0.5192501074,0.8035206227,1440,0.2683515693,0.5896057827,1440,26.83515693,0.3121353442,13.067187,5.333975816,0.1134996084
2019-01-12 00:00:00+00:00,3583.13,21999.92835,78.90877068,175679,0.529347126,0.4394448937,1440,0.3097087213,0.2547204269,1440,30.97087213,0.641366987,5.319499796,3.189499927,0.1171210773
2019-01-13 00:00:00+00:00,3476.81,26385.75745,92.88224947,183113,0.5189322559,0.5411182873,1440,0.2910233896,0.3418439032,1440,29.10233896,3.242978455,3.185585556,2.832477017,0.1231700222
2019-01-14 00:00:00+00:00,3626.09,35235.21122,125.6318201,229452,0.5226708246,0.5936080879,1440,0.3302273298,0.2966628927,1440,33.02273298,3.346264188,,4.039775311,0.1135824639
2019-01-15 00:00:00+00:00,3553.06,34137.99746,122.7854402,231684,0.5045879582,0.5597060128,1440,0.3384602993,0.4302207614,1440,33.84602993,1.657014764,5.71207369,4.720328572,0.1001469121
2019-01-16 00:00:00+00:00,3591.84,27480.17998,98.50445521,205159,0.5161429034,0.4485585186,1440,0.2590513268,0.2158226212,1440,25.90513268,1.102021422,4.505442058,3.280651159,0.1062380204
2019-01-17 00:00:00+00:00,3616.21,29755.44084,106.709137,217797,0.5380697763,0.4281682196,1440,0.2579455214,0.2336060633,1440,25.79455214,0.6336767627,5.539448806,3.358161295,0.1081754386
2019-01-18 00:00:00+00:00,3594.87,22713.44676,81.69972354,177567,0.5552254527,0.2721857765,1440,0.09453704717,0.08505712023,1440,9.453704717,0.7244439301,1.57563768,2.075561638,0.1331106853
2019-01-19 00:00:00+00:00,3665.3,22171.57812,81.3541859,175054,0.5248727946,0.4235629725,1440,0.1626968748,0.0698216384,1440,16.26968748,2.384924387,,0,0.1340559104
2019-01-20 00:00:00+00:00,3539.28,27901.9386,99.76723995,204941,0.4972812671,0.5380848152,1440,0.2811624322,0.4192823602,1440,28.11624322,3.50684962,,0,0.1205232898
2019-01-21 00:00:00+00:00,3526.9,19644.43684,69.31654877,160825,0.5325691117,0.3393508696,1440,0.295458958,0.2560318758,1440,29.5458958,0.5055096578,4.293380254,2.798850557,0.119938595
2019-01-22 00:00:00+00:00,3570.93,29336.44297,103.8044801,195484,0.5338524858,0.5234695886,1440,0.2180931056,0.2612250628,1440,21.80931056,1.195205439,,2.477215214,0.1224617059
2019-01-23 00:00:00+00:00,3552.82,24938.8427,88.81639635,192892,0.52675633,0.3142596521,1440,0.164076897,0.1641305118,1440,16.4076897,0.5724631864,2.53085203,1.789797985,0.1322683618
2019-01-24 00:00:00+00:00,3569.62,20826.25118,74.03705287,162159,0.5270259383,0.2938953692,1440,0.1848541477,0.1879189896,1440,18.48541477,0.6371800367,2.685380475,2.279765104,0.109796613
2019-01-25 00:00:00+00:00,3565.29,17608.34667,62.63492646,153413,0.5503298142,0.3086580595,1440,0.1891354829,0.1602813478,1440,18.91354829,0.1937817503,3.698936066,2.214503351,0.1187847853
2019-01-26 00:00:00+00:00,3565.25,19476.53234,69.84176665,135369,0.523881774,0.3450871708,1440,0.2042888804,0.2894380242,1440,20.42888804,0.001606395024,,0,0.1411667545
2019-01-27 00:00:00+00:00,3550.84,22735.59816,80.74341685,163855,0.5088305712,0.3250458657,1440,0.1067747257,0.1207618212,1440,10.67747257,0.5015867023,1.795940047,0.7969197359,0.130606338
2019-01-28 00:00:00+00:00,3434.15,40405.1114,139.2587088,260799,0.5032598855,0.4455217924,1440,0.1506015833,0.1641855039,1440,15.06015833,2.399473121,2.031502227,2.191706922,0.127214351
2019-01-29 00:00:00+00:00,3411.04,29544.92898,100.5428075,189650,0.5288999423,0.351967853,1440,0.1311906298,0.1287215396,1440,13.11906298,0.6715758587,1.949685561,1.918489203,0.1054950196
2019-01-30 00:00:00+00:00,3458.18,23968.26024,82.52112286,180820,0.5559160111,0.333045508,1440,0.197100279,0.2066950982,1440,19.7100279,1.663235849,1.341379827,1.612290346,0.1155872847
2019-01-31 00:00:00+00:00,3434.1,29607.19025,101.928347,198100,0.5176387442,0.3104979509,1440,0.1153192982,0.1042300369,1440,11.53192982,0.6855361353,2.690893593,2.5208521,0.104471087
2019-02-01 00:00:00+00:00,3462.07,25260.47616,87.07591423,167520,0.5357517627,0.3075306011,1440,0.1670304775,0.194095258,1440,16.70304775,0.9315771803,3.224740514,2.559676076,0.1086343139
2019-02-02 00:00:00+00:00,3504.77,17920.802,62.13403798,153234,0.5377783444,0.2882315372,1440,0.1718491107,0.1634720161,1440,17.18491107,1.972867387,3.043078018,2.600035523,0.124617911
2019-02-03 00:00:00+00:00,3458.11,19867.33639,68.80162006,138592,0.509716851,0.2947195803,1440,0.1702536701,0.1159634027,1440,17.02536701,1.948021097,2.41903604,2.268106635,0.110140001
2019-02-04 00:00:00+00:00,3463.22,23131.98111,80.02425823,155686,0.5354971424,0.2692788936,1440,0.1650992601,0.1691509911,1440,16.50992601,0.1845184344,2.052748406,2.463626752,0.09990638594
2019-02-05 00:00:00+00:00,3471.59,25264.41503,87.49134706,162066,0.5400015424,0.2377915809,1440,0.07529686552,0.06720917454,1440,7.529686552,0.275902728,2.292830672,2.465223591,0.1084115637
2019-02-06 00:00:00+00:00,3405.37,35310.24485,120.500703,207024,0.511296606,0.3948110346,1440,0.02971278646,0.01228564715,1440,2.971278646,1.598256637,1.348997218,0,0.132339181
2019-02-07 00:00:00+00:00,3398.4,18665.53864,63.61150579,148209,0.5342407285,0.2116250995,1440,0.06808588175,0.03607590039,1440,6.808588175,0.3220902849,2.034373401,2.100912402,0.1172720114
2019-02-08 00:00:00+00:00,3659.04,47968.05801,170.1182125,277242,0.531623989,0.6680264306,1440,0.1937596038,0.1793463743,1440,19.37596038,4.343808005,,0,0.1216048064
2019-02-09 00:00:00+00:00,3665.18,24759.83372,90.48850007,192209,0.5334503818,0.2965962185,1440,0.1384415821,0.1305776308,1440,13.84415821,0.1852864661,1.762854168,1.889791786,0.1298882871
2019-02-10 00:00:00+00:00,3680.06,23250.60263,84.69642396,171099,0.5352644291,0.3250177265,1440,0.2262671471,0.2316284483,1440,22.62671471,0.4783683703,2.063985119,1.922917693,0.1168172887
2019-02-11 00:00:00+00:00,3631.05,24954.61457,90.7318319,172626,0.5094525355,0.3910493955,1440,0.194394222,0.1744201157,1440,19.4394222,1.477672551,2.171024546,0.9845475363,0.1043276553
2019-02-12 00:00:00+00:00,3631.46,29479.59823,106.76644,198996,0.5083556266,0.3693403893,1440,0.2047807203,0.2667716577,1440,20.47807203,0.01057529151,2.922373518,1.942564707,0.09886218154
2019-02-13 00:00:00+00:00,3609.4,25773.99765,93.35074095,167690,0.5258340831,0.2741727351,1440,0.1102449393,0.1204937805,1440,11.02449393,0.6527230169,0.3891215269,1.967729354,0.1111588558
2019-02-14 00:00:00+00:00,3590.56,21753.50126,78.36754558,155215,0.5181315359,0.2960369882,1440,0.1606841751,0.1566291743,1440,16.06841751,0.6677986803,1.156520989,1.726821497,0.1197754808
2019-02-15 00:00:00+00:00,3602.47,20777.8729,74.93835818,151256,0.5217279434,0.3167022389,1440,0.2002254435,0.2586160908,1440,20.02254435,0.4419021438,,0.7635143886,0.1111612421
2019-02-16 00:00:00+00:00,3618.41,19565.99275,70.89492181,149393,0.5341982829,0.2697250053,1440,0.1617223416,0.1378567115,1440,16.17223416,0.6227500378,0.9373261406,1.862833708,0.09297724503
2019-02-17 00:00:00+00:00,3667.58,25690.22778,93.42643313,179511,0.5061911007,0.3796209411,1440,0.1650534092,0.2902341417,1440,16.50534092,1.444702611,,0,0.1208834867
2019-02-18 00:00:00+00:00,3898.6,64042.73049,242.8980128,393515,0.5298801739,0.6983786771,1440,0.1145230397,0.09409875736,1440,11.45230397,2.514860851,,0,0.1313126005
2019-02-19 00:00:00+00:00,3907.79,50207.17267,197.091641,332281,0.5379430096,0.5576600002,1440,0.2338617211,0.2526004366,1440,23.38617211,0.1194613058,,0,0.1138524435
2019-02-20 00:00:00+00:00,3969.74,36205.14085,142.5715646,250176,0.551101322,0.3950977613,1440,0.164690599,0.1782152901,1440,16.4690599,1.103207684,,0,0.1093486057
2019-02-21 00:00:00+00:00,3937.31,31103.88473,122.7142739,209571,0.536226619,0.4067684317,1440,0.1707849581,0.2141848434,1440,17.07849581,0.668451362,2.119030014,1.891169287,0.1272138833
2019-02-22 00:00:00+00:00,3962,23943.16375,94.73932275,179588,0.5401156935,0.3296801407,1440,0.183269864,0.1466027102,1440,18.3269864,0.6598315331,1.634714535,1.614940186,0.1308936022
2019-02-23 00:00:00+00:00,4117.76,33657.94288,135.7829594,231563,0.528564591,0.5440693091,1440,0.2836947146,0.3548456832,1440,28.36947146,2.83985399,,0,0.1333039993
2019-02-24 00:00:00+00:00,3743.56,62224.18689,244.1468035,410578,0.4867075405,1.068311331,1440,0.3150912973,0.409854486,1440,31.50912973,3.902254483,,0,0.1457745174
2019-02-25 00:00:00+00:00,3827.92,38102.96625,145.2855652,262716,0.5357621027,0.5056628431,1440,0.248769507,0.2453419347,1440,24.8769507,1.533844354,,1.436813337,0.1139380367
2019-02-26 00:00:00+00:00,3809.23,28838.74804,109.9325961,213897,0.5128590635,0.3908565986,1440,0.2664372041,0.330876903,1440,26.64372041,0.4452278876,4.30477503,2.743904492,0.1093653284
2019-02-27 00:00:00+00:00,3818.07,31500.99547,119.5640231,201626,0.5147213796,0.5380356979,1440,0.2789731263,0.2991280544,1440,27.89731263,0.1938702216,,0,0.1075763691
2019-02-28 00:00:00+00:00,3813.69,32561.96104,124.7037384,233849,0.5192283191,0.5202752334,1440,0.2871664833,0.3034033548,1440,28.71664833,0.09204495217,0.4009701074,0,0.1143317454
2019-03-01 00:00:00+00:00,3823,23174.57217,88.85133652,179860,0.5512055412,0.3102702727,1440,0.1938601165,0.1911318835,1440,19.38601165,0.2744168441,3.941197137,2.707645992,0.1150920959
2019-03-02 00:00:00+00:00,3819.93,19445.83835,74.17535778,149854,0.5270508511,0.3275076769,1440,0.2052086717,0.1344747792,1440,20.52086717,0.1083050888,4.409196606,3.078073273,0.1386412657
2019-03-03 00:00:00+00:00,3807.75,16718.16541,63.79189899,127681,0.5296166571,0.2859520874,1440,0.1851385257,0.1350351896,1440,18.51385257,0.5006332121,2.463840138,2.243460176,0.1270367599
2019-03-04 00:00:00+00:00,3715.3,34742.84166,129.7397382,218615,0.518754988,0.4166662161,1440,0.1324659066,0.1310240602,1440,13.24659066,1.894487783,1.77427476,1.945158395,0.1368899848
2019-03-05 00:00:00+00:00,3857.73,32962.53616,124.9455308,202444,0.5454716113,0.4463906121,1440,0.2418406129,0.2211777792,1440,24.18406129,3.010871917,4.458229481,3.124174396,0.1232756391
2019-03-06 00:00:00+00:00,3861.84,24775.11883,95.41763759,165101,0.5303617175,0.3484208198,1440,0.1241081084,0.1010983082,1440,12.41081084,0.1115963754,2.814832722,1.922076257,0.1163665804
2019-03-07 00:00:00+00:00,3873.64,26455.25766,102.5854584,180520,0.5052283514,0.3623729584,1440,0.1731150612,0.1620200462,1440,17.31150612,0.2973988391,2.414461149,1.868979625,0.1405356796
2019-03-08 00:00:00+00:00,3864.89,34730.36659,135.000852,211534,0.5167792911,0.4344867215,1440,0.2146302727,0.2307354418,1440,21.46302727,0.1675109701,,1.441933103,0.1021477286
2019-03-09 00:00:00+00:00,3943.04,30979.74765,121.353607,206869,0.5309064083,0.3754283488,1440,0.1238395317,0.09123783084,1440,12.38395317,1.649623675,2.029744016,1.937130969,0.1287930648
2019-03-10 00:00:00+00:00,3916.82,23187.56141,90.69394972,167920,0.5398798159,0.2823791246,1440,0.1394760035,0.09669618312,1440,13.94760035,0.7356498788,2.192748942,2.190346319,0.1180683801
2019-03-11 00:00:00+00:00,3871.61,38066.88571,147.7219711,209916,0.5100554105,0.3489310583,1440,0.0624447105,0.06605515955,1440,6.24447105,0.7859128067,3.4305247,2.100150567,0.1411777501
2019-03-12 00:00:00+00:00,3882.73,26921.00862,104.3938494,182885,0.5136293836,0.2451554642,1080,,,1079,,,,,
2019-03-13 00:00:00+00:00,3866,24461.00876,94.68004946,186572,0.5248821352,0.262802283,1440,0.1374988228,0.09245187551,1440,13.74988228,0.4560764073,2.675813681,2.409364625,0.09857396457
2019-03-14 00:00:00+00:00,3877.12,27048.74853,104.6730388,196651,0.5266216033,0.3682810023,1440,0.2048504652,0.3270551794,1440,20.48504652,0.2744000962,,0,0.120604972
2019-03-15 00:00:00+00:00,3923.76,21740.0615,84.91990072,163866,0.5531587634,0.2391468586,1440,0.1535540677,0.1401233876,1440,15.35540677,1.408123146,2.110187806,1.891904627,0.1251760353
2019-03-16 00:00:00+00:00,4005.98,28568.37612,114.2276064,216198,0.5453803539,0.3698074324,1440,0.2055534663,0.2685343966,1440,20.55534663,1.815486433,2.96579989,2.226595887,0.133740927
2019-03-17 00:00:00+00:00,3981.14,18814.25558,74.89391306,146953,0.5276380199,0.2700153272,1440,0.08275772385,0.04668621311,1440,8.275772385,0.8305126575,1.747459045,1.696524865,0.1314419508
2019-03-18 00:00:00+00:00,3987.81,22454.47801,89.52625839,157876,0.5328197682,0.2750817967,1440,0.1396574667,0.1751803884,1440,13.96574667,0.186983978,1.985832994,1.970509436,0.1393530264
2019-03-19 00:00:00+00:00,4015.53,19893.74182,79.50374836,147394,0.5401513031,0.240479402,1440,0.1501766993,0.1296187637,1440,15.01766993,0.8712967344,1.857618747,2.021294088,0.1395744127
2019-03-20 00:00:00+00:00,4043.04,23432.30025,94.01973423,175036,0.520700663,0.2985491974,1440,0.1619843705,0.220390717,1440,16.19843705,0.7261816512,2.667663511,2.346281597,0.123081005
2019-03-21 00:00:00+00:00,3980.64,35997.68212,144.0104015,236100,0.5195951721,0.4319628434,1440,0.2201809196,0.3538396068,1440,22.01809196,1.08007989,,1.908644072,0.1289879804
2019-03-22 00:00:00+00:00,3986.93,20022.60632,79.86194381,153703,0.5274885002,0.2110421435,1440,0.1076353768,0.111367448,1440,10.76353768,0.1977037773,1.767269195,1.789769491,0.1261115642
2019-03-23 00:00:00+00:00,4006.01,17302.60432,69.16981986,143155,0.5485385063,0.2347280371,1440,0.1473028832,0.1276136344,1440,14.73028832,0.690217543,1.800704473,2.107109296,0.140192658
2019-03-24 00:00:00+00:00,3992.18,17179.85065,68.52408275,131087,0.5015972549,0.2352659786,1440,0.176382698,0.1373913522,1440,17.6382698,0.5046818205,2.266919314,1.724162694,0.1076811021
2019-03-25 00:00:00+00:00,3936.12,33192.89022,131.5073664,227739,0.5136833435,0.3178166413,1440,0.1253132002,0.1262646045,1440,12.53132002,1.075375583,1.884633591,1.681890348,0.1130562383
2019-03-26 00:00:00+00:00,3948.55,29349.53763,115.330071,192418,0.5439235673,0.2330809388,1440,0.06042232698,0.04815507811,1440,6.042232698,0.273385454,1.857157402,1.953124714,0.1312073869
2019-03-27 00:00:00+00:00,4038.05,32364.55585,129.681258,224309,0.5550686585,0.26101051,1440,0.1168879082,0.1725770583,1440,11.68879082,1.728351468,1.273478239,1.442409287,0.1453367855
2019-03-28 00:00:00+00:00,4027.81,20089.29387,80.82223058,157060,0.5033440368,0.2088447805,1440,0.1389957904,0.138864501,1440,13.89957904,0.3141583981,2.030228617,1.86519069,0.1055463477
2019-03-29 00:00:00+00:00,4103.25,30084.21744,122.5858226,203826,0.55844928,0.3115594123,1440,0.1259469213,0.1608878396,1440,12.59469213,1.513758957,1.573827458,1.894863643,0.1451302828
2019-03-30 00:00:00+00:00,4106.97,19509.2926,79.85383558,162463,0.5290888289,0.296570996,1440,0.2755764736,0.266554543,1440,27.55764736,0.1134808002,1.756941538,1.66133568,0.1361675656
2019-03-31 00:00:00+00:00,4103.95,13525.08743,55.47214713,124046,0.5045924776,0.1868912975,1440,0.1469038988,0.09950851656,1440,14.69038988,0.1326081332,1.519430317,1.849891489,0.0960483986
2019-04-01 00:00:00+00:00,4144.56,25507.06764,105.3882381,184268,0.5063415953,0.2748261106,1440,0.1379243959,0.1550924189,1440,13.79243959,0.9343268829,1.998370744,2.182647147,0.09203009912
2019-04-02 00:00:00+00:00,4857.29,105383.6393,489.0187268,609133,0.5287931037,1.243753827,1440,0.2850743266,0.2128977444,1440,28.50743266,3.244948088,,0,0.1064718451
2019-04-03 00:00:00+00:00,4932.6,109890.1257,548.9009709,692019,0.5093777478,1.735986582,1440,0.558914078,0.5288814108,1440,55.8914078,0.2802976129,10.05529374,7.264533944,0.1049482161
2019-04-04 00:00:00+00:00,4898.66,61054.25417,301.411332,419141,0.5110750885,0.7370530121,1440,0.2664532928,0.2504500803,1440,26.64532928,0.2290734734,,1.257981037,0.08874924225
2019-04-05 00:00:00+00:00,5004.95,39768.55281,197.6608307,292375,0.5339806138,0.5353293902,1440,0.217127375,0.1989887829,1440,21.7127375,1.085987765,0.7742758096,2.248782919,0.09527451773
2019-04-06 00:00:00+00:00,5043.89,41770.84231,210.9634116,281237,0.5217999126,0.7241572281,1440,0.2399496632,0.2146196735,1440,23.99496632,0.3673711479,3.508264247,0,0.1216803378
2019-04-07 00:00:00+00:00,5170.27,37615.4868,192.9167506,274084,0.5185261308,0.6256604442,1440,0.2916744494,0.2566292682,1440,29.16744494,1.282796941,5.1056787,1.798279263,0.110351502
2019-04-08 00:00:00+00:00,5236.9,50178.43078,260.4870778,350828,0.5042438555,0.6486669112,1440,0.2613559129,0.2269803931,1440,26.13559129,0.491571743,0.3374927611,0.9149316008,0.119168378
2019-04-09 00:00:00+00:00,5150,34067.01231,175.6336273,253381,0.4980479638,0.4912490865,1440,0.2936682791,0.2622518709,1440,29.36682791,0.9527221975,,0,0.1020223544
2019-04-10 00:00:00+00:00,5308.25,40073.62047,210.8700345,260967,0.530763647,0.651463701,1440,0.155486143,0.2033888136,1440,15.5486143,1.435267912,,0,0.1212425424
2019-04-11 00:00:00+00:00,5017.37,54696.60069,277.7369059,369304,0.4868878884,0.7498051821,1440,0.2832339381,0.264665716,1440,28.32339381,2.029126157,,0,0.1228385422
2019-04-12 00:00:00+00:00,5048.01,33276.67861,166.4857611,226036,0.5078508805,0.4848161062,1440,0.2364297482,0.2826800424,1440,23.64297482,0.365689783,,0,0.117755215
2019-04-13 00:00:00+00:00,5045.22,17292.4568,87.37598444,138674,0.5026499912,0.3258756051,1440,0.2167127726,0.1505968856,1440,21.67127726,0.06327205765,,0.7585703543,0.1246967367
2019-04-14 00:00:00+00:00,5131.3,18281.60774,92.59493043,131700,0.5493998017,0.3476966108,1440,0.1285958209,0.1216652368,1440,12.85958209,1.827073893,1.815559904,1.798263833,0.1252789322
2019-04-15 00:00:00+00:00,5024.95,29057.19158,147.6875519,204944,0.4876676523,0.5200013693,1440,0.1959910935,0.2017851549,1440,19.59910935,1.418097495,4.956233508,2.235539852,0.1399670579
2019-04-16 00:00:00+00:00,5173.72,24242.22949,123.5816517,168550,0.5281953861,0.4446910589,1440,0.2578822661,0.2943314071,1440,25.78822661,2.360905645,,1.518680919,0.1255712711
2019-04-17 00:00:00+00:00,5202.82,23307.53613,120.9723455,179490,0.5222573357,0.4111827479,1440,0.2239022228,0.2044032099,1440,22.39022228,0.4636448684,3.165696387,1.969011607,0.1104507604
2019-04-18 00:00:00+00:00,5258.44,22619.239,118.5731299,167110,0.5351573911,0.3792750668,1440,0.2450551744,0.1805818551,1440,24.50551744,0.8967983339,2.653338065,2.066635082,0.1012639097
2019-04-19 00:00:00+00:00,5258.68,24611.23632,128.9373096,178148,0.5237316474,0.4220811364,1440,0.2187978252,0.2161823739,1440,21.87978252,0.003539694688,4.258350219,2.069983229,0.1056309903
2019-04-20 00:00:00+00:00,5291.73,19168.90827,101.3436602,157080,0.5232051882,0.3423207637,1440,0.1196629352,0.1679806876,1440,11.96629352,0.6182113264,3.023997417,2.12945164,0.1351851831
2019-04-21 00:00:00+00:00,5256.14,25549.57094,133.9299312,210494,0.5145985053,0.4101688484,1440,0.1747537101,0.1547581574,1440,17.47537101,0.5038685104,3.482199061,2.135888418,0.1568486251
2019-04-22 00:00:00+00:00,5357.14,29563.85231,156.632203,210361,0.5353837073,0.4528210336,1440,0.1253520066,0.1358067085,1440,12.53520066,1.215160942,3.912519552,2.224048132,0.1487407404
2019-04-23 00:00:00+00:00,5493.31,41262.10392,227.1540619,282563,0.5152431033,0.6102848156,1440,0.219505275,0.2273579203,1440,21.9505275,1.105009412,,0.5123823697,0.145048742
2019-04-24 00:00:00+00:00,5415,48224.15241,262.4932529,339599,0.4852586795,0.5904301422,1440,0.1893419388,0.1786778419,1440,18.93419388,0.5469895937,3.054557603,0,0.1072525626
2019-04-25 00:00:00+00:00,5219.9,49636.08995,265.0915656,331089,0.4311615195,0.7417682778,1440,0.231395234,0.2762617636,1440,23.1395234,1.384224947,,0,0.1634302087
2019-04-26 00:00:00+00:00,5314.1,48912.29451,259.6597057,333183,0.5126874244,0.6516396559,1440,0.1902126949,0.1512306753,1440,19.02126949,0.6888023195,,0,0.1515759155
2019-04-27 00:00:00+00:00,5295.69,15422.89694,81.74971642,145733,0.513407247,0.3463304285,1440,0.2147867419,0.1463416648,1440,21.47867419,0.4245131788,3.27699873,2.343737092,0.1066713719
2019-04-28 00:00:00+00:00,5307.52,14371.43387,76.27708737,127730,0.4982643896,0.3216702621,1440,0.2015861676,0.1652522421,1440,20.15861676,0.2925387871,2.012824615,1.918413828,0.09657881695
2019-04-29 00:00:00+00:00,5238.14,19918.13508,104.8221515,178472,0.5012327759,0.3997873322,1440,0.2217413508,0.1744157177,1440,22.17413508,1.255288998,4.538998136,3.034675897,0.1017511961
2019-04-30 00:00:00+00:00,5320.81,22238.06823,117.3098392,180989,0.5515116156,0.3653099957,1440,0.09855768109,0.09931652904,1440,9.855768109,1.334847445,3.723559211,2.13916909,0.1089722875
2019-05-01 00:00:00+00:00,5383.2,17217.47322,92.1949356,161488,0.5596794476,0.302317493,1440,0.08299893923,0.05785930166,1440,8.299893923,1.264434474,2.781554973,2.404917455,0.1330367873
2019-05-02 00:00:00+00:00,5492.87,22795.78783,124.4985672,181896,0.5224165086,0.3264429684,1440,0.1074230414,0.1269475543,1440,10.74230414,1.619929864,1.98940599,1.726144228,0.1543095357
2019-05-03 00:00:00+00:00,5772.69,46297.17285,264.4358789,338298,0.539833032,0.6358422599,1440,0.2012285181,0.1968824061,1440,20.12285181,1.87899195,,0,0.1350730598
2019-05-04 00:00:00+00:00,5829.45,39682.40899,228.9425825,283145,0.5301416928,0.5972113755,1440,0.1419529161,0.1204886233,1440,14.19529161,0.4273770217,,0,0.1315353054
2019-05-05 00:00:00+00:00,5775.62,23822.54377,137.6531608,185365,0.4963402747,0.4906231436,1440,0.160591297,0.1452201768,1440,16.0591297,0.6739435757,2.984746774,2.003435215,0.1434401969
2019-05-06 00:00:00+00:00,5747.79,25256.59632,144.3585539,230431,0.5116534835,0.5032793128,1440,0.2095506736,0.1645029393,1440,20.95506736,0.3345958186,1.666204553,0,0.1393277854
2019-05-07 00:00:00+00:00,5846.34,39905.06442,236.1766638,301388,0.5338415443,0.6280599961,1440,0.185224422,0.1801675086,1440,18.5224422,0.7198167273,3.146265953,0,0.1365820426
2019-05-08 00:00:00+00:00,5987.29,23074.18691,136.2460556,190969,0.5183730377,0.5108212818,1440,0.253090335,0.2032073461,1440,25.3090335,1.748532427,2.86155233,2.986359044,0.121660424
2019-05-09 00:00:00+00:00,6209.18,27453.01144,167.4899343,227841,0.5054156768,0.4772921037,1440,0.1372257799,0.1337050571,1440,13.72257799,2.172665076,3.096614864,1.965137936,0.1230007299
2019-05-10 00:00:00+00:00,6373.33,36623.61079,231.8013424,283074,0.5064745828,0.630925003,1440,0.1997932328,0.1723418987,1440,19.97932328,1.12567311,3.340135027,0,0.1419699284
2019-05-11 00:00:00+00:00,7076.22,74022.42439,507.2160013,562540,0.5416196179,1.124541856,1440,0.2094288688,0.1494497576,1440,20.94288688,2.06258814,5.854385726,0,0.1200904199
2019-05-12 00:00:00+00:00,6967.31,86948.97534,619.9394545,647345,0.4909728897,1.502680491,1440,0.4726807743,0.2927832674,1440,47.26807743,0.2501963083,5.043969309,0,0.1044941289
2019-05-13 00:00:00+00:00,7790.71,85804.73533,648.0126123,588497,0.5288899509,1.348017228,1440,0.2901952028,0.2174434155,1440,29.01952028,1.723774901,,0,0.1041309014
2019-05-14 00:00:00+00:00,7947.56,76583.7226,611.103206,655426,0.5086333102,1.318300287,1440,0.3262053962,0.1881059321,1440,32.62053962,0.3261800119,6.353526099,3.864280605,0.09373360353
2019-05-15 00:00:00+00:00,8169.87,37884.32721,305.1962853,347533,0.518963319,0.7793058077,840,,,839,,,,,
2019-05-16 00:00:00+00:00,7866.59,69630.514,557.1261713,666538,0.504052062,1.093266673,1440,0.4104470719,0.3092381756,1440,41.04470719,0.678990169,9.329091354,3.873789955,0.08795040431
2019-05-17 00:00:00+00:00,7355.26,88752.00816,645.6764874,803893,0.508399482,1.668041608,1440,0.4683026609,0.2915455045,1440,46.83026609,1.040907875,,0,0.09567831984
2019-05-18 00:00:00+00:00,7257.45,37054.94478,271.1705111,379504,0.5228950812,0.7976089906,1440,0.4018263285,0.2541995582,1440,40.18263285,0.4936811164,6.593162247,3.3399683,0.0957318968
2019-05-19 00:00:00+00:00,8148.48,65577.44206,517.7294744,583432,0.5427703324,1.030264233,1440,0.2279910419,0.166800084,1440,22.79910419,2.236744962,3.710223022,1.440012203,0.1006814545
2019-05-20 00:00:00+00:00,7938.15,65859.20856,517.9392779,610360,0.5258132674,1.114378027,1440,0.3770764427,0.2334397921,1440,37.70764427,0.504907762,1.441303619,1.681652532,0.1121297691
2019-05-21 00:00:00+00:00,7904.87,52301.75225,413.6377824,554038,0.5214425765,0.7476332968,1440,0.2676855796,0.1646509468,1440,26.76855796,0.101567738,5.323379125,3.883099628,0.09791296492
2019-05-22 00:00:00+00:00,7628.43,49136.99459,384.7302207,461337,0.4967939709,0.864068916,1440,0.2161101861,0.1726997634,1440,21.61101861,0.9252449095,7.046975428,2.460516982,0.09816547506
2019-05-23 00:00:00+00:00,7851.51,49648.1847,381.5362395,449220,0.5228763145,0.7503308183,1440,0.2475230151,0.1575133989,1440,24.75230151,0.7554672292,4.9457712,3.00472436,0.1065535375
2019-05-24 00:00:00+00:00,7964.87,46664.78532,371.3810437,428676,0.5367159252,0.6154656807,1440,0.1993166162,0.1521015757,1440,19.93166162,0.3859850168,3.917385256,4.122227945,0.1024095032
2019-05-25 00:00:00+00:00,8025.41,28414.32882,227.3762806,264448,0.529210635,0.4741916449,1440,0.2750504989,0.1534074819,1440,27.50504989,0.3330222577,3.893193712,2.829791411,0.1061105881
2019-05-26 00:00:00+00:00,8614.43,49652.14457,409.6163224,377306,0.5324834815,0.8668342132,1440,0.2355453134,0.1994786377,1440,23.55453134,1.729080171,,0,0.1060105865
2019-05-27 00:00:00+00:00,8756.32,51886.76879,452.6512049,478773,0.534285913,0.8431380261,1440,0.2843579639,0.2252003543,1440,28.43579639,0.3609185408,,1.352429802,0.118102046
2019-05-28 00:00:00+00:00,8715.64,31470.55153,273.7919106,349123,0.5262658582,0.5948990357,1440,0.3773252572,0.2267763082,1440,37.73252572,0.1700785268,4.632504817,2.669008349,0.111312548
2019-05-29 00:00:00+00:00,8645.68,33880.86592,292.094591,352317,0.5187464912,0.562289126,1440,0.1702437816,0.1190166112,1440,17.02437816,0.2759153679,4.508646503,2.712864864,0.09810775436
2019-05-30 00:00:00+00:00,8269.54,70379.99852,603.3125374,617341,0.4912945627,1.120559298,1440,0.182636649,0.1694065199,1440,18.2636649,0.7372777245,,0,0.1333663566
2019-05-31 00:00:00+00:00,8555,44727.49162,373.6296739,416525,0.5229823451,0.7503174001,1440,0.1514269544,0.08563846856,1440,15.14269544,0.9083064049,5.292715136,3.458980595,0.162076616
2019-06-01 00:00:00+00:00,8544.07,31868.23416,272.0984363,348375,0.5310197717,0.5419051334,1440,0.1817595196,0.08810628545,1440,18.17595196,0.04698418312,5.02717521,3.237216747,0.1147542154
2019-06-02 00:00:00+00:00,8725.98,27835.13327,241.4145967,299353,0.5240099575,0.5792089471,1440,0.2360418584,0.1712454586,1440,23.60418584,0.8726608878,5.376578278,3.225508745,0.09396446175
2019-06-03 00:00:00+00:00,8115.82,45692.9651,387.155495,431252,0.492730485,0.8229365376,1440,0.1739200039,0.1831849451,1440,17.39200039,1.872362406,3.322150949,3.286102508,0.1116021292
2019-06-04 00:00:00+00:00,7687.03,74143.94894,582.1733983,645913,0.4960161639,1.018721192,1440,0.1326317879,0.1269676673,1440,13.26317879,0.9323811498,,0,0.1553717429
2019-06-05 00:00:00+00:00,7776.5,48679.65645,377.635818,426120,0.5401955534,0.8077472674,1440,0.1326164026,0.08193579288,1440,13.26164026,0.3064294195,,0,0.1592262652
2019-06-06 00:00:00+00:00,7786.7,36624.11875,282.1564105,371485,0.5154523038,0.6526956772,1440,0.225479282,0.1542827685,1440,22.5479282,0.04645595681,,0,0.1303873432
2019-06-07 00:00:00+00:00,7980.53,33942.22566,269.1257281,323096,0.5065541597,0.53343975,1379,0.1551629165,0.1424573424,1378,15.51629165,0.9136129556,,1.275363758,0.1169096397
2019-06-08 00:00:00+00:00,7893.62,22657.32963,179.04732,250864,0.5205863835,0.5465874192,1440,0.3457791177,0.169573755,1440,34.57791177,0.6115694465,4.347308747,2.417163415,0.1033168118
2019-06-09 00:00:00+00:00,7628.13,31568.46516,243.970971,322175,0.5142673612,0.6493857888,1440,0.1525160756,0.09699777114,1440,15.25160756,1.402302415,3.944322478,2.330469417,0.09664791806
2019-06-10 00:00:00+00:00,7982.75,36756.07847,287.12534,387179,0.5411586162,0.6795863161,1440,0.2343209153,0.2177418749,1440,23.43209153,1.582592242,,0,0.1180635904
2019-06-11 00:00:00+00:00,7884.9,30334.99943,238.0317715,309059,0.52064522,0.5544004608,1440,0.1572648303,0.1508847781,1440,15.72648303,0.5181419909,1.157853153,2.518215962,0.1208406776
2019-06-12 00:00:00+00:00,8127.64,41597.08262,333.2917266,361980,0.5487620666,0.6301646943,1440,0.1176841846,0.148892238,1440,11.76841846,0.9097453692,1.702399785,2.534716715,0.1357760384
2019-06-13 00:00:00+00:00,8218.54,30467.76434,248.4181848,341246,0.5284326466,0.5008004036,1440,0.1967760488,0.1413926214,1440,19.67760488,0.4477119585,4.476365288,2.288281549,0.1245199158
2019-06-14 00:00:00+00:00,8650,39835.24625,333.4754886,410072,0.5264338946,0.5645727355,1440,0.2665515497,0.2827827023,1440,26.65515497,1.53434795,3.677798835,1.91517299,0.08969481552
2019-06-15 00:00:00+00:00,8808.7,31791.63604,276.4207693,335840,0.5283898971,0.488802245,1440,0.1994450024,0.2050081521,1440,19.94450024,0.6577128257,1.498448576,0.7646238138,0.1043373317
2019-06-16 00:00:00+00:00,8953.33,63289.25122,574.211343,552319,0.5341220096,0.9362242374,1440,0.233943047,0.2163958289,1440,23.3943047,0.2836178849,,0,0.1212515083
2019-06-17 00:00:00+00:00,9313.96,47895.48537,441.5672961,462160,0.5183573495,0.7522979449,1440,0.3159568703,0.3204431341,1440,31.59568703,0.8942876922,5.443990955,0,0.1082105526
2019-06-18 00:00:00+00:00,9081.55,51554.5694,470.2719543,449730,0.5442203797,0.686303869,1440,0.1247411984,0.1096477189,1440,12.47411984,0.5373373177,3.392159104,0,0.1435850818
2019-06-19 00:00:00+00:00,9255.49,32147.70649,293.7480627,306202,0.5453960773,0.4588834067,1440,0.1224980548,0.1572006773,1440,12.24980548,0.645859786,,0,0.1617351818
2019-06-20 00:00:00+00:00,9517.12,34556.05398,323.6218482,350662,0.5218243589,0.5049973011,1440,0.1777583664,0.159232185,1440,17.77583664,0.8613569573,1.777452382,0,0.1513147588
2019-06-21 00:00:00+00:00,10159.86,50484.41589,494.783688,474344,0.5606825839,0.7034556147,1440,0.1033955128,0.1024958118,1440,10.33955128,1.320827305,2.456139246,0,0.1435709489
2019-06-22 00:00:00+00:00,10729.5,104169.448,1112.069568,923334,0.5312174026,1.429770643,1440,0.09864062421,0.08080538463,1440,9.864062421,0.4905475008,,0,0.2008525156
2019-06-23 00:00:00+00:00,10906.07,57445.32394,625.3303747,557935,0.5244952759,1.07082448,1440,0.252982071,0.1554919663,1440,25.2982071,0.2610229471,6.098722757,0,0.09989161763
2019-06-24 00:00:00+00:00,11056.59,43101.04529,469.7466639,440335,0.5260757297,0.7386578083,1440,0.2305559886,0.1580605348,1440,23.05559886,0.2917980344,1.802172313,1.318244661,0.108046643
2019-06-25 00:00:00+00:00,11820.86,61276.68665,697.7739863,597798,0.5359025979,0.8676463719,1440,0.268832352,0.2727336362,1440,26.8832352,0.9578909273,7.926443301,2.70083587,0.114495377
2019-06-26 00:00:00+00:00,13093.8,155930.1474,1996.178375,1355074,0.4876931465,2.593448029,1440,0.3164954901,0.207433193,1440,31.64954901,0.5123443359,,0,0.1187952203
2019-06-27 00:00:00+00:00,11329.99,173894.8209,2058.443849,1357233,0.4625906597,2.33231801,1440,0.2089829611,0.1559574399,1440,20.89829611,0.7028884628,,0,0.1298645246
2019-06-28 00:00:00+00:00,12400.63,95795.20396,1129.888341,883116,0.5099118313,1.540788951,1440,0.3861225495,0.2402931665,1440,38.61225495,0.7991416677,,0,0.08513204217
2019-06-29 00:00:00+00:00,11903.13,69642.07416,829.0118222,732073,0.5178113921,1.370301168,1440,0.3661173912,0.2261358855,1440,36.61173912,0.4939119797,,0,0.107939956
2019-06-30 00:00:00+00:00,10854.1,84512.53044,971.1510509,711267,0.5052202292,1.286589127,1440,0.1722508995,0.1395883978,1440,17.22508995,0.9499912693,5.317605969,3.480530448,0.156910465
2019-07-01 00:00:00+00:00,10624.93,90962.26827,972.3432819,757458,0.4860365644,1.420040092,1440,0.169133754,0.1331653899,1440,16.9133754,0.2194673696,,0,0.1364422181
2019-07-02 00:00:00+00:00,10842.85,109561.0387,1128.353805,870148,0.5019896146,1.531727262,1440,0.2123563307,0.1321804147,1440,21.23563307,0.1799324817,,0,0.1250106132
2019-07-03 00:00:00+00:00,11940,96815.90029,1097.804643,814754,0.5124531879,1.334933323,1440,0.1895111014,0.1782002684,1440,18.95111014,0.878008961,,0,0.1402539553
2019-07-04 00:00:00+00:00,11145.67,66512.22189,775.8188974,643867,0.5055740269,1.081353199,1440,0.3480937755,0.2814312644,1440,34.80937755,0.8873594923,3.259221496,3.055072651,0.1315386953
2019-07-05 00:00:00+00:00,10970.73,63534.35058,705.853649,564857,0.5084952307,1.068801396,1440,0.1380873456,0.1235864567,1440,13.80873456,0.2241295274,,1.475331196,0.1049928227
2019-07-06 00:00:00+00:00,11256.49,51469.49633,585.0013762,470692,0.4974206337,0.9240899418,1440,0.1546950184,0.1899283517,1440,15.46950184,0.4395551029,,2.076542729,0.1234106766
2019-07-07 00:00:00+00:00,11406.24,38884.7956,439.4390529,366769,0.5773285104,0.731603983,1440,0.1551057409,0.148707731,1440,15.51057409,0.3007407462,,1.386245163,0.1439509432
2019-07-08 00:00:00+00:00,12238.6,52182.36721,618.5306844,507860,0.5315990625,0.7288117987,1440,0.1331239447,0.1747730036,1440,13.31239447,1.138736027,,0,0.1687372099
2019-07-09 00:00:00+00:00,12543.41,78442.13034,975.986802,660273,0.5226006968,1.043941652,1440,0.05418092853,0.06130422399,1440,5.418092853,0.2520580868,,0,0.2191267706
2019-07-10 00:00:00+00:00,12108.37,109246.045,1369.74994,899391,0.429898958,1.249152499,1440,0.08936286582,0.1819662544,1440,8.936286582,0.2577001687,6.609821311,0,0.2149567354
2019-07-11 00:00:00+00:00,11342.89,87506.46106,1007.356802,760057,0.4995534689,1.27977109,1440,0.222417855,0.2397172009,1440,22.2417855,0.6482889969,7.006639138,0,0.1386400042
2019-07-12 00:00:00+00:00,11757.22,56321.85828,649.8248208,537561,0.5378217317,0.8580352541,1440,0.2267248893,0.1871899157,1440,22.67248893,0.5520934704,,0,0.1186394783
2019-07-13 00:00:00+00:00,11355.76,54245.59455,614.050008,510305,0.4877826201,0.9144035472,1440,0.2537767297,0.2566717804,1440,25.37767297,0.565791309,,0,0.09801720563
2019-07-14 00:00:00+00:00,10174.18,72517.57924,777.6461516,649043,0.4944138034,1.206666042,1440,0.27691677,0.251083119,1440,27.691677,1.412878667,3.19702783,0,0.1138990971
2019-07-15 00:00:00+00:00,10838.72,81922.42633,851.0287237,732206,0.5091913353,1.214741165,1440,0.2761920577,0.2179308397,1440,27.61920577,0.7434739592,,0,0.1194299864
2019-07-16 00:00:00+00:00,9439.59,97219.44341,982.4621667,796646,0.4864864721,1.486488329,1440,0.2902454422,0.3019073096,1440,29.02454422,1.406795758,7.880977215,3.339012473,0.1257262758
2019-07-17 00:00:00+00:00,9667.92,84942.67272,809.5555083,757742,0.5070845285,1.319167713,1440,0.3601536977,0.3153668342,1440,36.01536977,0.2952316528,7.0128136,4.50126018,0.09953994295
2019-07-18 00:00:00+00:00,10627.16,80283.31025,807.8227452,734821,0.5244345881,1.391879836,1440,0.4434319589,0.4118180519,1440,44.34319589,1.171046504,6.297624804,4.831018274,0.107428341
2019-07-19 00:00:00+00:00,10504.29,56546.93213,589.9316123,567735,0.5140925666,1.193798157,1440,0.4161160137,0.3569319804,1440,41.61160137,0.197128665,,0,0.09698741096
2019-07-20 00:00:00+00:00,10740.23,47331.89985,505.5690164,461660,0.5282615241,0.8209553365,1440,0.2672240119,0.3511465897,1440,26.72240119,0.4393615561,3.351954589,1.206859171,0.1124191466
2019-07-21 00:00:00+00:00,10589.45,38834.28794,409.661486,395452,0.5239062814,0.7677636136,1440,0.227812946,0.2351616334,1440,22.7812946,0.3451210848,,2.197824753,0.123650539
2019-07-22 00:00:00+00:00,10340.31,40467.95484,421.0163794,389565,0.4777956281,0.8580509339,1440,0.1706879892,0.2542993941,1440,17.06879892,0.565497552,5.702265396,3.799670215,0.1418675268
2019-07-23 00:00:00+00:00,9864.91,47624.37071,478.4419094,448147,0.5056719652,0.7715229429,1440,0.1754284518,0.1580114554,1440,17.54284518,0.9837314017,3.419975825,1.967900481,0.1525261786
2019-07-24 00:00:00+00:00,9763.28,43475.38038,422.5341621,424762,0.5052002615,0.8173544499,1440,0.2367042297,0.2574225375,1440,23.67042297,0.2450833011,,2.284883161,0.134767861
2019-07-25 00:00:00+00:00,9879.87,37873.35473,378.9384501,368176,0.5098046256,0.7193838675,1440,0.2508961099,0.2577626909,1440,25.08961099,0.3132684011,,1.921054786,0.1218939643
2019-07-26 00:00:00+00:00,9824,27167.46322,265.1081031,299935,0.5155663347,0.5995816725,1440,0.2543238765,0.2863483038,1440,25.43238765,0.2139120723,5.457123303,2.52707382,0.1170976636
2019-07-27 00:00:00+00:00,9476.52,43809.7783,424.932725,401418,0.4891157442,0.9211046505,1440,0.221376209,0.3229388249,1440,22.1376209,0.8474567625,,0,0.142183208
2019-07-28 00:00:00+00:00,9541.54,29401.02294,278.5372861,271327,0.5821713472,0.7506738477,1440,0.1497652012,0.3960580731,1440,14.97652012,0.2454873399,3.817856668,4.345633611,0.1586480023
2019-07-29 00:00:00+00:00,9507.64,29021.93741,277.4977568,294468,0.5538971001,0.6654346638,1440,0.1663588065,0.2132367183,1440,16.63588065,0.1282609316,7.526220446,3.676421742,0.2020792006
2019-07-30 00:00:00+00:00,9574.21,32536.36883,310.8679283,283961,0.5289775802,0.4907950818,1440,0.0332405868,0.05521524533,1440,3.32405868,0.2244470584,3.205548276,1.452930658,0.2285801187
2019-07-31 00:00:00+00:00,10080.53,39515.35456,389.6907614,364212,0.5374014694,0.5317787135,1440,0.08153782959,0.1183266,1440,8.153782959,1.322402802,5.704314635,1.794763597,0.1985073299
2019-08-01 00:00:00+00:00,10374.99,41727.63703,422.1565237,378062,0.533097991,0.5377495533,1440,0.1123525367,0.1998876265,1440,11.23525367,0.6820281109,4.918220389,2.382720343,0.1507553318
2019-08-02 00:00:00+00:00,10523.75,42990.44422,450.3232842,431322,0.5165365349,0.5811517136,1440,0.1793665323,0.2845053463,1440,17.93665323,0.3161396692,5.254316149,0.6237257316,0.1428662197
2019-08-03 00:00:00+00:00,10816.86,33802.31882,363.8527999,348893,0.5364285747,0.5310849261,1440,0.1122785725,0.1071524298,1440,11.22785725,0.7550146739,4.618405552,3.031642971,0.1742545443
2019-08-04 00:00:00+00:00,10929.23,39924.74514,431.7938734,353721,0.5526990386,0.5641621025,1440,0.07809667945,0.142566967,1440,7.809667945,0.2393462266,3.973170281,1.0733672,0.1632638665
2019-08-05 00:00:00+00:00,11828.8,65153.67371,757.9765472,622610,0.5146305457,0.7588168152,1440,0.1128092043,0.182812794,1440,11.28092043,1.043520208,4.450421404,1.024850455,0.2171705007
2019-08-06 00:00:00+00:00,11481.69,76705.38987,904.1190816,625827,0.4891718435,0.9590225512,1440,0.0922924468,0.2263405219,1440,9.22924468,0.329421686,,0,0.2360744058
2019-08-07 00:00:00+00:00,11975.03,69173.39035,814.5979791,592916,0.5255955467,1.030570887,1440,0.1015595061,0.1645742349,1440,10.15595061,0.516451759,7.825034421,3.745665676,0.207581962
2019-08-08 00:00:00+00:00,11999.77,51207.25717,604.3891311,473584,0.5363146218,0.6998310466,1440,0.07006959299,0.1630938496,1440,7.006959299,0.0341474444,5.937687528,3.232758431,0.2271922088
2019-08-09 00:00:00+00:00,11879.99,39427.15259,467.0110479,410902,0.5091522109,0.6357788244,1440,0.09580177878,0.1240009249,1440,9.580177878,0.2148131355,4.479921395,2.203922211,0.2582972243
2019-08-10 00:00:00+00:00,11309.31,42633.08705,492.2179645,399237,0.4013578716,0.710770598,1440,0.09051518842,0.246244793,1440,9.051518842,1.000150247,,0.2845442306,0.2407319085
2019-08-11 00:00:00+00:00,11549.97,26772.90691,304.8624034,306234,0.5605457133,0.5064595662,1440,0.07414048356,0.08637339816,1440,7.414048356,0.6906905877,3.426521209,2.713545877,0.2484147881
2019-08-12 00:00:00+00:00,11396.08,17568.22707,200.3254716,255966,0.5236971744,0.4189211465,1440,0.2806249364,0.2802316693,1440,28.06249364,0.6695805,3.566771283,2.006809387,0.1924706708
2019-08-13 00:00:00+00:00,10892.71,33234.72968,368.9944755,337834,0.4057068864,0.5060651429,1440,0.06507114388,0.09336491794,1440,6.507114388,1.224291459,4.145744797,1.23699531,0.2017517414
2019-08-14 00:00:00+00:00,10050.37,54451.8475,567.7247291,534507,0.4789668777,0.8398567876,1440,0.1625969613,0.2466626113,1440,16.25969613,1.417664306,4.79756232,2.403521554,0.2026995471
2019-08-15 00:00:00+00:00,10293.93,38174.45112,387.7058551,373368,0.5131202242,0.745419744,960,,,959,,,,,
2019-08-16 00:00:00+00:00,10331.54,51758.14292,527.2584464,504740,0.4988206702,1.002307147,1440,0.1868619252,0.2051287169,1440,18.68619252,0.06916818998,3.507907193,0,0.180387362
2019-08-17 00:00:00+00:00,10216.02,29000.5812,297.776329,332795,0.5059536441,0.7287984933,1440,0.1888856143,0.1724897791,1440,18.88856143,0.3776081183,4.961025125,3.212533425,0.1477899299
2019-08-18 00:00:00+00:00,10306.78,24085.39517,248.5088725,265705,0.5381468091,0.55882813,1440,0.07936968903,0.07411083272,1440,7.936968903,0.3559170576,5.011931119,2.49811798,0.1787105281
2019-08-19 00:00:00+00:00,10915.54,37243.31922,396.233441,337022,0.5528894042,0.5701220396,1440,0.09258417806,0.1813315901,1440,9.258417806,1.448275812,4.105248427,2.873388356,0.2195771874
2019-08-20 00:00:00+00:00,10760.51,32298.92168,346.6644531,305065,0.4959157735,0.5123309584,1440,0.07565988342,0.0884711599,1440,7.565988342,0.4126327482,4.003499321,2.584603844,0.1798931636
2019-08-21 00:00:00+00:00,10142.57,47355.71928,482.8892745,458814,0.4554007602,0.717641704,1440,0.1151547891,0.191728407,1440,11.51547891,1.224743161,,0,0.2166068992
2019-08-22 00:00:00+00:00,10099.88,34059.64274,341.3714429,401148,0.5261932557,0.6666126374,1440,0.237457623,0.1996767827,1440,23.7457623,0.1235567657,3.632853834,1.443989006,0.1704873516
2019-08-23 00:00:00+00:00,10389.55,27550.33617,282.7324318,326866,0.537155563,0.5373744666,1440,0.2549967017,0.3798174407,1440,25.49967017,1.000131132,2.62178501,2.309862404,0.1384866865
2019-08-24 00:00:00+00:00,10134.35,27692.45684,279.9621336,313227,0.491959414,0.5623670159,1440,0.2338264275,0.3583111932,1440,23.38264275,0.8883290507,,0.369972366,0.143780275
2019-08-25 00:00:00+00:00,10142.69,26271.6574,265.1327613,289956,0.4904798178,0.6525025632,1440,0.1770333254,0.214378279,1440,17.70333254,0.03102616644,1.455123014,1.954335173,0.1496483506
2019-08-26 00:00:00+00:00,10372.25,41687.5116,432.2498355,405316,0.5437262763,0.689288277,1440,0.1248273769,0.2569077593,1440,12.48273769,0.5177728232,,1.139927643,0.22432225
2019-08-27 00:00:00+00:00,10185.05,28402.77538,289.3406811,292888,0.4877143853,0.467687873,1440,0.05285908014,0.07208631188,1440,5.285908014,0.6294659923,3.792456428,2.838661078,0.1927357094
2019-08-28 00:00:00+00:00,9721,42110.55537,420.034883,381293,0.4614240396,0.6603360093,1440,0.1308826755,0.338164063,1440,13.08826755,1.110204578,,0,0.2152736337
2019-08-29 00:00:00+00:00,9498.44,35532.69491,337.8387616,343887,0.4935248647,0.6087590897,1440,0.205079325,0.2584400391,1440,20.5079325,0.6855613351,3.408799263,3.074296916,0.1817099907
2019-08-30 00:00:00+00:00,9584.54,26834.3181,255.8548745,259270,0.5302118278,0.4757323225,1440,0.1998041125,0.1858807357,1440,19.98041125,0.352692483,3.750001525,3.003124793,0.1005962423
2019-08-31 00:00:00+00:00,9587.47,17130.29007,164.1167565,199188,0.4995915526,0.3863045033,1440,0.188828363,0.1748147829,1440,18.8828363,0.01862417515,4.045976093,2.474380763,0.09809203624
2019-09-01 00:00:00+00:00,9724.98,19545.40484,188.5132891,191324,0.5907071606,0.4131852811,1440,0.09538322032,0.1303092977,1440,9.538322032,0.7554266014,3.724885711,2.053954116,0.1463117485
2019-09-02 00:00:00+00:00,10340,44740.24809,448.4621786,354155,0.5619167796,0.5078906342,1440,0.09781549024,0.1985963034,1440,9.781549024,1.367384789,4.551994324,2.490468321,0.2445671972
2019-09-03 00:00:00+00:00,10615.28,47998.37678,505.6176674,416076,0.5153154111,0.5917936254,1440,0.1673547948,0.3069466905,1440,16.73547948,0.5196535878,4.816620403,2.774902372,0.1589012655
2019-09-04 00:00:00+00:00,10567.02,43943.88903,463.5265093,383457,0.5061925139,0.5569574263,1440,0.1642223099,0.2592077373,1440,16.42223099,0.09830381523,4.434876149,2.825504801,0.1455839211
2019-09-05 00:00:00+00:00,10564.49,33970.96064,358.8613408,309846,0.4867436038,0.4726107063,1440,0.03910861934,0.1136040616,1440,3.910861934,0.006672572662,3.056745379,0,0.1814495874
2019-09-06 00:00:00+00:00,10298.73,58799.64096,623.6629844,455334,0.5094069273,0.725951809,1440,0.06993932105,0.1893156965,1440,6.993932105,0.4085185634,7.190379068,8.17533349,0.2540021613
2019-09-07 00:00:00+00:00,10455.88,27637.87739,287.8511312,272011,0.5309195423,0.4301236955,1440,0.09934097362,0.1627605958,1440,9.934097362,0.5261022553,4.276049318,3.537788267,0.211714128
2019-09-08 00:00:00+00:00,10381.18,23984.67202,249.9009644,237752,0.4414733064,0.475817779,1440,0.07004096456,0.1219342194,1440,7.004096456,0.2869115843,4.628257608,2.439595323,0.209825264
2019-09-09 00:00:00+00:00,10303.12,39835.72761,409.7248319,330459,0.4701677064,0.5556495138,1440,0.08404688563,0.186387444,1440,8.404688563,0.1842160605,3.417711417,2.956005257,0.2623174681
2019-09-10 00:00:00+00:00,10098.15,28915.41223,294.3238395,286763,0.4645362382,0.492974822,1440,0.1276023211,0.28548403,1440,12.76023211,0.6827351556,,1.908714627,0.1783053881
2019-09-11 00:00:00+00:00,10158.33,31953.82456,321.6370855,309120,0.5189930571,0.5062494023,1440,0.1171179628,0.1574771108,1440,11.71179628,0.1847367756,3.997606822,1.416360067,0.1958724824
2019-09-12 00:00:00+00:00,10415.01,34511.16275,353.390091,317881,0.5375319671,0.3744523657,1440,0.1279492441,0.2203234043,1440,12.79492441,0.7061311831,1.669330091,1.821664173,0.1448548822
2019-09-13 00:00:00+00:00,10342.06,30280.33978,311.6320943,304947,0.5536217489,0.3620629167,1440,0.151989394,0.2470842424,1440,15.1989394,0.2255531267,,1.242436341,0.1598451652
2019-09-14 00:00:00+00:00,10335.02,23621.53352,244.0630071,253929,0.5713425286,0.3135014584,1440,0.1192705896,0.1924781109,1440,11.92705896,0.02790046912,2.284364232,1.745245011,0.1714338278
2019-09-15 00:00:00+00:00,10302.01,18047.65401,185.8533304,194733,0.4555607642,0.2287101691,1440,0.07862841518,0.1558140959,1440,7.862841518,0.1721307048,1.966119948,1.362331021,0.1710653431
2019-09-16 00:00:00+00:00,10251.31,28971.40166,296.3251302,274368,0.4620177654,0.380430879,1440,0.090409992,0.3612677421,1440,9.0409992,0.1664900823,,1.515619264,0.1698373303
2019-09-17 00:00:00+00:00,10187.82,22914.32456,233.9448126,287483,0.488577817,0.3261592267,1440,0.225052518,0.2844385673,1440,22.5052518,0.2655589201,2.504064389,1.51697721,0.1519036751
2019-09-18 00:00:00+00:00,10156.99,24250.2493,247.0243516,299466,0.4846593107,0.2866373847,1440,0.0903926711,0.1631275757,1440,9.03926711,0.1226903616,2.738817486,1.745053191,0.1164885381
2019-09-19 00:00:00+00:00,10244.29,44826.28258,447.676493,429727,0.5046880192,0.6354030617,1440,0.1515215476,0.4930279267,1440,15.15215476,0.1911723959,,0,0.1753015184
2019-09-20 00:00:00+00:00,10168.59,25088.49107,255.2052902,267032,0.4804746868,0.3217819154,1440,0.06692934763,0.1415859046,1440,6.692934763,0.2906256294,1.445892782,1.009937608,0.1855062701
2019-09-21 00:00:00+00:00,9986.39,20544.1752,206.0340345,245439,0.4519943678,0.3989487859,1440,0.1588092866,0.205513238,1440,15.88092866,0.877543918,4.33605842,1.892763333,0.186817804
2019-09-22 00:00:00+00:00,10028.87,22049.27526,220.1336316,253713,0.5079809559,0.4130631569,1440,0.2197488206,0.2187595596,1440,21.97488206,0.1928268566,3.633137612,1.908276096,0.1402372446
2019-09-23 00:00:00+00:00,9702.25,31937.23236,314.3905846,332817,0.4677960923,0.5482490382,1440,0.1587740825,0.2746902266,1440,15.87740825,1.053152284,3.697287922,1.59864465,0.120256583
2019-09-24 00:00:00+00:00,8493.14,94007.3452,838.9963092,748712,0.4572648343,1.842105536,1440,0.3207177092,0.3575912431,1440,32.07177092,1.586407915,,0,0.1658922722
2019-09-25 00:00:00+00:00,8430.05,60783.89226,512.4372004,544806,0.5016044689,0.9388270659,1440,0.2627485598,0.19780345,1440,26.27485598,0.1455022318,5.430816459,1.70506144,0.1033750887
2019-09-26 00:00:00+00:00,8063.73,67930.85375,552.7945309,522062,0.4911393249,1.178715442,1440,0.2886477565,0.4143319846,1440,28.86477565,0.8036706604,7.320282464,0,0.104166315
2019-09-27 00:00:00+00:00,8177.91,43882.92462,352.8007452,369518,0.5292459729,0.6616244278,1440,0.2838376309,0.274102635,1440,28.38376309,0.3985362364,,0,0.1177415737
2019-09-28 00:00:00+00:00,8198.81,34473.60517,280.6724047,319113,0.5283764137,0.5801310482,1440,0.2525061497,0.3409811629,1440,25.25061497,0.09093893803,1.999328413,1.176588806,0.1130369922
2019-09-29 00:00:00+00:00,8043.82,31544.21139,253.6606003,322501,0.4916084473,0.548209914,1440,0.1073890439,0.1126598946,1440,10.73890439,0.7523804261,2.226119669,2.038130399,0.116914076
2019-09-30 00:00:00+00:00,8289.34,55865.48726,449.1206768,455556,0.5200350409,0.7785107436,1440,0.183572353,0.2783568322,1440,18.3572353,0.6694471843,5.779714544,4.143412538,0.1396595622
2019-10-01 00:00:00+00:00,8292.44,43479.58742,363.04086,387712,0.5179477806,0.6471719218,1440,0.2089098713,0.205871347,1440,20.89098713,0.01029923668,,0,0.1371652109
2019-10-02 00:00:00+00:00,8359.94,26243.38664,216.3253519,261430,0.5202210003,0.4746729488,1440,0.3072128146,0.3188395158,1440,30.72128146,0.374759297,2.92919941,1.460544928,0.09278647158
2019-10-03 00:00:00+00:00,8223.96,30488.28406,250.2917513,281307,0.5025342688,0.4629985557,1440,0.1728674799,0.2378012744,1440,17.28674799,0.6552115707,2.609134735,1.734602848,0.1025850804
2019-10-04 00:00:00+00:00,8137.13,26476.3304,215.3256117,259012,0.4999488242,0.4582146202,1440,0.1847634792,0.1788884606,1440,18.47634792,0.4929421453,3.447503272,1.749505627,0.1142323148
2019-10-05 00:00:00+00:00,8126.19,21907.61556,177.252877,237769,0.4847661212,0.3840186029,1440,0.1301806413,0.1443665184,1440,13.01806413,0.07590054299,1.599642575,0.7018762935,0.1097498023
2019-10-06 00:00:00+00:00,7854.25,34676.10405,275.447898,325795,0.4740241325,0.615461445,1440,0.2108650487,0.4057071865,1440,21.08650487,1.235710735,,4.039150551,0.1206857454
2019-10-07 00:00:00+00:00,8190.09,52202.0723,420.9216798,482605,0.5380753765,0.57332914,1440,0.1602501613,0.2115405466,1440,16.02501613,0.9947242505,3.379103751,1.671062991,0.1221580092
2019-10-08 00:00:00+00:00,8168.39,35452.65742,290.6752481,395685,0.4765153974,0.4377994747,1440,0.1301869964,0.1737603906,1440,13.01869964,0.09127229799,2.429529238,2.486581666,0.1181106196
2019-10-09 00:00:00+00:00,8560.74,55038.70438,462.8452518,537805,0.5307514416,0.605708079,1440,0.1757139388,0.3509829011,1440,17.57139388,1.013617571,4.650924737,2.940004997,0.1186284164
2019-10-10 00:00:00+00:00,8558.03,39137.94617,333.9254123,406932,0.5260294928,0.4129332999,1440,0.1307111725,0.1605218915,1440,13.07111725,0.009481504648,2.203452822,1.904102022,0.1207585542
2019-10-11 00:00:00+00:00,8258.5,50405.28442,424.4132015,471818,0.4884015122,0.626760037,1440,0.1675148822,0.330648077,1440,16.75148822,0.8394425615,,1.939679536,0.1334714482
2019-10-12 00:00:00+00:00,8300.09,21339.3341,177.7078526,280633,0.5456791431,0.345505219,1440,0.2052155107,0.2085229378,1440,20.52155107,0.282676599,3.45850789,2.144497216,0.1140006864
2019-10-13 00:00:00+00:00,8275.01,27840.73995,232.1494384,320051,0.5041502014,0.4582341485,1440,0.2232015279,0.5093875716,1440,22.32015279,0.1303569122,,1.779774692,0.1097668299
2019-10-14 00:00:00+00:00,8348.2,29810.66325,247.5307332,345679,0.5123335776,0.4214755527,1440,0.1878696388,0.2594785017,1440,18.78696388,0.3557464129,2.057855756,2.131469337,0.1288265585
2019-10-15 00:00:00+00:00,8159.29,32773.06248,270.7275598,399447,0.5133160817,0.4974840833,1440,0.180733115,0.2912541333,1440,18.0733115,0.8454547958,4.365717196,0.9394847855,0.1363343107
2019-10-16 00:00:00+00:00,7991.74,34733.59397,279.5868455,421026,0.4951640764,0.431516376,1440,0.1464441808,0.235794723,1440,14.64441808,0.7421181444,4.417971176,2.902262727,0.1202085069
2019-10-17 00:00:00+00:00,8070.58,29656.94916,238.3432045,356490,0.5368740383,0.3661367912,1440,0.1515194709,0.2101717285,1440,15.15194709,0.4118784324,3.671835905,2.53308058,0.1201413475
2019-10-18 00:00:00+00:00,7947.01,31353.18142,248.9313221,399783,0.5005117102,0.4744942898,1440,0.2470049487,0.3299676361,1440,24.70049487,0.6198333501,5.279508361,3.512816955,0.1127234184
2019-10-19 00:00:00+00:00,7948.01,26627.88939,211.9097341,349746,0.5215147938,0.4908773228,1440,0.2731817444,0.3745645224,1440,27.31817444,0.005937696714,4.381445275,2.736902844,0.1052194445
2019-10-20 00:00:00+00:00,8223.35,34286.45265,275.8998617,396091,0.5262260246,0.4461212112,1440,0.1612731849,0.2190208361,1440,16.12731849,1.234364003,4.369213241,2.731957365,0.09762125534
2019-10-21 00:00:00+00:00,8197.27,30448.67954,250.1172816,367169,0.5446541734,0.3791541041,1440,0.1833586934,0.2891561264,1440,18.33586934,0.1270002854,3.026357896,1.897275136,0.09488618527
2019-10-22 00:00:00+00:00,8020,34651.82866,283.5354834,384699,0.4838716302,0.4021305523,1440,0.1546007448,0.3821521965,1440,15.46007448,0.7710763347,4.050195818,2.871627961,0.1059722247
2019-10-23 00:00:00+00:00,7466.62,63897.4571,488.2207606,610241,0.4456160166,0.7875582386,1440,0.1709081449,0.4918893016,1440,17.09081449,1.46441953,,0,0.1467152905
2019-10-24 00:00:00+00:00,7412.41,32714.38327,243.2464149,403778,0.5106431694,0.4111587469,1440,0.2121719849,0.1908484676,1440,21.21719849,0.2995644387,4.558481715,3.376437868,0.1036101728
2019-10-25 00:00:00+00:00,8655.02,90748.21817,737.3295449,775418,0.5464457331,1.131427438,1440,0.2752014542,0.4378656833,1440,27.52014542,2.101962113,,0,0.1262999131
2019-10-26 00:00:00+00:00,9230,162588.5854,1522.244166,1185369,0.5018208155,1.998015004,1440,0.3171123683,0.3637010687,1440,31.71123683,0.4225310926,,15.55701068,0.1327867339
2019-10-27 00:00:00+00:00,9529.93,93833.5416,887.4382977,799978,0.5043031933,1.146925754,1440,0.2387305608,0.3248560686,1440,23.87305608,0.360344195,9.270411777,3.181720765,0.1366622881
2019-10-28 00:00:00+00:00,9205.14,80174.21732,759.1789429,681128,0.49585369,0.9235255675,1440,0.234006148,0.2392304588,1440,23.4006148,0.4567480308,1.55529451,2.23559461,0.1173523254
2019-10-29 00:00:00+00:00,9407.62,64158.46245,600.6113246,559589,0.5110323397,0.8373794527,1440,0.2271759822,0.3312645612,1440,22.71759822,0.3622638235,6.495335816,2.410931943,0.116879942
2019-10-30 00:00:00+00:00,9154.72,55241.78643,506.58483,524035,0.496301143,0.6523832884,1440,0.09158760546,0.06345785829,1440,9.158760546,0.5379238439,4.396672034,0,0.118810824
2019-10-31 00:00:00+00:00,9140.85,54376.0249,498.1527437,490183,0.5011805035,0.6899460594,1440,0.1840311537,0.2438151844,1440,18.40311537,0.0304367354,,0,0.1103544441
2019-11-01 00:00:00+00:00,9231.61,43594.81412,398.803069,478002,0.523998221,0.6032266502,1440,0.2477948652,0.2474385805,1440,24.77948652,0.2477434684,3.374941559,2.831657403,0.1005460367
2019-11-02 00:00:00+00:00,9289.52,28923.06083,268.1195797,325421,0.5295493431,0.4028873558,1440,0.1746720249,0.2502969244,1440,17.46720249,0.2332324454,3.781189848,1.093484574,0.1000008115
2019-11-03 00:00:00+00:00,9194.71,27894.37828,256.6642597,326024,0.4879766963,0.3851204582,1440,0.1322091752,0.2026487581,1440,13.22091752,0.3996880736,3.8250987,2.236556159,0.1085651163
2019-11-04 00:00:00+00:00,9393.35,45894.45628,426.7920032,453749,0.5391024959,0.4345146358,1440,0.1131435478,0.2989283518,1440,11.31435478,0.5007983578,,1.590934301,0.1126538612
2019-11-05 00:00:00+00:00,9308.66,45935.87366,428.1569631,492885,0.4965452431,0.4841088158,1440,0.1725839869,0.3247588694,1440,17.25839869,0.2115308921,4.378499204,1.994524785,0.1234687051
2019-11-06 00:00:00+00:00,9339.05,37336.17037,348.6074998,402997,0.507471011,0.3393622616,1440,0.147762694,0.201059793,1440,14.7762694,0.09349725218,1.497083416,1.004912206,0.09187487715
2019-11-07 00:00:00+00:00,9216.2,39117.47085,361.2174751,401984,0.5011449653,0.3613124023,1440,0.07566808523,0.1201836456,1440,7.566808523,0.3665860545,2.099487488,0.9662885035,0.09918938529
2019-11-08 00:00:00+00:00,8773.73,62107.28924,555.589996,567331,0.4837778247,0.5825234049,1440,0.1251747262,0.337706538,1440,12.51747262,0.8855590621,4.578143385,2.102058973,0.1246388183
2019-11-09 00:00:00+00:00,8809.41,29469.4814,259.7334918,326730,0.5086761467,0.377844668,1440,0.1576450434,0.2250577987,1440,15.76450434,0.156253966,3.200373695,1.844595915,0.1128064788
2019-11-10 00:00:00+00:00,9039.47,34422.0298,307.3168539,375946,0.5148504372,0.5172874705,1440,0.2496655477,0.5616278281,1440,24.96655477,0.8388760879,,0,0.08303299101
2019-11-11 00:00:00+00:00,8733.27,44888.05355,394.5859963,415982,0.4926019578,0.5084306168,1440,0.1661124346,0.3765909274,1440,16.61124346,0.873337486,4.855462419,3.121997374,0.1063639866
2019-11-12 00:00:00+00:00,8821.94,40366.62947,352.6759384,406765,0.5010335226,0.5318730813,1440,0.2120720367,0.3628209514,1440,21.20720367,0.2864366183,5.529612045,3.080414236,0.1056343808
2019-11-13 00:00:00+00:00,8777.12,26810.11692,235.0605541,281593,0.504473482,0.29580295,1297,0.2139414846,0.2477605352,1295,21.39414846,0.2166873504,2.703908494,1.777478987,0.09109048689
2019-11-14 00:00:00+00:00,8646.68,33468.46896,290.104307,337019,0.4862133611,0.3421580265,1440,0.1449774872,0.2503552829,1440,14.49774872,0.5161213748,2.13857522,0.879644637,0.09192839139
2019-11-15 00:00:00+00:00,8471.73,46087.41775,394.7089813,423919,0.4896844132,0.5853949683,1440,0.1742996916,0.3922839855,1440,17.42996916,0.5178674695,4.232899378,1.51301186,0.09209877625
2019-11-16 00:00:00+00:00,8491.02,20902.29975,177.2228384,231473,0.5120790492,0.2868161732,1440,0.1724768108,0.2047832837,1440,17.24768108,0.1283353978,2.8691978,1.038369815,0.09962712532
2019-11-17 00:00:00+00:00,8502.4,27009.03708,229.9957008,259594,0.5038134509,0.3656488176,1440,0.1728688746,0.2309344726,1440,17.28688746,0.05823335519,3.76444503,1.263787814,0.08811960338
2019-11-18 00:00:00+00:00,8187.17,43017.69094,358.7061748,366263,0.4771320002,0.4879221335,1440,0.1339079327,0.2936744578,1440,13.39079327,1.053234776,4.743142405,2.869870067,0.09453151739
2019-11-19 00:00:00+00:00,8133.64,43556.06103,353.463792,357382,0.5008883855,0.4340411635,1440,0.1221865371,0.154384901,1440,12.21865371,0.185584694,4.418081749,1.494429898,0.1191584255
2019-11-20 00:00:00+00:00,8098.01,32466.23098,263.3875755,288843,0.5159572255,0.3610296017,1440,0.1499650642,0.1730037265,1440,14.99650642,0.1666819457,3.046727445,1.484718017,0.1033838462
2019-11-21 00:00:00+00:00,7627.74,58418.78026,455.1666763,430062,0.4605089276,0.6915442625,1440,0.1488687222,0.3946317413,1440,14.88687222,1.314392142,,3.840548494,0.124299283
2019-11-22 00:00:00+00:00,7268.23,126603.1403,917.8815363,817604,0.4807772703,1.304445596,1440,0.1801280311,0.3292648534,1440,18.01280311,0.5259808014,11.93475408,4.312790822,0.1346012149
2019-11-23 00:00:00+00:00,7311.57,50449.89476,364.4462174,414045,0.5130363818,0.6441599277,1440,0.1630449574,0.1365194046,1440,16.30449574,0.1631305004,4.423906474,2.660732731,0.09947657696
2019-11-24 00:00:00+00:00,6903.28,67890.20648,481.9229413,446014,0.4917871137,0.7715540839,1440,0.1891864169,0.2769276518,1440,18.91864169,1.192335103,4.145051263,2.674259962,0.08727647032
2019-11-25 00:00:00+00:00,7109.57,119645.7352,831.6284583,679721,0.505938582,1.196095572,1320,0.1895696018,0.2379487589,1319,18.95696018,0.3540655989,8.142382283,0,0.1245680328
2019-11-26 00:00:00+00:00,7156.14,65722.39769,469.6024769,433933,0.5066971247,0.7834589801,1440,0.2222445777,0.2394779051,1440,22.22445777,0.1390317554,,0,0.1051760342
2019-11-27 00:00:00+00:00,7508.52,92452.87349,671.6466092,582055,0.5089947664,0.9966521259,1440,0.2107879343,0.413025725,1440,21.07879343,0.7156687113,8.223331596,4.801516392,0.1167837257
2019-11-28 00:00:00+00:00,7419.49,56933.98111,427.5727149,388953,0.5071963771,0.6450829984,1440,0.1897248967,0.2543602453,1440,18.97248967,0.2789713586,4.064203433,2.007895212,0.1132665249
2019-11-29 00:00:00+00:00,7739.68,60745.30087,463.0069567,412929,0.5198243442,0.687776298,1440,0.1917161443,0.4108494379,1440,19.17161443,0.9125137496,,2.531570631,0.1337770858
2019-11-30 00:00:00+00:00,7541.89,46989.43362,358.7490264,346506,0.5052967978,0.5569755437,1440,0.1757695717,0.2557483637,1440,17.57695717,0.7216055637,3.990043337,1.749884826,0.1334063421
2019-12-01 00:00:00+00:00,7390.89,60769.34231,446.5249172,420573,0.5121003741,0.6821779857,1440,0.1892787848,0.2273588156,1440,18.92787848,0.4529344776,5.339959861,1.948592848,0.1065291421
2019-12-02 00:00:00+00:00,7294.28,46330.25604,337.8892955,326881,0.5189614401,0.6092473471,1440,0.1835217276,0.2373081672,1440,18.35217276,0.3894080557,3.961200713,2.65851693,0.1096095867
2019-12-03 00:00:00+00:00,7292.71,33149.47749,242.3792611,265391,0.5019474242,0.4192326845,1440,0.09885232046,0.1115088086,1440,9.885232046,0.008881135728,3.722901007,2.081913794,0.1196735657
2019-12-04 00:00:00+00:00,7194.32,83153.70159,608.67061,516250,0.503533092,1.05402156,1440,0.2552297292,0.4504984282,1440,25.52297292,0.2231649275,3.998918518,6.978176439,0.1133899006
2019-12-05 00:00:00+00:00,7389,59306.67885,434.7388648,430359,0.5192479937,0.6864760415,1440,0.2423463295,0.2543351931,1440,24.23463295,0.614175179,6.875966631,2.569669703,0.08991265204
2019-12-06 00:00:00+00:00,7527.47,48189.08794,356.905919,367854,0.537487125,0.6060605552,1440,0.1631200327,0.2998280015,1440,16.31200327,0.5202095898,,3.653156316,0.1139985315
2019-12-07 00:00:00+00:00,7488.21,31498.68417,237.0009249,263592,0.5136463743,0.3649083017,1440,0.1370846336,0.1523609508,1440,13.70846336,0.2206410092,3.182416278,2.112050809,0.1179894849
2019-12-08 00:00:00+00:00,7510.11,29856.89763,223.3143256,257514,0.5122985797,0.3639229602,1440,0.1316596559,0.1774548102,1440,13.16596559,0.1307721367,2.899291703,1.678467717,0.1036650708
2019-12-09 00:00:00+00:00,7338.64,46621.88749,347.4711555,359648,0.5090554586,0.5351479998,1440,0.1814946855,0.3853027222,1440,18.14946855,0.6647047701,4.703116562,3.852364772,0.111258829
2019-12-10 00:00:00+00:00,7224.13,49723.76214,363.1274354,439637,0.4975300156,0.413592216,1440,0.1499653356,0.2383253193,1440,14.99653356,0.4330911493,2.948631466,0,0.1096166072
2019-12-11 00:00:00+00:00,7210,30093.09194,217.0956539,268269,0.5142555375,0.3197679697,1440,0.1904216831,0.3265287865,1440,19.04216831,0.09018422024,1.801846867,1.413036787,0.09119999891
2019-12-12 00:00:00+00:00,7198.08,42288.60093,303.6574795,331414,0.4929788067,0.4738323677,1440,0.1797314901,0.2836932207,1440,17.97314901,0.05448993077,4.772616174,2.229497099,0.1106446457
2019-12-13 00:00:00+00:00,7258.48,27609.87379,199.8361602,252135,0.5178956399,0.2762765841,1440,0.1409849099,0.2003667475,1440,14.09849099,0.4181483833,2.533848137,1.596368937,0.08310666441
2019-12-14 00:00:00+00:00,7064.05,29561.98597,211.004228,276819,0.4870198423,0.3737476695,1440,0.1499044984,0.2345291305,1440,14.99044984,1.286794078,3.870665601,1.96166689,0.09269824498
2019-12-15 00:00:00+00:00,7118.59,26395.77814,187.4027646,262651,0.5220107577,0.4089434548,1440,0.2320255564,0.2890612415,1440,23.20255564,0.4104064688,,0,0.1008259173
2019-12-16 00:00:00+00:00,6891.72,43863.99306,307.5085699,371202,0.4904407208,0.5324261553,1440,0.1838922921,0.3221263528,1440,18.38922921,1.053270843,,2.667272747,0.0923759854
2019-12-17 00:00:00+00:00,6623.82,53865.06993,364.0874698,454097,0.4921641053,0.5781820421,1440,0.1559657229,0.3053129934,1440,15.59657229,1.088981399,1.370301682,1.679992994,0.1193410781
2019-12-18 00:00:00+00:00,7277.83,95636.65125,654.0572022,714073,0.521177291,1.05217158,1440,0.2352496486,0.3325429534,1440,23.52496486,1.439637049,3.693719088,0,0.100513445
2019-12-19 00:00:00+00:00,7150.3,55509.04908,397.4076771,439761,0.4946315732,0.6339424845,1440,0.1904431686,0.2163987041,1440,19.04431686,0.4448436204,2.786590435,0.9567729895,0.1267424143
2019-12-20 00:00:00+00:00,7187.83,32132.0692,229.8426504,312766,0.5178954577,0.4125901974,1440,0.2353438517,0.2680317254,1440,23.53438517,0.2277647006,1.275274449,1.180613047,0.09977839249
2019-12-21 00:00:00+00:00,7132.75,19467.17403,139.0691571,212162,0.5198371884,0.2746671747,1440,0.2015459103,0.2386289617,1440,20.15459103,0.5531394566,2.594067494,1.436978186,0.09196850341
2019-12-22 00:00:00+00:00,7501.44,39137.45515,285.5772069,356612,0.5269999455,0.5077889456,1440,0.184192434,0.3415849845,1440,18.4192434,1.764781872,5.368497263,2.372381033,0.09374815131
2019-12-23 00:00:00+00:00,7317.09,68051.9972,510.7104318,530669,0.4914513188,0.6744669504,1440,0.1528304305,0.25680882,1440,15.28304305,0.4872094364,,0,0.1211873224
2019-12-24 00:00:00+00:00,7255.77,43629.49419,318.428019,384678,0.4939949822,0.5623864824,1440,0.2006186874,0.2607236379,1440,20.06186874,0.2642887259,,0,0.1191188273
2019-12-25 00:00:00+00:00,7204.63,27492.04432,198.2733031,289924,0.5249896596,0.4330836816,1440,0.2027930656,0.2325943323,1440,20.27930656,0.3567368571,0.9315976181,1.081318898,0.0984027431
2019-12-26 00:00:00+00:00,7202,36259.76108,263.289799,337695,0.5209043056,0.4938673686,1440,0.2090396858,0.3654997663,1440,20.90396858,0.01386721706,3.812804285,1.792852638,0.1090752833
2019-12-27 00:00:00+00:00,7254.74,33642.70186,242.2147227,297262,0.5018145343,0.4301647033,1440,0.1549544622,0.1916944186,1440,15.49544622,0.3012320239,,0,0.1232109673
2019-12-28 00:00:00+00:00,7316.14,26848.9822,196.3221924,272607,0.5175047657,0.3851950478,1440,0.172519757,0.1964699352,1440,17.2519757,0.4292850462,3.157034376,1.312673783,0.1096068422
2019-12-29 00:00:00+00:00,7388.24,31387.10608,231.7315758,283213,0.509756388,0.3828228475,1440,0.1702273236,0.2073123249,1440,17.02273236,0.4231913756,1.930767146,1.349311539,0.1062648804
2019-12-30 00:00:00+00:00,7246,29605.91178,216.5088755,279033,0.4650509251,0.3577689473,1440,0.164899094,0.2577314855,1440,16.4899094,0.8978825649,3.479031172,1.8592274,0.1127823169
2019-12-31 00:00:00+00:00,7195.23,25954.45353,187.5183993,251976,0.4853090176,0.3572451933,1440,0.08099045413,0.1145231577,1440,8.099045413,0.3749651248,3.655256403,1.457150244,0.1273073081
2020-01-01 00:00:00+00:00,7200.85,16792.38817,121.2144521,194010,0.5327982802,0.2868080796,1440,0.151148219,0.1462219421,1440,15.1148219,0.06441213271,2.495937732,1.497234645,0.1369606012
2020-01-02 00:00:00+00:00,6965.71,31951.48393,225.9823413,302667,0.4738938377,0.3895242848,1440,0.08095698383,0.1149935521,1440,8.095698383,1.469120734,2.595403096,2.100988834,0.1233571541
2020-01-03 00:00:00+00:00,7344.96,68428.50045,495.098583,519854,0.520185245,0.7614175284,1440,0.1987213256,0.344491057,1440,19.87213256,1.070793277,,1.427545521,0.1233100943
2020-01-04 00:00:00+00:00,7354.11,29987.97498,219.8742409,279370,0.5458648762,0.3962676489,1440,0.1857901824,0.2155366079,1440,18.57901824,0.05662222544,3.434829611,2.060620984,0.1166434129
2020-01-05 00:00:00+00:00,7358.75,38331.0856,284.8486838,329209,0.5075611415,0.4407871855,1440,0.1398293309,0.1821095843,1440,13.98293309,0.02214301076,3.814183456,1.75805362,0.113915175
2020-01-06 00:00:00+00:00,7758,54635.69532,413.3304812,449937,0.5281120265,0.5319730007,1440,0.09878104408,0.1362622231,1440,9.878104408,1.278262554,6.192956592,1.535222821,0.09672983127
2020-01-07 00:00:00+00:00,8145.28,91171.68466,724.2027911,685315,0.5066497534,0.7182921704,1440,0.1472154225,0.2354473405,1440,14.72154225,0.6726575755,0.2547624608,0,0.1118251897
2020-01-08 00:00:00+00:00,8055.98,112622.6426,926.4102326,830375,0.4889879,0.920203902,1440,0.1490830917,0.2476244389,1440,14.90830917,0.1189963712,,0,0.122985772
2020-01-09 00:00:00+00:00,7817.76,64239.51983,507.2582505,478800,0.4926213537,0.6333073581,1440,0.1430061645,0.1847439473,1440,14.30061645,0.5917420614,4.529063123,2.473986773,0.1160866761
2020-01-10 00:00:00+00:00,8197.02,82406.77745,652.7742204,606101,0.5140566907,0.7843486777,1440,0.1408585235,0.1720804055,1440,14.08585235,0.7257119475,4.027447102,0,0.1111750181
2020-01-11 00:00:00+00:00,8020.01,54810.03267,445.0343496,469131,0.5093250928,0.6075062811,1440,0.1279982319,0.1613546751,1440,12.79982319,0.4905465128,4.039469106,1.490172289,0.1096982229
2020-01-12 00:00:00+00:00,8184.98,38131.49434,309.3519205,350662,0.5171195475,0.4481722067,1440,0.113152561,0.1256341115,1440,11.3152561,0.6581856203,1.416546879,1.409150949,0.1269893407
2020-01-13 00:00:00+00:00,8110.34,31159.75568,252.6569654,289144,0.488297362,0.3194996402,1440,0.1159106209,0.1371478995,1440,11.59106209,0.362585552,1.580320075,1.882870639,0.1164253308
2020-01-14 00:00:00+00:00,8810.01,120399.1267,1032.735181,915328,0.5190411124,0.8372140888,1440,0.1114973959,0.2202755533,1440,11.14973959,0.8012585003,,2.855278824,0.1414550512
2020-01-15 00:00:00+00:00,8821.41,84816.29761,743.7122373,764048,0.5010069082,0.7293344078,1440,0.08966770036,0.1658004874,1440,8.966770036,0.01738772204,4.711033713,4.192229229,0.1272919147
2020-01-16 00:00:00+00:00,8720.01,51991.07428,451.7523803,543064,0.5000146988,0.5315938561,1440,0.1039073099,0.1615374043,1440,10.39073099,0.2559219825,,1.358113854,0.1501277362
2020-01-17 00:00:00+00:00,8913.28,70897.73738,629.5687407,676403,0.5097455883,0.6012356485,1440,0.08809700281,0.1373205814,1440,8.809700281,0.3482052605,4.180269653,1.714351593,0.1538345794
2020-01-18 00:00:00+00:00,8915.96,38294.74655,340.8528379,458182,0.5071529926,0.4109774686,1440,0.1022620573,0.08141825924,1440,10.22620573,0.008819928158,1.30413558,1.934603811,0.1049807018
2020-01-19 00:00:00+00:00,8701.7,70676.88926,623.9508643,615665,0.4761944618,0.9872747909,1440,0.1611556483,0.5296937111,1440,16.11556483,0.3898467286,,0,0.1261008217
2020-01-20 00:00:00+00:00,8642.35,38896.63975,336.447837,385006,0.5001425293,0.443081129,1440,0.128780333,0.1756153015,1440,12.8780333,0.2034155534,1.919852011,1.626963867,0.1138736795
2020-01-21 00:00:00+00:00,8736.03,36494.68766,316.056705,365621,0.5132766668,0.4383745905,1440,0.1424785865,0.325842592,1440,14.24785865,0.3411196889,2.490847073,1.92818367,0.1021561185
2020-01-22 00:00:00+00:00,8682.36,29080.55714,252.6388882,317424,0.4978294413,0.3665918179,1440,0.1030743216,0.2032465341,1440,10.30743216,0.2439241238,3.578579255,2.250560618,0.1181257498
2020-01-23 00:00:00+00:00,8404.52,48165.9446,407.4288087,464805,0.4834891673,0.5135259654,1440,0.1620965489,0.1843047757,1440,16.20965489,0.7982676742,1.436477837,2.12747852,0.1141393318
2020-01-24 00:00:00+00:00,8439,41687.52953,349.8741748,407271,0.5107879941,0.4873722229,1440,0.1931606703,0.2213153566,1440,19.31606703,0.1170181198,2.460182386,2.102632806,0.0858611809
2020-01-25 00:00:00+00:00,8340.58,25521.15793,212.8692456,283118,0.5123886942,0.3941668141,1440,0.1833313582,0.2020185316,1440,18.33313582,0.5510922831,2.456221068,1.651775274,0.08880550103
2020-01-26 00:00:00+00:00,8615,31130.48516,263.9419253,332612,0.507473982,0.3969263775,1440,0.1684328686,0.2400099841,1440,16.84328686,1.226486153,1.35023362,1.750985233,0.0960940338
2020-01-27 00:00:00+00:00,8907.57,53973.543,473.1949528,514196,0.5297470748,0.5023324142,1440,0.1662358934,0.3163405735,1440,16.62358934,0.7057684541,3.236695315,1.893698685,0.1023548983
2020-01-28 00:00:00+00:00,9374.21,74584.85376,676.5931595,616678,0.5209149215,0.6636702247,1440,0.1362773139,0.265436674,1440,13.62773139,0.7546754488,2.486924198,2.00428938,0.1191337111
2020-01-29 00:00:00+00:00,9301.53,53864.06512,503.1885688,492545,0.4941263024,0.5650542285,1440,0.1700707177,0.3175349643,1440,17.00707177,0.1546815521,4.287592205,2.937161243,0.1208044426
2020-01-30 00:00:00+00:00,9513.21,60626.74426,569.6528698,529570,0.5088934896,0.5610891876,1440,0.1273955698,0.2185797177,1440,12.73955698,0.3950205023,3.535352214,2.206948375,0.1129912573
2020-01-31 00:00:00+00:00,9352.89,45552.02235,425.7790104,428547,0.4935559332,0.4172093623,1440,0.08599470502,0.1376764706,1440,8.599470502,0.3991735659,0.744587798,2.176807825,0.1071718221
2020-02-01 00:00:00+00:00,9384.61,28578.06735,268.13774,334972,0.5136500703,0.3626415482,1440,0.1304386834,0.1422435053,1440,13.04386834,0.1262682027,3.332138353,2.240908528,0.1094875388
2020-02-02 00:00:00+00:00,9331.51,45690.91254,428.0640887,446558,0.4943741502,0.43731459,1440,0.07949325818,0.2017259826,1440,7.949325818,0.1325565113,5.47189432,2.283826544,0.139749515
2020-02-03 00:00:00+00:00,9292.24,50892.13345,476.3799935,492124,0.4869396509,0.5645115532,1440,0.148397409,0.3308815348,1440,14.8397409,0.08852601059,4.137094919,3.004681167,0.1687757111
2020-02-04 00:00:00+00:00,9197.02,53308.17527,491.1361372,528930,0.48967034,0.4290537734,1440,0.05654887367,0.07022458592,1440,5.654887367,0.2097203591,3.812638363,2.181395221,0.1333224388
2020-02-05 00:00:00+00:00,9612.04,64870.41561,613.5405748,661758,0.5453272477,0.4469980594,1440,0.07709202437,0.1516495163,1440,7.709202437,0.7193812863,1.010537744,1.307989666,0.1308873658
2020-02-06 00:00:00+00:00,9772,64949.70659,631.2450798,682179,0.4948976113,0.5475814818,1440,0.0849881043,0.2026044954,1440,8.49881043,0.2614622211,4.493543788,2.896451203,0.1342644874
2020-02-07 00:00:00+00:00,9813.73,43966.11463,430.7448602,582249,0.5170797642,0.4178344193,1440,0.1025491603,0.1734332595,1440,10.25491603,0.0989279866,3.55366362,2.649982709,0.1561614316
2020-02-08 00:00:00+00:00,9895.05,43600.84367,427.7817902,514573,0.519815213,0.3857955831,1440,0.07021577489,0.1506536252,1440,7.021577489,0.1929069146,2.765035511,0.7563289319,0.1405930555
2020-02-09 00:00:00+00:00,10151.75,43408.47562,437.4417049,536848,0.5162189413,0.3654522604,1380,0.0836102578,0.144588468,1379,8.36102578,0.5854830949,1.70316809,1.264567833,0.1475970829
2020-02-10 00:00:00+00:00,9851.83,59573.08462,590.0913584,690308,0.4803995534,0.6167911554,1440,0.1473542329,0.4090245459,1440,14.73542329,0.5082074032,3.29827549,0,0.1196803446
2020-02-11 00:00:00+00:00,10223.08,62422.39522,624.9704154,710170,0.511119708,0.5249538087,1440,0.1384405483,0.2622994894,1440,13.84405483,0.5918789689,2.479467895,2.804011406,0.1096261354
2020-02-12 00:00:00+00:00,10326.46,61008.06393,629.7560375,857655,0.510453958,0.5137862551,1440,0.1312351948,0.174828303,1440,13.12351948,0.1597701868,2.594124271,2.563050774,0.1282062977
2020-02-13 00:00:00+00:00,10229.63,79344.35876,815.5074737,932802,0.4849150355,0.7746859005,1440,0.1977517507,0.3879894795,1440,19.77517507,0.1155246559,5.47756621,3.744662107,0.1208313444
2020-02-14 00:00:00+00:00,10344.36,47038.48017,482.455622,622310,0.5037791486,0.4715532668,1440,0.1320424209,0.1420804506,1440,13.20424209,0.2311721941,3.339785805,2.418916403,0.09588253985
2020-02-15 00:00:00+00:00,9904.72,57657.20295,580.8453312,739781,0.4640977875,0.5699027066,1440,0.1434253398,0.4171150541,1440,14.34253398,0.7477039087,,0,0.09380952386
2020-02-16 00:00:00+00:00,9917.27,60023.99954,592.5848769,708070,0.4899063219,0.5580725552,1440,0.1155422915,0.1644646003,1440,11.55422915,0.02136859476,3.153644173,1.762237669,0.1154356671
2020-02-17 00:00:00+00:00,9706,70261.0119,680.0096376,778058,0.4728346254,0.6666097677,1440,0.1588121682,0.2082011854,1440,15.88121682,0.3166636123,3.138598517,2.09183756,0.1124724674
2020-02-18 00:00:00+00:00,10164.71,70604.12402,696.8701228,723413,0.5283543539,0.5902669957,1440,0.1381565961,0.2290737768,1440,13.81565961,0.6626437971,,0,0.1134002053
2020-02-19 00:00:00+00:00,9593.79,55162.5869,547.6799669,588760,0.4615069364,0.8822736914,1086,,,1085,,,,,
2020-02-20 00:00:00+00:00,9596.42,60152.34291,576.0201075,667387,0.4961271237,0.6179251725,1440,0.1305924862,0.1509618259,1440,13.05924862,0.004758481396,,0,0.09944573655
2020-02-21 00:00:00+00:00,9677.05,42181.55452,408.2869498,470599,0.5131453276,0.4674771096,1440,0.1598201993,0.2166451996,1440,15.98201993,0.2049291687,2.251522103,1.672499004,0.1056611595
2020-02-22 00:00:00+00:00,9650.86,24636.75762,237.5442832,319961,0.5385143091,0.3228002896,1440,0.1141861728,0.09680533143,1440,11.41861728,0.114087032,1.79967824,1.398665242,0.08686629614
2020-02-23 00:00:00+00:00,9936.4,37702.08984,371.8150955,441935,0.5314095487,0.4276757202,1440,0.1396421091,0.2946826739,1440,13.96421091,0.7842003145,2.25126979,1.598414914,0.1061827012
2020-02-24 00:00:00+00:00,9656.13,55796.59612,542.0815276,589384,0.4736297997,0.5753104313,1440,0.1340013651,0.2993940385,1440,13.40013651,0.5278142444,,0,0.1166344086
2020-02-25 00:00:00+00:00,9315.84,54379.34455,514.9469306,579079,0.4839877048,0.6152672189,1440,0.1563305446,0.2383126681,1440,15.63305446,0.6967080991,3.321515787,1.985819273,0.1121385644
2020-02-26 00:00:00+00:00,8785.25,92130.34548,830.7177844,871018,0.4551038487,0.8065277713,1440,0.09914127996,0.168806389,1440,9.914127996,0.7059196203,,1.339738094,0.1243855427
2020-02-27 00:00:00+00:00,8823.21,72483.57876,636.9558728,696646,0.4885246437,0.7506127724,1440,0.1673518653,0.1982062257,1440,16.73518653,0.06769025512,,0,0.1126148946
2020-02-28 00:00:00+00:00,8692.91,71155.20898,615.664817,655727,0.4960368558,0.8098356901,1440,0.1777833121,0.1771466005,1440,17.77833121,0.2416574423,4.191349971,0.6419569647,0.1025573101
2020-02-29 00:00:00+00:00,8523.61,36748.18304,318.585952,414175,0.5147697926,0.5046220223,1440,0.1235883815,0.129027743,1440,12.35883815,0.6173464568,3.205552298,1.848586132,0.1057731489
2020-03-01 00:00:00+00:00,8531.88,43892.20178,375.7293153,472019,0.4975455316,0.64142163,1440,0.1898438639,0.197669892,1440,18.98438639,0.02581049045,2.483732382,1.365426137,0.10161719
2020-03-02 00:00:00+00:00,8915.24,60401.31773,528.9066296,564535,0.5167615836,0.504473081,1440,0.1167565368,0.2004122584,1440,11.67565368,0.8310055803,3.834729708,2.162794489,0.0861761851
2020-03-03 00:00:00+00:00,8760.07,55154.99728,484.1810963,512762,0.488699684,0.5472137966,1440,0.1465655775,0.269022952,1440,14.65655775,0.3626386123,,0,0.08168021474
2020-03-04 00:00:00+00:00,8750.87,38696.48258,338.849892,454817,0.4982192154,0.4137310824,1312,0.1453188855,0.1749932846,1311,14.53188855,0.03100994897,2.102594724,1.562222761,0.08197741585
2020-03-05 00:00:00+00:00,9054.68,58201.86635,524.1020292,619552,0.5237303214,0.4726835896,1440,0.1279482578,0.2767671335,1440,12.79482578,0.6511828846,1.684699449,1.665688051,0.08361940503
2020-03-06 00:00:00+00:00,9131.88,43782.94804,397.5984764,493216,0.5092521519,0.3793810992,1440,0.1368178318,0.2575391793,1440,13.68178318,0.2135279022,2.551574589,1.583644712,0.06869368186
2020-03-07 00:00:00+00:00,8886.66,45422.20453,409.9832638,485400,0.4905467731,0.4763110001,1440,0.1565599963,0.4222835449,1440,15.65599963,0.6639371527,2.260850014,0,0.06623723909
2020-03-08 00:00:00+00:00,8033.31,77537.31517,656.9315448,740741,0.4493785705,0.6887293734,1440,0.1264674172,0.3239849585,1440,12.64674172,1.536760252,3.186775353,1.897775494,0.08317075832
2020-03-09 00:00:00+00:00,7929.87,116968.8633,918.7877291,929234,0.4960376318,1.05569594,1440,0.1607826223,0.2340526151,1440,16.07826223,0.1410554884,4.669636307,0.9138792797,0.09764753397
2020-03-10 00:00:00+00:00,7894.56,86783.44387,689.7001534,737528,0.5032478786,0.7726774448,1440,0.1412626114,0.2229257819,1440,14.12626114,0.06470532692,,0,0.07514670144
2020-03-11 00:00:00+00:00,7934.52,79942.41117,624.4651674,699401,0.5065883321,0.7557080058,1440,0.1282948731,0.181945474,1440,12.82948731,0.08085232356,6.644892543,3.193512902,0.08770759796
2020-03-12 00:00:00+00:00,4800,261505.6087,1628.590104,1770812,0.4561967401,4.893906674,1440,0.3516133958,0.2483508038,1440,35.16133958,3.086147591,13.20007162,0,0.1265241032
2020-03-13 00:00:00+00:00,5578.6,402201.6738,2063.819541,2309830,0.4910769078,5.87215502,1440,0.4881570469,0.258952533,1440,48.81570469,0.7283676115,,0,0.1047637347
2020-03-14 00:00:00+00:00,5172.06,136910.136,736.6518809,1106125,0.4828277998,1.84698265,1440,0.407665773,0.1970477762,1440,40.7665773,1.027171572,11.30322008,6.681402795,0.06632796108
2020-03-15 00:00:00+00:00,5361.3,139916.1465,753.7557064,1037714,0.5041637631,1.819481262,1440,0.3830781904,0.3363923113,1440,38.30781904,0.4767515644,,2.422075912,0.07951210778
2020-03-16 00:00:00+00:00,5028.97,227276.9228,1113.690309,1608176,0.4791598111,2.92894703,1440,0.4581473804,0.4006930726,1440,45.81473804,0.5745878427,20.47909975,10.82476941,0.08804318635
2020-03-17 00:00:00+00:00,5312.64,150089.9263,793.1479083,1069217,0.4976907917,1.688669629,1440,0.3618318219,0.3363822583,1440,36.18318219,0.6918469368,7.14007507,0,0.06549342939
2020-03-18 00:00:00+00:00,5393.04,137127.6349,719.7481225,962843,0.4747844432,1.529917781,1440,0.3267092424,0.318800857,1440,32.67092424,0.2086889293,,0,0.0774175796
2020-03-19 00:00:00+00:00,6162.37,199020.8734,1164.739708,1403608,0.4974952893,1.588582677,1440,0.2621675248,0.4286486851,1440,26.21675248,1.144909971,7.368151685,6.522921297,0.08733840507
2020-03-20 00:00:00+00:00,6208.36,219298.3295,1401.734013,1580069,0.477521372,2.11227463,1440,0.2924635213,0.3414326702,1440,29.24635213,0.05304378012,15.33252811,6.710462353,0.09751205938
2020-03-21 00:00:00+00:00,6186.98,128913.6684,794.9621366,990974,0.4912287243,1.579882815,1440,0.3755244368,0.3206123544,1440,37.55244368,0.04339435518,6.224977666,6.217032631,0.07594765759
2020-03-22 00:00:00+00:00,5816.19,119115.9905,722.8956535,952259,0.4801194038,1.40686259,1440,0.2700725521,0.3169754941,1440,27.00725521,0.8549183476,4.319843735,2.650527775,0.07776852531
2020-03-23 00:00:00+00:00,6467.31,164674.2158,1015.525672,1099406,0.5109240164,1.619027004,1440,0.2829305064,0.4061017322,1440,28.29305064,1.04492532,10.22930829,7.097081947,0.0950912439
2020-03-24 00:00:00+00:00,6744.72,151138.0099,1001.890515,1012669,0.4815586588,1.302058492,1440,0.2633751346,0.371773967,1440,26.33751346,0.4192046829,,3.740958765,0.07973161234
2020-03-25 00:00:00+00:00,6677.43,132155.735,880.2507369,912179,0.4806084908,1.148470831,1440,0.2460460355,0.4043469148,1440,24.60460355,0.1139083805,3.695727913,3.831577371,0.08513352033
2020-03-26 00:00:00+00:00,6737.36,83026.55521,552.5371895,668467,0.4953043084,0.788343423,1440,0.1907289716,0.2794847707,1440,19.07289716,0.1617080983,,0.9177467577,0.0906871086
2020-03-27 00:00:00+00:00,6359.11,82914.96835,551.3261139,643631,0.4635987082,0.875949452,1440,0.1792847474,0.4286458949,1440,17.92847474,1.048013597,,0,0.1068623822
2020-03-28 00:00:00+00:00,6236.65,93159.69343,577.9867061,725588,0.4826177694,0.9966000805,1440,0.223652967,0.3687479323,1440,22.3652967,0.3364307691,5.108332917,0,0.1090955301
2020-03-29 00:00:00+00:00,5881.42,63311.62771,383.7071225,496709,0.4593305996,0.7533077004,1440,0.1825288541,0.3527692531,1440,18.25288541,1.528377933,3.534723883,3.743274975,0.09215463112
2020-03-30 00:00:00+00:00,6394.38,118889.55,747.5697265,784034,0.4951092252,0.8744295094,1440,0.1972493645,0.402566455,1440,19.72493645,1.118574593,,0,0.07974432276
2020-03-31 00:00:00+00:00,6410.44,72337.59526,465.7804966,538231,0.4801224344,0.6619321825,1440,0.2170851077,0.3251187554,1440,21.70851077,0.0538543746,4.551195254,3.314583233,0.08289448315
2020-04-01 00:00:00+00:00,6642.92,97500.7524,618.5274688,758061,0.5042152905,0.8282521871,1440,0.1737548808,0.4503092085,1440,17.37548808,0.5759439367,3.44438673,2.767589572,0.09994414499
2020-04-02 00:00:00+00:00,6794.09,149299.9069,1014.494762,1101043,0.5004836595,1.143216225,1440,0.1702502932,0.4224559251,1440,17.02502932,0.2217999699,,4.250403955,0.1095348721
2020-04-03 00:00:00+00:00,6734.1,104080.2769,710.2540171,840456,0.4907552149,0.8926641221,1440,0.17092071,0.3298077733,1440,17.092071,0.1248700574,1.632713514,0.802450489,0.09337480614
2020-04-04 00:00:00+00:00,6856.99,72990.86114,495.0762835,659051,0.4989536514,0.9136093117,1440,0.2392914223,0.4369076144,1440,23.92914223,0.3652851065,,2.152781295,0.1042877039
2020-04-05 00:00:00+00:00,6772.78,49685.35698,337.062083,506433,0.4805355091,0.5851803318,1440,0.204234798,0.363144507,1440,20.4234798,0.3666070071,4.567061746,1.907850828,0.09402489728
2020-04-06 00:00:00+00:00,7329.9,118052.0008,837.3576647,956586,0.5025091354,0.756351494,1440,0.1318820471,0.3002732105,1440,13.18820471,0.9440438511,5.366797154,1.300284938,0.0943830221
2020-04-07 00:00:00+00:00,7197.32,103585.1689,757.2017867,924436,0.4712186918,0.753912072,1440,0.1491443467,0.3507431377,1440,14.91443467,0.2410604287,5.374576265,2.238633082,0.1111928787
2020-04-08 00:00:00+00:00,7361.28,76059.14584,555.1226003,750516,0.5127661129,0.6638237121,1440,0.1469938397,0.2461513249,1440,14.69938397,0.4057679537,5.73300281,4.084164424,0.1106088291
2020-04-09 00:00:00+00:00,7283.54,61094.87242,444.7410859,686207,0.4714289712,0.5682690343,1440,0.1668351671,0.3465784889,1440,16.68351671,0.2387191839,,0,0.09553441713
2020-04-10 00:00:00+00:00,6858.92,104674.6234,727.2815908,949050,0.4581718019,0.7973079004,1440,0.129742934,0.34323803,1440,12.9742934,0.8259113606,3.62069832,2.431488934,0.1081356053
2020-04-11 00:00:00+00:00,6876.83,45470.29321,311.6995735,484618,0.4652956225,0.4686464263,1440,0.1639868096,0.2598678591,1440,16.39868096,0.08366373364,2.085419796,1.87437078,0.1011967042
2020-04-12 00:00:00+00:00,6903.79,73868.6665,516.2350352,648323,0.482450278,0.6270862392,1440,0.1522140404,0.2800201446,1440,15.22140404,0.07579389138,5.445519049,2.668628021,0.1013255832
2020-04-13 00:00:00+00:00,6837.91,96415.47657,649.3906812,804179,0.4630842866,0.93584689,1440,0.1849955441,0.4477981635,1440,18.49955441,0.1476523618,0.7611867774,0,0.1154701392
2020-04-14 00:00:00+00:00,6868.7,69068.62328,474.7947762,608665,0.4635870937,0.5728508443,1440,0.1664069098,0.3271127305,1440,16.64069098,0.09462468073,2.882976102,1.84396064,0.1094198048
2020-04-15 00:00:00+00:00,6621.24,61571.38499,416.9474906,581374,0.4850774796,0.5268178176,1440,0.1401096481,0.3376033319,1440,14.01096481,0.8800195957,3.424001392,1.011122684,0.1048943038
2020-04-16 00:00:00+00:00,7101.94,125009.8575,865.2775434,971163,0.5059697337,1.012930845,1440,0.1816804573,0.4241119389,1440,18.16804573,0.8099750549,6.745199372,1.945676048,0.1093888883
2020-04-17 00:00:00+00:00,7027.55,54126.50976,382.3342362,537554,0.4798752181,0.5248776212,1440,0.199678353,0.3515228667,1440,19.9678353,0.2754094843,1.713995139,0.5659900751,0.09727284562
2020-04-18 00:00:00+00:00,7248.6,49488.54282,354.8450838,494670,0.4845696269,0.4696086384,1440,0.1369949511,0.2757918283,1440,13.69949511,0.8727810954,4.564719129,1.844374423,0.1023282136
2020-04-19 00:00:00+00:00,7120.74,45664.86393,326.4855869,483574,0.471238259,0.4710684948,1440,0.1332099703,0.3099377143,1440,13.32099703,0.5450989225,3.780239479,1.055408535,0.1062330722
2020-04-20 00:00:00+00:00,6826.83,90149.49137,629.6123687,785174,0.4484497396,0.7138670344,1440,0.1300639634,0.3662375914,1440,13.00639634,0.6694788365,2.590059736,0,0.1026781762
2020-04-21 00:00:00+00:00,6841.37,60109.71081,411.8006061,555797,0.4613591386,0.5701450564,1440,0.1974629927,0.2794065321,1440,19.74629927,0.05166497928,4.446438678,2.638208453,0.1103470385
2020-04-22 00:00:00+00:00,7125.14,61486.37733,431.2716462,508659,0.4595954608,0.4291805661,1440,0.1155709143,0.2860991217,1440,11.55709143,0.9423613045,2.504337334,1.539316494,0.1168131277
2020-04-23 00:00:00+00:00,7482.39,102773.5696,756.3202136,881099,0.5105942974,0.823611317,1440,0.1509907297,0.5180342555,1440,15.09907297,0.6468541195,,0,0.1326183562
2020-04-24 00:00:00+00:00,7505,60182.11994,452.1181378,601093,0.4887250428,0.5273696243,1440,0.168997554,0.3337176121,1440,16.8997554,0.06673488997,6.055062204,3.567321794,0.1193345783
2020-04-25 00:00:00+00:00,7538.67,43874.42773,331.2920508,521943,0.4811718817,0.5006360229,1290,0.1242791103,0.272584933,1289,12.42791103,0.1351166982,2.70954397,0,0.1093030132
2020-04-26 00:00:00+00:00,7693.1,50522.61621,384.2027833,554480,0.4890382977,0.4901992341,1440,0.1302697036,0.2780799203,1440,13.02697036,0.5277954824,5.514052059,3.739090803,0.1112268639
2020-04-27 00:00:00+00:00,7774.62,65441.33958,504.0258117,637800,0.4827851447,0.526953003,1440,0.1284675056,0.3403963613,1440,12.84675056,0.2091313343,4.996521287,2.382603424,0.0957351296
2020-04-28 00:00:00+00:00,7738.98,46302.75264,357.3917809,499414,0.4601346604,0.3399927636,1440,0.1084548963,0.239181315,1440,10.84548963,0.1285616107,2.365248468,0.6569052806,0.09801023962
2020-04-29 00:00:00+00:00,8778.57,183546.8875,1536.390177,1433128,0.498303223,1.075472634,1440,0.1348217897,0.3621589863,1440,13.48217897,0.8203881419,5.564392716,0,0.1376082228
2020-04-30 00:00:00+00:00,8620,206277.2141,1839.283907,1661554,0.4822853401,1.309623169,1440,0.1992273795,0.4170296265,1440,19.92273795,0.09910617645,1.204619999,0,0.1095242452
2020-05-01 00:00:00+00:00,8826.96,91468.81506,805.6401266,865960,0.4893837802,0.7433781752,1440,0.1358040769,0.2458988057,1440,13.58040769,0.2944936457,3.293112899,0.7591469995,0.09933709612
2020-05-02 00:00:00+00:00,8972.05,59002.08755,523.8388595,637884,0.5152419976,0.5340386474,1440,0.1012595842,0.2140615269,1440,10.12595842,0.3112314935,4.332974691,1.371970802,0.1143595774
2020-05-03 00:00:00+00:00,8894.16,90126.06564,808.4270959,877460,0.4917708333,0.7524398808,1440,0.1493002341,0.3319660619,1440,14.93002341,0.1078552166,3.52528758,0.5642750639,0.1156702102
2020-05-04 00:00:00+00:00,8871.96,84418.51233,738.3438187,848802,0.463386278,0.6651738999,1440,0.1366484014,0.2195360221,1440,13.66484014,0.03384791811,,0,0.1062948729
2020-05-05 00:00:00+00:00,9021.83,76480.76534,683.0830189,812543,0.4897246806,0.6664002422,1440,0.1832551399,0.4079371718,1440,18.32551399,0.245233069,,2.082228953,0.1115382591
2020-05-06 00:00:00+00:00,9142.92,105925.3024,972.7935085,1007661,0.4832631083,0.7034304619,1440,0.101060819,0.2935933696,1440,10.1060819,0.1370549164,3.64978891,0,0.1167434265
2020-05-07 00:00:00+00:00,9986.4,147154.6114,1409.783462,1254835,0.506964698,0.8531676822,1440,0.09714141658,0.2720308292,1440,9.714141658,0.6259426391,4.463588115,0,0.1342000849
2020-05-08 00:00:00+00:00,9800.01,100683.7964,997.0058437,967816,0.4589381732,0.6601918233,1440,0.1395701126,0.3088290196,1440,13.95701126,0.1889734287,3.165162445,0.804679454,0.1261000716
2020-05-09 00:00:00+00:00,9539.4,81950.67957,795.0013517,839384,0.4483023135,0.6542311029,1440,0.09457466349,0.2370641014,1440,9.457466349,0.3390285517,6.314303525,2.85694729,0.1376359275
2020-05-10 00:00:00+00:00,8722.77,183865.182,1594.996477,1565771,0.4589046161,2.130765574,1440,0.2484323039,0.4469644373,1440,24.84323039,0.5610905332,9.02188792,0,0.1239967174
2020-05-11 00:00:00+00:00,8561.52,168807.2518,1468.392821,1367382,0.4826486669,1.550122393,1440,0.2708845215,0.4204326277,1440,27.08845215,0.127071607,5.17203495,0,0.0944258326
2020-05-12 00:00:00+00:00,8810.79,86522.78007,760.1954571,784859,0.4688975247,0.798126738,1440,0.1898708987,0.2486952613,1440,18.98708987,0.3775260955,4.295444098,2.385799587,0.09946645875
2020-05-13 00:00:00+00:00,9309.37,92466.27402,839.72572,869216,0.4720462149,0.6551534528,1440,0.1205684244,0.3158042806,1440,12.05684244,0.6555034788,5.26210045,1.082258443,0.116735078
2020-05-14 00:00:00+00:00,9791.98,129565.3775,1247.456798,1199530,0.4896254866,0.9294981097,1440,0.1729436514,0.3772859929,1440,17.29436514,0.4051624357,4.303159531,3.453650791,0.1260620858
2020-05-15 00:00:00+00:00,9316.42,115890.7615,1099.721376,1055630,0.4780115577,1.002403219,1440,0.1405204444,0.3194473538,1440,14.05204444,0.4527078371,5.271906041,0,0.1139787506
2020-05-16 00:00:00+00:00,9381.27,59587.62786,560.547005,692028,0.484351689,0.6535800267,1440,0.1472049116,0.1701591436,1440,14.72049116,0.1237490079,2.33419062,1.81646999,0.1186632529
2020-05-17 00:00:00+00:00,9680.04,68647.76432,663.0888008,722718,0.5059747442,0.6365937881,1440,0.1500321016,0.322010175,1440,15.00321016,0.4728007043,5.698657203,2.096339351,0.1031763311
2020-05-18 00:00:00+00:00,9733.93,82006.60358,797.6222973,794292,0.4907268589,0.6540263923,1440,0.07904653428,0.3054223895,1440,7.904653428,0.06960295123,,0,0.1262022902
2020-05-19 00:00:00+00:00,9775.53,78539.76045,760.713946,773581,0.4815614294,0.6321222887,1440,0.100976745,0.235366169,1440,10.0976745,0.05606055043,2.708723109,0,0.1466453728
2020-05-20 00:00:00+00:00,9511.43,74923.73809,721.1908028,731189,0.446878353,0.6569938109,1440,0.1106037994,0.4037884418,1440,11.06037994,0.3797620679,,0,0.1240240932
2020-05-21 00:00:00+00:00,9068.65,108928.781,1002.046266,951971,0.4582267487,0.8108625589,1440,0.1407644954,0.3452251876,1440,14.07644954,0.4757347459,6.851987815,3.373614812,0.1239745045
2020-05-22 00:00:00+00:00,9170,58943.13102,537.8478345,693694,0.4917844606,0.5558231954,1440,0.179070394,0.252425549,1440,17.9070394,0.2066360566,3.741088179,0.7574269709,0.08940134259
2020-05-23 00:00:00+00:00,9179.15,43526.29697,400.4071956,512460,0.4911425465,0.4272431704,1440,0.1010772369,0.1292806411,1440,10.10772369,0.02490768136,2.042228619,0.7632600213,0.07594368987
2020-05-24 00:00:00+00:00,8720.34,70379.86645,636.7872404,774088,0.4553349283,0.6688486815,1440,0.1306928339,0.3546523606,1440,13.06928339,0.8052356661,3.345685159,0,0.0925315544
2020-05-25 00:00:00+00:00,8900.35,62833.91095,553.5452859,733557,0.4897337804,0.6135199777,1440,0.1782495895,0.2232820701,1440,17.82495895,0.3691183782,2.729629191,0.5260904853,0.1125681406
2020-05-26 00:00:00+00:00,8841.18,58299.77014,516.4551289,678304,0.4844302133,0.5425863977,1440,0.1487501829,0.2430671167,1440,14.87501829,0.1291544905,4.185792649,2.231930895,0.09544601649
2020-05-27 00:00:00+00:00,9204.07,68910.35551,624.6608558,662850,0.4866122082,0.5052658473,1440,0.1190561623,0.3760492488,1440,11.90561623,0.6439562405,,1.202828925,0.1148478661
2020-05-28 00:00:00+00:00,9575.89,74110.78766,693.9301062,738725,0.5124071786,0.4951076701,1440,0.09146807753,0.2750999846,1440,9.146807753,0.5707016204,3.451020571,0,0.114361309
2020-05-29 00:00:00+00:00,9427.07,57374.36296,542.7580866,593705,0.4674424518,0.5004977471,1440,0.1503797539,0.2538273372,1440,15.03797539,0.2885842452,2.411036368,0.9011272963,0.1033982808
2020-05-30 00:00:00+00:00,9697.72,55665.27254,530.5986901,651290,0.5255104048,0.507795573,1440,0.08730025663,0.2399247014,1440,8.730025663,0.5334628411,,2.554121636,0.096674755
2020-05-31 00:00:00+00:00,9448.27,48333.7864,461.2722989,651473,0.4712645721,0.4882143618,1440,0.1440050384,0.1807480954,1440,14.40050384,0.564940718,3.628829159,1.647097695,0.1084061108
2020-06-01 00:00:00+00:00,10200.77,76649.12696,749.7075967,826964,0.5418249883,0.6767951721,1440,0.09350944818,0.3299039348,1440,9.350944818,1.02215253,1.85276171,0,0.1371364399
2020-06-02 00:00:00+00:00,9518.04,108970.7732,1070.060237,1004312,0.4529187647,0.9729923091,1440,0.1263462316,0.6018737905,1440,12.63462316,0.6473865674,,0,0.1758887527
2020-06-03 00:00:00+00:00,9666.24,46252.64494,441.928818,562784,0.4898381094,0.434559435,1440,0.1356210061,0.2744216576,1440,13.56210061,0.349614158,4.605540858,2.19879603,0.1264459306
2020-06-04 00:00:00+00:00,9789.06,57456.10097,557.2349456,665881,0.5008734823,0.5488327955,1440,0.1461423322,0.4068502286,1440,14.61423322,0.2265836569,4.377093795,2.239101506,0.123424441
2020-06-05 00:00:00+00:00,9621.16,47788.05005,465.2007882,566062,0.4672529449,0.4857064541,1440,0.1507708949,0.2871058288,1440,15.07708949,0.3718952439,3.1927094,1.904332728,0.1132547925
2020-06-06 00:00:00+00:00,9666.3,32752.95089,315.6048672,435796,0.4833974751,0.3984701054,1440,0.1447887143,0.355736559,1440,14.47887143,0.1483110852,3.977795262,2.09595894,0.1068554664
2020-06-07 00:00:00+00:00,9746.99,57952.84838,556.9196038,637766,0.4905124756,0.460095124,1440,0.06328907793,0.1568509222,1440,6.328907793,0.1492658864,3.593780947,1.315850554,0.1262747444
2020-06-08 00:00:00+00:00,9782.01,40664.66413,395.4593958,485139,0.4855330678,0.3672612205,1440,0.1259633585,0.2470441165,1440,12.59633585,0.09069110615,1.954652758,1.934864564,0.1464616442
2020-06-09 00:00:00+00:00,9772.43,46024.00129,447.2088958,551863,0.4758645562,0.5094170295,1440,0.1720586095,0.4690318006,1440,17.20586095,0.02190986605,,0,0.1438938365
2020-06-10 00:00:00+00:00,9885,47130.76298,462.3843054,560909,0.4907232467,0.4488892857,1440,0.1333268587,0.350822085,1440,13.33268587,0.2477009013,,0,0.1305073768
2020-06-11 00:00:00+00:00,9280.4,94418.98473,902.0756485,966502,0.4339388404,0.6843697284,1440,0.1039256204,0.4553584364,1440,10.39256204,0.6996509373,,3.813223805,0.1541305361
2020-06-12 00:00:00+00:00,9465.13,50119.06693,472.0078944,553203,0.4857396169,0.4013704564,1440,0.1301689675,0.2936788861,1440,13.01689675,0.4175750087,,0.3852740798,0.1326886514
2020-06-13 00:00:00+00:00,9473.34,27759.78485,261.6731623,392763,0.4874319915,0.3000890229,1440,0.1069968072,0.1962286872,1440,10.69968072,0.03313363676,1.618897289,0,0.1069870322
2020-06-14 00:00:00+00:00,9342.1,30055.50661,282.1312724,415568,0.4812900458,0.3370386158,1440,0.1145754738,0.2676080805,1440,11.45754738,0.494467389,,0,0.09570671894
2020-06-15 00:00:00+00:00,9426.02,86107.92471,793.5188426,839521,0.4834717324,0.5863383731,1440,0.08275676878,0.2023109136,1440,8.275676878,0.1126990746,,0,0.1324051842
2020-06-16 00:00:00+00:00,9525.59,52052.44693,494.4582691,543481,0.4935952322,0.4223323385,1440,0.07227857757,0.223197571,1440,7.227857757,0.2125136077,,0,0.1423956845
2020-06-17 00:00:00+00:00,9465.14,48046.41115,453.2098122,536158,0.4754326229,0.396051343,1440,0.1027082201,0.1754477547,1440,10.27082201,0.1404710421,3.102140622,1.086423587,0.124912036
2020-06-18 00:00:00+00:00,9386.32,37381.95376,351.6495551,475074,0.4799215516,0.3457767919,1440,0.1211059576,0.249139384,1440,12.11059576,0.2378011189,1.919888257,0,0.1063454002
2020-06-19 00:00:00+00:00,9310.23,45330.98367,423.0869652,503484,0.4865539474,0.3784296971,1440,0.08558015848,0.1759086897,1440,8.558015848,0.1923839586,2.528113115,0.9746687379,0.1086860578
2020-06-20 00:00:00+00:00,9358.95,30329.06538,282.1203606,382778,0.4986992371,0.3386306624,1440,0.1106552359,0.2220882159,1440,11.06552359,0.185002922,2.900827013,0,0.1152260661
2020-06-21 00:00:00+00:00,9294.69,24316.92623,227.4679406,321015,0.4844278865,0.2433305359,1440,0.1016853954,0.1505111153,1440,10.16853954,0.3028925895,2.388793233,1.19116399,0.1001712696
2020-06-22 00:00:00+00:00,9685.69,57895.46834,550.9957991,588704,0.5309258437,0.3474915114,1440,0.06046808906,0.2072049575,1440,6.046808906,0.7478508771,2.444766923,1.336287445,0.1129743383
2020-06-23 00:00:00+00:00,9624.89,41031.02938,395.4876165,474319,0.4658085967,0.2886185197,1440,0.08376554908,0.1783381697,1440,8.376554908,0.1592233667,2.699805795,1.353658095,0.141983713
2020-06-24 00:00:00+00:00,9296.49,61571.56146,579.4267028,572362,0.4369475683,0.4795838873,1440,0.1027369012,0.3877029676,1440,10.27369012,0.5991360392,2.731459548,1.178014017,0.1449623682
2020-06-25 00:00:00+00:00,9249.49,55831.61916,514.3967474,536205,0.4754724288,0.4536369189,1440,0.06139003013,0.1061471202,1440,6.139003013,0.0985327905,,0,0.150117956
2020-06-26 00:00:00+00:00,9162.21,50292.29828,461.3470648,510947,0.463448764,0.4672526046,1440,0.1644692363,0.2861859385,1440,16.44692363,0.2055068652,,0,0.1082025168
2020-06-27 00:00:00+00:00,9012,46290.93011,419.6068022,499415,0.4548812653,0.4749384342,1440,0.1038460242,0.3179472448,1440,10.38460242,0.3939496048,,0,0.1236455729
2020-06-28 00:00:00+00:00,9116.35,30688.17642,278.7216749,374404,0.4882272678,0.3415871162,1230,0.1365729502,0.2616952048,1229,13.65729502,0.413045814,2.120254375,0,0.1532375452
2020-06-29 00:00:00+00:00,9192.56,42120.29326,384.2063265,434299,0.4854927688,0.3226553432,1440,0.1075377673,0.2344062573,1440,10.75377673,0.2166793199,2.468981854,1.127961266,0.1291470548
2020-06-30 00:00:00+00:00,9138.55,31463.1628,287.7813345,328083,0.4852578733,0.263606514,1440,0.09215223326,0.1317025215,1440,9.215223326,0.2047642071,1.642003202,0.9188538274,0.106711367
2020-07-01 00:00:00+00:00,9232,38488.5287,354.0876272,374832,0.4954419498,0.2974789619,1440,0.1291119606,0.2448274875,1440,12.91119606,0.287329447,2.613397927,0.9691376335,0.08882172736
2020-07-02 00:00:00+00:00,9086.54,45725.16808,417.7244689,470292,0.4732105184,0.4114800702,1440,0.1484071686,0.3624566243,1440,14.84071686,0.3801910897,3.949307954,0,0.08028879367
2020-07-03 00:00:00+00:00,9058.26,28943.42018,263.1237505,343189,0.4740118629,0.2316327351,1440,0.05958641343,0.08184181035,1440,5.958641343,0.1184670342,1.758429942,0.8102777451,0.1075501401
2020-07-04 00:00:00+00:00,9135.46,26441.96848,240.5760549,335225,0.5139110429,0.257032947,1440,0.1628209447,0.284857782,1440,16.28209447,0.3527572896,0.8493257262,0.5146594155,0.08767286913
2020-07-05 00:00:00+00:00,9069.41,34073.65363,308.4104437,384500,0.4776779869,0.3351519695,1440,0.0800661502,0.1556359029,1440,8.00661502,0.2352816543,2.090423335,0,0.08811556745
2020-07-06 00:00:00+00:00,9344.2,54463.13228,502.5483762,533540,0.5165502065,0.3133870775,1440,0.07114752823,0.2285251307,1440,7.114752823,0.59394516,0.7399964515,0.3276806499,0.1239777234
2020-07-07 00:00:00+00:00,9257.39,34587.33668,320.5765254,433481,0.4708326968,0.2517201363,1440,0.1252725638,0.2294151965,1440,12.52725638,0.2911528996,1.225658112,0.9325555292,0.108840402
2020-07-08 00:00:00+00:00,9436.06,56140.51778,525.3448767,652605,0.4999540751,0.3061060433,1440,0.08157714932,0.287192203,1440,8.157714932,0.3638822709,,0.09294077247,0.09629654485
2020-07-09 00:00:00+00:00,9232.43,48044.45064,447.6404935,575491,0.471332593,0.3339878121,1440,0.1265837635,0.316477048,1440,12.65837635,0.4873606088,3.501981083,1.671663905,0.09592824618
2020-07-10 00:00:00+00:00,9288.34,38295.49401,352.2388988,525484,0.4794457845,0.2575188144,1440,0.0949435957,0.2484553577,1440,9.49435957,0.1714053819,,0,0.1065951686
2020-07-11 00:00:00+00:00,9234.03,22561.366,208.4102505,413452,0.4793802509,0.2340932894,1440,0.1817911953,0.2789668257,1440,18.17911953,0.2813814168,2.059561,1.185592935,0.08923933574
2020-07-12 00:00:00+00:00,9302.75,30872.70229,285.5913815,484875,0.4852243761,0.3059529492,1440,0.08282061674,0.1749895126,1440,8.282061674,0.2596185639,1.441748125,0,0.08399703975
2020-07-13 00:00:00+00:00,9242.62,42740.06911,396.6140868,642552,0.4606787903,0.2629643775,1440,0.1155394264,0.1765198599,1440,11.55394264,0.1635004995,2.256190567,1.416673924,0.1098396288
2020-07-14 00:00:00+00:00,9255.85,45772.55251,421.7890865,613139,0.4733521677,0.2761672782,1440,0.08233465493,0.227137231,1440,8.233465493,0.03391241872,2.71377527,0.8600950256,0.1153293626
2020-07-15 00:00:00+00:00,9197.6,39053.57966,360.2016835,554780,0.4603337236,0.1961215116,1440,0.04397574519,0.09103879608,1440,4.397574519,0.1752685756,1.919334868,1.023971779,0.1089438897
2020-07-16 00:00:00+00:00,9133.72,43375.57119,395.883667,681807,0.4705443513,0.2539144795,1440,0.08022935732,0.1701953361,1440,8.022935732,0.1760497197,2.508124019,0.6039317794,0.1181121542
2020-07-17 00:00:00+00:00,9154.32,28054.35874,256.3603456,470991,0.4775563729,0.1628763601,1440,0.09565603449,0.174348893,1440,9.565603449,0.087877843,0.4275048556,0.3364854411,0.0939515861
2020-07-18 00:00:00+00:00,9170.28,22554.54146,206.6281054,430377,0.5099950647,0.1484302437,1440,0.08092960768,0.2090404752,1440,8.092960768,0.08430223634,,0,0.08289056055
2020-07-19 00:00:00+00:00,9208.99,26052.01942,238.521988,440449,0.4941410985,0.1775349987,1440,0.09068939089,0.2637625327,1440,9.068939089,0.1766026154,0.5805209161,0,0.07704767639
2020-07-20 00:00:00+00:00,9160.78,35458.76408,325.2972893,557096,0.4661102358,0.1602467653,1440,0.07803222578,0.2210231211,1440,7.803222578,0.1613555698,1.120926272,0,0.09072450844
2020-07-21 00:00:00+00:00,9390,60413.58249,563.3605248,782959,0.4878126878,0.2544255117,1440,0.0425608307,0.1830905703,1440,4.25608307,0.4386882686,,0.573236188,0.1302974127
2020-07-22 00:00:00+00:00,9518.16,48815.00411,457.7761056,663029,0.4785863326,0.2505197761,1440,0.08490422494,0.3518941962,1440,8.490422494,0.296132966,,0,0.1210892626
2020-07-23 00:00:00+00:00,9603.27,51856.2335,494.2829487,735371,0.4717131156,0.3231344017,1440,0.08326335794,0.2412481155,1440,8.326335794,0.1801015529,1.054657572,0,0.1314249599
2020-07-24 00:00:00+00:00,9537.8,43931.13621,419.2402635,677725,0.4647341666,0.2554169619,1440,0.07471747533,0.1651502103,1440,7.471747533,0.1631716982,1.390629816,0.4670911089,0.1384419103
2020-07-25 00:00:00+00:00,9700.42,40679.54542,391.4316957,675222,0.4824687369,0.2989016706,1440,0.04749441748,0.05314058143,1440,4.749441748,0.4319101602,1.895740962,0.9234013769,0.1211520483
2020-07-26 00:00:00+00:00,9931.54,65279.26932,644.6076345,945611,0.5169839087,0.4784547187,1440,0.09756534416,0.358249396,1440,9.756534416,0.3652821784,,2.881737227,0.1303705513
2020-07-27 00:00:00+00:00,11029.96,150188.9331,1580.355372,1901088,0.5103612393,1.080410519,1440,0.1391328191,0.2271719906,1440,13.91328191,0.663772573,3.684767593,5.912009716,0.1350801141
2020-07-28 00:00:00+00:00,10906.27,97267.73419,1065.3755,1475636,0.4788374164,0.8919571974,1440,0.2528235858,0.2648457662,1440,25.28235858,0.1058533219,4.338343809,0,0.1148319985
2020-07-29 00:00:00+00:00,11100.53,76838.09423,853.2422536,1127302,0.4713609496,0.6938709356,1440,0.2042950332,0.2936586943,1440,20.42950332,0.2069166364,6.263605359,2.961999107,0.1185049177
2020-07-30 00:00:00+00:00,11099.61,60794.82646,669.7795419,879960,0.4650510646,0.486499256,1440,0.1278103609,0.1725182299,1440,12.78103609,0.001237457328,2.888819342,0,0.1172257943
2020-07-31 00:00:00+00:00,11335.46,70063.66097,786.3443259,971584,0.48624555,0.5199385955,1440,0.1139599972,0.1929764801,1440,11.39599972,0.2673878624,2.973416997,0.6103129163,0.1143733336
2020-08-01 00:00:00+00:00,11801.17,85087.48513,987.8170173,1174252,0.4762596222,0.6399359422,1440,0.1389102229,0.2263887375,1440,13.89102229,0.4075938457,4.165598868,0,0.1509921291
2020-08-02 00:00:00+00:00,11071.35,97553.0776,1105.757336,1459900,0.471279713,1.445454293,1440,0.2992452656,0.5089107063,1440,29.92452656,0.5773236726,,0,0.125047174
2020-08-03 00:00:00+00:00,11219.81,56931.84148,641.1275933,919185,0.4765880469,0.5202317168,1440,0.19985951,0.2727089472,1440,19.985951,0.2077632524,3.469021559,1.439807322,0.06682459971
2020-08-04 00:00:00+00:00,11191.97,58629.11371,658.0842427,863692,0.4752180939,0.5083422035,1440,0.1187574558,0.1562628303,1440,11.87574558,0.03775214281,3.032945343,1.628020801,0.09325660765
2020-08-05 00:00:00+00:00,11744.91,74970.25685,861.4336454,964637,0.4819295821,0.5579444638,1440,0.1020644312,0.1330877425,1440,10.20644312,0.5598039806,3.908640114,2.167109493,0.1011532528
2020-08-06 00:00:00+00:00,11762.46,63529.08502,746.4792117,919918,0.4729204472,0.4932642943,1440,0.1796784147,0.3015586383,1440,17.96784147,0.0200025533,4.840206279,2.147887184,0.09848635247
2020-08-07 00:00:00+00:00,11594.23,65755.92602,767.0055293,940045,0.4561264744,0.5345498785,1440,0.1720111692,0.2523707841,1440,17.20111692,0.1878153827,5.031816778,0,0.1096536464
2020-08-08 00:00:00+00:00,11761.41,41858.16104,489.0872644,779318,0.4885153124,0.4280449425,1440,0.1528360533,0.1566779573,1440,15.28360533,0.2927140762,1.384760213,0,0.1008447274
2020-08-09 00:00:00+00:00,11681.68,41493.06734,483.7086029,853386,0.4586603144,0.4136062463,1440,0.1584584207,0.1556294504,1440,15.84584207,0.1406224849,3.115100071,1.065718427,0.09514647027
2020-08-10 00:00:00+00:00,11892.92,84952.33789,1009.169063,1340835,0.4950861095,0.8047893532,1440,0.1479091675,0.3287816827,1440,14.79091675,0.1775863238,,0,0.118050645
2020-08-11 00:00:00+00:00,11392.08,90748.28463,1049.615697,1343979,0.4542450711,0.6753892916,1440,0.1398807538,0.1999798755,1440,13.98807538,0.4099108662,4.466571698,1.339263492,0.1024818706
2020-08-12 00:00:00+00:00,11564.33,64909.61364,743.3036081,1104096,0.4767194007,0.4752164617,1440,0.1955631748,0.2801108261,1440,19.55631748,0.2018957436,2.708935028,1.87916863,0.08957595761
2020-08-13 00:00:00+00:00,11780,70132.4915,809.6111142,1243382,0.4967995555,0.5876290336,1440,0.2357225743,0.3354140212,1440,23.57225743,0.2282307804,5.026558159,2.164606326,0.07978307013
2020-08-14 00:00:00+00:00,11760.54,59818.8527,702.2732207,1011746,0.4758478016,0.4000291936,1440,0.1600740447,0.2279046042,1440,16.00740447,0.02354238195,,0.7413756889,0.07630162938
2020-08-15 00:00:00+00:00,11852.4,56237.90505,667.4468241,1018956,0.4855082403,0.4495435372,1440,0.1693412242,0.2694031723,1440,16.93412242,0.116571368,2.825210225,0,0.1094877304
2020-08-16 00:00:00+00:00,11911,41368.23691,489.7315246,790240,0.467557884,0.3553813454,1440,0.1771673292,0.2144982097,1440,17.71673292,0.1007075087,1.556028568,0,0.100560174
2020-08-17 00:00:00+00:00,12281.13,84734.21154,1026.883453,1210228,0.4991028468,0.6726905587,1440,0.1304702306,0.3200737089,1440,13.04702306,0.2980045598,,0,0.09111487999
2020-08-18 00:00:00+00:00,11945.01,75923.83553,920.4023072,1189390,0.4735581353,0.603607565,1440,0.157916533,0.2690052489,1440,15.7916533,0.30150207,5.030636804,1.597347128,0.07543099999
2020-08-19 00:00:00+00:00,11754.59,73940.16961,870.6128015,1258060,0.4714776306,0.5733929609,1440,0.1106364701,0.1458233603,1440,11.06364701,0.1845805082,2.384956212,1.943186779,0.09048538723
2020-08-20 00:00:00+00:00,11853.55,46085.25435,543.576025,798027,0.4772222233,0.3211514827,1440,0.1477160781,0.2028029753,1440,14.77160781,0.1542304624,,0,0.07943796105
2020-08-21 00:00:00+00:00,11531.34,64448.30614,755.4519997,1189668,0.4737398807,0.4436829507,1440,0.1820714821,0.2324418097,1440,18.20714821,0.3647995465,,0,0.07380915085
2020-08-22 00:00:00+00:00,11662.96,43678.70165,504.3054514,809328,0.4946362897,0.3634704873,1440,0.227551376,0.2922698188,1440,22.7551376,0.2250513441,2.744734327,1.81440698,0.06514190991
2020-08-23 00:00:00+00:00,11648.13,37900.00469,440.4060187,627352,0.4885125392,0.265397578,1440,0.1413520079,0.2328715424,1440,14.13520079,0.02889052133,,0.6084864502,0.04841910466
2020-08-24 00:00:00+00:00,11748.2,46212.39187,542.2989515,656584,0.4929504526,0.2467619232,1440,0.1291867587,0.2650924456,1440,12.91867587,0.1577429799,,0,0.05522789301
2020-08-25 00:00:00+00:00,11318.42,69590.92327,797.0346716,996668,0.4760168485,0.4958648991,1440,0.1327339091,0.2003408966,1440,13.27339091,0.4675900764,2.820988022,0,0.06482691429
2020-08-26 00:00:00+00:00,11461.43,53998.23123,615.45279,862654,0.4745069636,0.3986199701,1440,0.2065375195,0.2965410869,1440,20.65375195,0.204012371,,0,0.07673233349
2020-08-27 00:00:00+00:00,11330.38,63246.03638,717.4749817,959270,0.4868792169,0.5119547842,1440,0.1973270432,0.2418460775,1440,19.73270432,0.1602825449,,0.6889113841,0.07588585598
2020-08-28 00:00:00+00:00,11526.91,45953.90837,525.6062297,719985,0.4725213509,0.3321268329,1440,0.1900819231,0.2996426899,1440,19.00819231,0.3271781632,,0,0.06580803772
2020-08-29 00:00:00+00:00,11465.84,32973.7992,379.2282753,611834,0.476417955,0.2769508842,1440,0.1926089014,0.2237813068,1440,19.26089014,0.1400771538,2.158073398,0,0.06544345912
2020-08-30 00:00:00+00:00,11711.16,43177.87905,501.3753429,756541,0.5154981298,0.3039807511,1440,0.1313743823,0.397015383,1440,13.13743823,0.4222396164,1.573172,0.7473596736,0.0704993899
2020-08-31 00:00:00+00:00,11649.51,55353.61774,646.7238556,822062,0.4801843378,0.3145019525,1440,0.1316534279,0.2571243182,1440,13.16534279,0.08161310656,1.585807806,0.8239086441,0.07459952275
2020-09-01 00:00:00+00:00,11921.97,78148.19367,928.0473135,1321492,0.4795506796,0.4330740681,1440,0.1359015585,0.2973150138,1440,13.59015585,0.2491122711,2.167017389,0.5573769006,0.09769262775
2020-09-02 00:00:00+00:00,11388.54,87221.8456,1005.391012,1373524,0.4582832387,0.5935307865,1440,0.1579249243,0.3576903379,1440,15.79249243,0.4552987769,,0,0.1011605861
2020-09-03 00:00:00+00:00,10140.85,121950.106,1325.106403,1611610,0.4449920925,1.127466095,1440,0.1562220978,0.2962957843,1440,15.62220978,0.8756713065,4.645519398,4.327226648,0.1193794004
2020-09-04 00:00:00+00:00,10446.25,92733.59911,959.9257184,1434860,0.4605432667,0.9725035152,1440,0.21506592,0.1995630239,1440,21.506592,0.3090993468,,0,0.1179368419
2020-09-05 00:00:00+00:00,10166.69,90001.60557,917.5784089,1476782,0.4830817411,1.152495909,1440,0.279710773,0.2475325983,1440,27.9710773,0.2956300197,6.888949602,4.211030096,0.09313285599
2020-09-06 00:00:00+00:00,10256.2,56368.78881,574.9030002,1053192,0.4973220006,0.6543460613,1440,0.2484192327,0.1931776154,1440,24.84192327,0.1524728648,0.6114364703,0,0.07021981842
2020-09-07 00:00:00+00:00,10373.44,62620.23068,634.2785378,927363,0.4882878958,0.6840488949,1440,0.2718114497,0.369438398,1440,27.18114497,0.1792003342,,0,0.07048453278
2020-09-08 00:00:00+00:00,10126.65,73491.87842,742.947902,1048125,0.4682260844,0.7881979091,1440,0.2506795176,0.2840122987,1440,25.06795176,0.3240890865,,2.192881265,0.09843958076
2020-09-09 00:00:00+00:00,10219.2,49347.11378,503.0826252,755560,0.4826100374,0.46325872,1440,0.1885474136,0.2736445078,1440,18.85474136,0.1808398997,1.070555354,0.580094812,0.09352811072
2020-09-10 00:00:00+00:00,10336.87,58253.75375,602.3900785,851877,0.4753361065,0.498328702,1440,0.1808098022,0.2602339101,1440,18.08098022,0.190056442,3.630028764,2.964931082,0.1033415541
2020-09-11 00:00:00+00:00,10387.89,43830.25447,451.2410027,637869,0.4844053722,0.3559870274,1440,0.1994887488,0.2996491078,1440,19.94887488,0.1091121873,2.437387458,1.193074262,0.07234609317
2020-09-12 00:00:00+00:00,10440.92,35379.1531,366.9126714,577724,0.4963592214,0.2711889621,1440,0.1454499984,0.2550450355,1440,14.54499984,0.1387795236,1.366775831,0.7984319704,0.06349998739
2020-09-13 00:00:00+00:00,10332.83,43837.60986,455.3386053,692439,0.4741480521,0.4060112887,1440,0.1755703522,0.3103887797,1440,17.55703522,0.228544123,2.476388181,1.774495282,0.07278053387
2020-09-14 00:00:00+00:00,10671.77,67059.29136,706.1755914,828957,0.4754056076,0.4287738338,1440,0.1397931082,0.2943898128,1440,13.97931082,0.4570496723,1.977835317,3.842921942,0.09052116317
2020-09-15 00:00:00+00:00,10785.31,61822.45279,666.4571611,893852,0.4811211127,0.4864793753,1440,0.1878366072,0.2720034622,1440,18.78366072,0.1587961906,2.352986286,0.9029985303,0.08507093124
2020-09-16 00:00:00+00:00,10954.01,64991.51244,708.6449895,884153,0.488379336,0.4607683978,1440,0.1469342819,0.2570392486,1440,14.69342819,0.2190176527,2.169086789,1.238087345,0.08632107001
2020-09-17 00:00:00+00:00,10939.99,55601.61453,605.0102888,829137,0.4861356503,0.4020419887,1440,0.184531461,0.3303376915,1440,18.4531461,0.02116850534,2.89232396,0.7371680031,0.09206951925
2020-09-18 00:00:00+00:00,10933.39,47266.72828,516.1479357,717371,0.487550561,0.2960424218,1440,0.1584750014,0.289633896,1440,15.84750014,0.01169186661,1.30645025,0.7036391816,0.07262341039
2020-09-19 00:00:00+00:00,11080.65,38440.03686,423.6519012,620127,0.5182892863,0.319989325,1440,0.1608383224,0.3474206023,1440,16.08383224,0.3158001696,0.3207340751,0,0.07283066377
2020-09-20 00:00:00+00:00,10920.28,39157.92257,426.8152108,646329,0.4963923796,0.3541075601,1440,0.1498389084,0.293044513,1440,14.98389084,0.3415701333,1.502479541,0.4601909618,0.07646167527
2020-09-21 00:00:00+00:00,10417.22,70683.43118,751.0207952,1028531,0.475768225,0.5248108654,1440,0.1904593028,0.3275409121,1440,19.04593028,0.6279640352,,1.629307956,0.08304009404
2020-09-22 00:00:00+00:00,10529.61,43991.23548,460.3625007,738576,0.4886760137,0.4009804656,1440,0.2422028136,0.3646426649,1440,24.22028136,0.2331007044,,0,0.08388891701
2020-09-23 00:00:00+00:00,10241.46,51876.56808,539.3620152,774391,0.4821580869,0.414450714,1440,0.1549997944,0.2939091199,1440,15.49997944,0.5144429914,2.156256118,0.2439580923,0.07343375172
2020-09-24 00:00:00+00:00,10736.32,57676.61943,604.5208701,789282,0.4845430367,0.4647155852,1440,0.2103038094,0.3881883036,1440,21.03038094,0.7805884099,,0,0.08597874265
2020-09-25 00:00:00+00:00,10686.67,48101.11701,512.6472491,733430,0.4899331201,0.3629434165,1440,0.1902107014,0.3297705852,1440,19.02107014,0.09041725326,,0.8158403761,0.08547664123
2020-09-26 00:00:00+00:00,10728.6,28420.83666,304.5114777,502670,0.5036632636,0.3107394088,1440,0.2099679807,0.3653701724,1440,20.99679807,0.1285962167,0.8827591031,0.4587625549,0.08344040693
2020-09-27 00:00:00+00:00,10774.25,30549.48325,327.1692495,516004,0.494314082,0.3023324888,1440,0.1703180078,0.3641311598,1440,17.03180078,0.1297785528,2.051015672,0,0.07833551349
2020-09-28 00:00:00+00:00,10696.12,50095.25173,544.4632196,686664,0.5034224291,0.3685047834,1440,0.1091779049,0.348504974,1440,10.91779049,0.1336723741,,0,0.09092298801
2020-09-29 00:00:00+00:00,10840.48,41874.8984,449.3458225,587576,0.4751313309,0.2943899677,1440,0.1586920438,0.3005747607,1440,15.86920438,0.2983496434,1.134174067,0,0.08244665044
2020-09-30 00:00:00+00:00,10776.59,39596.02732,425.2796963,595383,0.4725741691,0.2895800435,1440,0.1582702582,0.243742499,1440,15.82702582,0.1389929173,0.18853489,0,0.08145181913
2020-10-01 00:00:00+00:00,10619.13,60866.33289,652.1689895,794855,0.4674172691,0.4204286972,1440,0.09474183271,0.2230307481,1440,9.474183271,0.22569453,,0,0.1047860831
2020-10-02 00:00:00+00:00,10570.4,50130.39371,526.8643793,777193,0.4812230817,0.4199799238,1440,0.2234842618,0.3623892456,1440,22.34842618,0.08729854621,1.40050215,0,0.08650626669
2020-10-03 00:00:00+00:00,10542.06,22298.22134,235.1608846,381329,0.4822116848,0.2247043947,1440,0.1001179704,0.1596575046,1440,10.01179704,0.1141632115,1.436737737,0.7295568561,0.07724836019
2020-10-04 00:00:00+00:00,10666.63,23212.0016,246.2520509,377553,0.5222848017,0.2243466989,1440,0.1574238668,0.3590847104,1440,15.74238668,0.4770399534,1.414454765,0.5994297758,0.08183164977
2020-10-05 00:00:00+00:00,10792.21,34025.76165,364.1585102,483340,0.4570532335,0.2473926848,1440,0.1486476156,0.3963297579,1440,14.86476156,0.3214095132,1.378306213,0,0.097133224
2020-10-06 00:00:00+00:00,10599.66,48674.74047,520.0512561,734526,0.476421439,0.3137546937,1440,0.1551507496,0.3204846633,1440,15.51507496,0.3461707328,,0,0.1027320984
2020-10-07 00:00:00+00:00,10666.39,32811.99028,348.2985629,503440,0.4810240266,0.2039474822,1440,0.1584321013,0.3639271621,1440,15.84321013,0.180183091,1.578817954,0.7845287127,0.08368879577
2020-10-08 00:00:00+00:00,10925.57,51959.69157,559.3117604,659291,0.5096758416,0.3367309831,1440,0.08286976373,0.3493056592,1440,8.286976373,0.4292460652,,0,0.09025843654
2020-10-09 00:00:00+00:00,11050.64,48240.07324,530.8223215,635681,0.5318945365,0.2624644363,1440,0.05153079709,0.2061611194,1440,5.153079709,0.2144301557,1.649423582,0.5101139287,0.1255918534
2020-10-10 00:00:00+00:00,11293.22,43648.03694,494.7852122,698561,0.5225253241,0.4807065312,1440,0.1081628548,0.3987604994,1440,10.81628548,0.4388611517,,0,0.1472859802
2020-10-11 00:00:00+00:00,11369.02,29043.85134,329.927755,509714,0.4982274596,0.3012769037,1440,0.2376592615,0.3610448635,1440,23.76592615,0.2027585302,1.886576913,0,0.1052928165
2020-10-12 00:00:00+00:00,11528.25,52825.28371,604.7798458,740823,0.5085808809,0.4710303168,1440,0.1335616619,0.423714642,1440,13.35616619,0.2299751318,5.445184345,1.831228824,0.1020563893
2020-10-13 00:00:00+00:00,11420.56,42205.28371,482.6633907,618262,0.458382385,0.3480567762,1440,0.1609834144,0.2752677697,1440,16.09834144,0.1944482463,2.301462453,0,0.1157512346
2020-10-14 00:00:00+00:00,11417.89,41415.10601,472.0070157,590025,0.4604613906,0.3317525466,1440,0.1799349863,0.311472703,1440,17.99349863,0.004953659821,0.9517937627,0,0.1041878327
2020-10-15 00:00:00+00:00,11505.12,48760.71768,556.4364456,662386,0.4925940145,0.3631420826,1440,0.1467265866,0.3346332897,1440,14.67265866,0.136776269,2.255647075,0.8991549827,0.09690576638
2020-10-16 00:00:00+00:00,11319.32,48797.7495,553.2110016,693210,0.4676771719,0.3525400234,1440,0.1040861241,0.2483956573,1440,10.40861241,0.2943027766,,0,0.1086233367
2020-10-17 00:00:00+00:00,11360.2,22368.91524,253.582776,365973,0.4612662037,0.227516617,1440,0.1297792956,0.2935245408,1440,12.97792956,0.1421633807,,0,0.1134129219
2020-10-18 00:00:00+00:00,11503.14,23284.04119,266.1508243,346946,0.5323872689,0.2042413775,1440,0.06817731324,0.2411518448,1440,6.817731324,0.4698096591,1.247222468,0.4101924552,0.1089755053
2020-10-19 00:00:00+00:00,11751.47,47414.53469,550.7286838,650960,0.5212830896,0.3212322307,1440,0.075947283,0.3423404482,1440,7.5947283,0.3878188698,2.745564267,1.2082367,0.1323187109
2020-10-20 00:00:00+00:00,11909.99,62134.75066,737.4255921,906111,0.5135887485,0.4251575628,1440,0.06303097466,0.1698804185,1440,6.303097466,0.1817024624,3.015229157,0.6770953699,0.1146416848
2020-10-21 00:00:00+00:00,12780.96,114584.4568,1437.122187,1453620,0.5151979022,0.7834966547,1440,0.1180515715,0.2000091436,1440,11.80515715,0.4911135631,,0,0.1229348382
2020-10-22 00:00:00+00:00,12968.52,70038.82414,905.7788889,1035811,0.4748722648,0.5923516512,1440,0.2186242518,0.2930338818,1440,21.86242518,0.1608374738,2.920788014,0,0.1138213283
2020-10-23 00:00:00+00:00,12923.07,50386.99984,650.6802391,699313,0.4899264805,0.3944880067,1440,0.1422973942,0.2305459277,1440,14.22973942,0.0539557819,0.9145667688,0,0.1074887627
2020-10-24 00:00:00+00:00,13111.73,35952.20907,468.2995218,536821,0.5113105719,0.3795660579,1440,0.131974735,0.2615384836,1440,13.1974735,0.3094849024,3.437345205,1.87588152,0.09939718302
2020-10-25 00:00:00+00:00,13028.83,38481.5795,502.6720492,610498,0.4674643643,0.4821590715,1440,0.1800758403,0.4094287226,1440,18.00758403,0.1261787898,,0,0.1144796332
2020-10-26 00:00:00+00:00,13052.19,60951.67299,794.3957225,818144,0.4857946181,0.4423182539,1440,0.1686891745,0.302919273,1440,16.86891745,0.022549737,0.3133414345,0,0.08421854784
2020-10-27 00:00:00+00:00,13636.17,80811.01945,1085.403903,1003615,0.4929264698,0.515555917,1440,0.1355954593,0.3165164919,1440,13.55954593,0.4032589646,1.948922794,0,0.1203084686
2020-10-28 00:00:00+00:00,13266.4,94440.56123,1263.487953,1234511,0.4594179843,0.6275023314,1440,0.1642344041,0.2943580368,1440,16.42344041,0.2175825912,,0,0.1231076675
2020-10-29 00:00:00+00:00,13455.7,74872.60213,997.8679489,1008433,0.4968873072,0.5291639815,1440,0.06935405898,0.0911169165,1440,6.935405898,0.1419855723,,0,0.1316393947
2020-10-30 00:00:00+00:00,13560.1,70657.77888,946.8188176,1060387,0.4873998226,0.5982617169,1440,0.1600205812,0.2157774544,1440,16.00205812,0.08162965161,,0,0.1043666631
2020-10-31 00:00:00+00:00,13791,67339.23852,927.0484585,1022202,0.5319814486,0.6288202795,1440,0.01391349081,0.007370008432,1440,1.391349081,0.182132317,3.072021521,2.993083126,0.1267630611
2020-11-01 00:00:00+00:00,13761.5,36285.64853,499.1243691,606248,0.4916418883,0.4284560671,1440,0.1790755475,0.2253341278,1440,17.90755475,0.04290247948,,0.7116660284,0.128152111
2020-11-02 00:00:00+00:00,13549.37,64566.42191,873.6299938,869850,0.452917055,0.5029892479,1440,0.1698074531,0.2764778404,1440,16.98074531,0.1778188309,1.675299583,0,0.09538341091
2020-11-03 00:00:00+00:00,14023.53,74115.63079,1009.402088,1052569,0.5172014718,0.5519152889,1440,0.1205391752,0.2824159704,1440,12.05391752,0.3407619394,,0,0.1045060902
2020-11-04 00:00:00+00:00,14144.01,93016.98826,1293.872665,1212959,0.4873696993,0.6718941592,1440,0.1436314718,0.237752315,1440,14.36314718,0.06611608743,3.438566347,1.032725954,0.1028227235
2020-11-05 00:00:00+00:00,15590.02,143741.5227,2131.865609,1736055,0.5022635476,0.8367377142,1440,0.1466690485,0.329406725,1440,14.66690485,0.4565942272,2.639242656,0,0.1046019857
2020-11-06 00:00:00+00:00,15579.92,122618.1977,1909.660729,1654968,0.4773252391,0.8614815688,1440,0.224753649,0.3515021584,1440,22.4753649,0.00339358867,,0,0.09109491227
2020-11-07 00:00:00+00:00,14818.3,101431.2066,1536.510177,1557021,0.4555291433,0.8474543707,1440,0.1294052704,0.1722576592,1440,12.94052704,0.3261937536,,0,0.10105463
2020-11-08 00:00:00+00:00,15475.1,65547.17857,998.0313738,998773,0.4756217059,0.5925550479,1440,0.1608775303,0.2265712559,1440,16.08775303,0.4345492365,1.210135287,1.053427734,0.1227341153
2020-11-09 00:00:00+00:00,15328.41,108976.3341,1670.447936,1505441,0.4712073227,0.8334494245,1440,0.2070028126,0.3158413117,1440,20.70028126,0.05701651083,,0,0.1052205961
2020-11-10 00:00:00+00:00,15297.21,61681.91961,943.6151261,1093466,0.4692747365,0.5203989553,1440,0.2126432567,0.2260123327,1440,21.26432567,0.02159260084,,0,0.08181656528
2020-11-11 00:00:00+00:00,15684.24,78469.74646,1226.425496,1247167,0.5101329363,0.5430757256,1440,0.1006667755,0.2062480926,1440,10.06667755,0.2037296825,2.338995528,0,0.09528161485
2020-11-12 00:00:00+00:00,16291.86,102196.3566,1628.755509,1472049,0.4936083884,0.7359314539,1440,0.1273944754,0.2729520403,1440,12.73944754,0.2333635088,4.942081012,1.595150031,0.1106112542
2020-11-13 00:00:00+00:00,16320.7,75691.88101,1230.358611,1208773,0.4663872858,0.4866940677,1440,0.1160999146,0.2008147185,1440,11.60999146,0.01437503003,,0,0.09632951497
2020-11-14 00:00:00+00:00,16070.45,59116.34718,944.7658686,931424,0.4689864838,0.465313464,1440,0.1537353301,0.2473747101,1440,15.37353301,0.163554373,,0,0.1059010941
2020-11-15 00:00:00+00:00,15957,43596.84151,696.6517297,854441,0.4783206793,0.4129674644,1440,0.1497920533,0.1556837488,1440,14.97920533,0.1016946792,1.366885341,0,0.09784551553
2020-11-16 00:00:00+00:00,16713.57,81300.67592,1335.728014,1202386,0.508854486,0.4963021053,1440,0.1059298637,0.22616228,1440,10.59298637,0.3468023385,3.763949823,1.799874954,0.08795488367
2020-11-17 00:00:00+00:00,17659.38,115221.4031,1982.752071,1646652,0.5056531254,0.691574013,1440,0.1439370377,0.3021716194,1440,14.39370377,0.27762484,5.216475382,2.244356081,0.1098368161
2020-11-18 00:00:00+00:00,17776.12,149019.7881,2663.337936,2091832,0.4926375027,1.090999873,1440,0.2317302225,0.3522507891,1440,23.17302225,0.02473924353,,0,0.09823231363
2020-11-19 00:00:00+00:00,17802.82,93009.56101,1656.794229,1513304,0.4878700357,0.679356518,1440,0.1505468009,0.1996849676,1440,15.05468009,0.009058989586,,1.172632256,0.08392473566
2020-11-20 00:00:00+00:00,18655.67,88423.01849,1623.135139,1444692,0.4925132936,0.64086911,1440,0.160637634,0.2777683901,1440,16.0637634,0.288289302,,0,0.1005474468
2020-11-21 00:00:00+00:00,18703.8,75577.45839,1413.641591,1451352,0.4867601461,0.60462364,1440,0.183684747,0.2449624934,1440,18.3684747,0.01822661738,3.71375394,1.797932381,0.1001580913
2020-11-22 00:00:00+00:00,18414.43,81645.73778,1497.66255,1528524,0.4796873351,0.6950104057,1440,0.1963205948,0.2597575945,1440,19.63205948,0.10410967,,1.793806255,0.08679850184
2020-11-23 00:00:00+00:00,18368,82961.50609,1529.06432,1629379,0.4774667491,0.7891041346,1440,0.1310358887,0.09007218706,1440,13.10358887,0.01651059554,4.641405912,1.93712491,0.09147175003
2020-11-24 00:00:00+00:00,19160.01,113581.5092,2145.30145,2179862,0.512224228,0.7806945657,1440,0.1424092045,0.2163562926,1440,14.24092045,0.196780151,2.226073013,0,0.113609838
2020-11-25 00:00:00+00:00,18719.11,93266.57689,1774.870796,1785408,0.4779319478,0.7888280087,1440,0.2029895936,0.2259352843,1440,20.29895936,0.1311665465,5.615604691,1.859363688,0.1047875504
2020-11-26 00:00:00+00:00,17149.47,181005.2467,3127.314143,2770483,0.4667202232,1.644363489,1440,0.17848369,0.1967450484,1440,17.848369,0.2800411274,,0,0.1183206406
2020-11-27 00:00:00+00:00,17139.52,85297.02479,1446.670351,1572299,0.4983451479,0.9589536107,1440,0.2114664602,0.2163043245,1440,21.14664602,0.004011703383,4.23741038,2.064000702,0.09558650168
2020-11-28 00:00:00+00:00,17719.85,64910.69997,1128.061605,1209385,0.4896836255,0.622511963,1440,0.0860928054,0.05866196116,1440,8.60928054,0.2951839852,5.614109421,2.758432089,0.09996221701
2020-11-29 00:00:00+00:00,18184.99,55329.0163,996.7437989,1141289,0.5039667639,0.5812990544,1440,0.08936933823,0.07057116714,1440,8.936933823,0.2599569562,4.079812563,1.14227784,0.09614578137
2020-11-30 00:00:00+00:00,19695.87,115463.4669,2205.92912,1744149,0.5285950314,0.8866379101,1380,0.1430571721,0.2629501925,1379,14.30571721,0.3618087266,,0.8622291354,0.1037988668
2020-12-01 00:00:00+00:00,18764.96,127698.7627,2446.070335,2023802,0.4996555297,1.382228463,1440,0.2246556598,0.2604815205,1440,22.46556598,0.1979406211,5.950527055,0,0.1166925109
2020-12-02 00:00:00+00:00,19204.09,75911.01348,1436.895345,1566635,0.479794548,0.9002825394,1440,0.2685087466,0.2160367108,1440,26.85087466,0.1609858109,4.941342664,3.399894219,0.08085767575
2020-12-03 00:00:00+00:00,19421.9,66689.39128,1286.548311,1242229,0.5078520144,0.6069218344,1440,0.1497860356,0.1994343712,1440,14.97860356,0.08766105464,2.607858098,2.533412121,0.09552517732
2020-12-04 00:00:00+00:00,18650.52,71283.6682,1358.079975,1286657,0.454009376,0.6601582144,1440,0.132870229,0.1827283355,1440,13.2870229,0.2984159134,5.490348078,3.252510528,0.1176281012
2020-12-05 00:00:00+00:00,19147.66,42922.74857,813.4454341,932124,0.4976442793,0.4761414469,1440,0.2204861176,0.2647331948,1440,22.04861176,0.3233958432,4.812032154,3.051549379,0.09433646381
2020-12-06 00:00:00+00:00,19359.4,37043.09186,709.5589336,820382,0.5131701137,0.4430348276,1440,0.17844342,0.2706805337,1440,17.844342,0.1549917021,4.054502975,2.901495948,0.0707671211
2020-12-07 00:00:00+00:00,19166.9,41372.29629,793.5176687,840954,0.4563876726,0.4060174891,1440,0.193882986,0.2619987911,1440,19.3882986,0.1259361581,3.804401116,2.371425201,0.0806111033
2020-12-08 00:00:00+00:00,18324.11,61626.94761,1160.658077,1143181,0.4512859972,0.5854668272,1440,0.1311470818,0.3047894199,1440,13.11470818,0.3874280875,4.599546203,0,0.09821553546
2020-12-09 00:00:00+00:00,18541.28,79585.5538,1450.130664,1302476,0.4625086781,0.6908141077,1440,0.1649897381,0.2591516848,1440,16.49897381,0.08124728962,4.013439383,2.105855576,0.1256712079
2020-12-10 00:00:00+00:00,18254.63,52890.67509,966.149529,891151,0.4841043912,0.5099065834,1440,0.1695202001,0.2564915713,1440,16.95202001,0.1612674924,2.496394283,2.263133075,0.0964804774
2020-12-11 00:00:00+00:00,18036.53,72610.72426,1301.081647,1117810,0.4709357856,0.6536767495,1440,0.2032238552,0.2725138581,1440,20.32238552,0.09238160193,1.102427245,0,0.09004864514
2020-12-12 00:00:00+00:00,18808.69,49519.97843,915.5528359,891810,0.5261781906,0.4197382304,1440,0.1562564571,0.3438445193,1440,15.62564571,0.4578638134,,0.8333040219,0.09243008604
2020-12-13 00:00:00+00:00,19174.99,56560.82174,1083.520569,938022,0.5232149072,0.439160048,1440,0.1355621682,0.2688280162,1440,13.55621682,0.1780107292,,1.51730779,0.09122231324
2020-12-14 00:00:00+00:00,19273.14,47257.20129,906.1016877,842382,0.4794499628,0.4287770668,1440,0.2031514124,0.3145270511,1440,20.31514124,0.05634677727,3.968701173,2.033156076,0.09222033324
2020-12-15 00:00:00+00:00,19426.43,61834.36601,1196.361528,1046423,0.5044793512,0.4422494009,1440,0.08187789403,0.2424493386,1440,8.187789403,0.06621822162,1.165700343,1.046415208,0.1086654787
2020-12-16 00:00:00+00:00,21335.52,114306.3356,2325.135959,1659135,0.5357993682,0.7813168704,1440,0.1162402689,0.2843759672,1440,11.62402689,0.4031539707,,1.728071362,0.1147087306
2020-12-17 00:00:00+00:00,22797.16,184882.4767,4196.645567,2795084,0.4998278188,1.44115596,1440,0.2756203035,0.3358528723,1440,27.56203035,0.1578943856,,0,0.09345615882
2020-12-18 00:00:00+00:00,23107.39,79646.13432,1820.875361,1613775,0.4816216441,0.7580430268,1440,0.2953717199,0.360305128,1440,29.53717199,0.07423085223,1.164848436,2.289572687,0.07037116674
2020-12-19 00:00:00+00:00,23821.61,86045.06468,2018.969879,1678611,0.4963574803,0.7307739836,1440,0.1899176543,0.3489413649,1440,18.99176543,0.1507732851,,0,0.07516353497
2020-12-20 00:00:00+00:00,23455.52,76690.14568,1810.862075,1743225,0.4840793433,0.7335612402,1440,0.2555984196,0.3536519153,1440,25.55984196,0.0855244056,,0,0.1009978308
2020-12-21 00:00:00+00:00,22719.71,88030.29724,2035.446294,1593949,0.4769158735,0.9464505852,1188,,,1187,,,,,
2020-12-22 00:00:00+00:00,23810.79,87033.12616,2010.75862,1496277,0.490403236,0.7797596009,1440,0.2338986673,0.2659446589,1440,23.38986673,0.2332751884,,0,0.08360828763
2020-12-23 00:00:00+00:00,23232.76,119047.2597,2797.688007,2194611,0.475947133,1.011387197,1440,0.2455539681,0.3098335521,1440,24.55539681,0.08784213113,3.864295923,2.037764846,0.09452367765
2020-12-24 00:00:00+00:00,23729.2,69013.83425,1602.394244,1421257,0.5185787996,0.7474520175,1440,0.3091110943,0.2692508027,1440,30.91110943,0.1319463406,2.655108079,1.471549768,0.08815518633
2020-12-25 00:00:00+00:00,24712.47,79519.94357,1919.766317,1504426,0.5183490621,0.7553515538,1380,0.1857541001,0.2837072003,1379,18.57541001,0.2114924973,,0,0.08672021704
2020-12-26 00:00:00+00:00,26493.39,97806.51339,2496.533065,1735574,0.5095676387,0.7529905649,1440,0.1856642913,0.3006846478,1440,18.56642913,0.2787357169,0.9595175804,0,0.08650418528
2020-12-27 00:00:00+00:00,26281.66,148455.5862,4028.928684,2438493,0.4893675094,1.376322978,1440,0.325544169,0.4012579714,1440,32.5544169,0.01991574192,11.54376616,0,0.08049853121
2020-12-28 00:00:00+00:00,27079.41,79721.7425,2151.806809,1508204,0.4753451748,0.8589690465,1440,0.3766874315,0.347965973,1440,37.66874315,0.1389636972,,0,0.07322528583
2020-12-29 00:00:00+00:00,27385,69411.59261,1851.61722,1605166,0.4938212958,0.7813632016,1440,0.2656833424,0.2752563319,1440,26.56833424,0.06060517048,,0,0.0813423356
2020-12-30 00:00:00+00:00,28875.54,95356.05783,2683.953237,1916095,0.5039837789,0.9105679155,1440,0.2390179965,0.3225322815,1440,23.90179965,0.1974678656,,0,0.08479192162
2020-12-31 00:00:00+00:00,28923.63,75508.50515,2173.600125,1552793,0.4824836885,0.8483909069,1440,0.2917108956,0.4259195581,1440,29.17108956,0.007655677329,,0,0.08850529444
2021-01-01 00:00:00+00:00,29331.69,54182.92501,1582.526989,1314910,0.5067242442,0.6332452748,1440,0.2313720194,0.3437590884,1440,23.13720194,0.08852672671,4.139137152,2.37602577,0.09853584628
2021-01-02 00:00:00+00:00,32178.33,129993.8734,4073.842164,2245922,0.5188421846,1.275613242,1440,0.1812105133,0.2548761099,1440,18.12105133,0.2273645846,,0,0.1051369437
2021-01-03 00:00:00+00:00,33000.05,120957.5667,4057.598425,2369698,0.4939776359,1.301892728,1440,0.36105826,0.3341584416,1440,36.105826,0.06214472045,,0,0.07476796121
2021-01-04 00:00:00+00:00,31988.71,140899.8857,4429.01035,2642408,0.4903372979,1.907778154,1440,0.3707479838,0.3076299347,1440,37.07479838,0.0702776605,,0,0.07576777956
2021-01-05 00:00:00+00:00,33949.53,116049.997,3743.617145,2526851,0.5143623979,1.438953232,1440,0.2465390809,0.1670428139,1440,24.65390809,0.158915775,4.609862139,5.870616923,0.0901288859
2021-01-06 00:00:00+00:00,36769.36,127139.2013,4431.954249,2591783,0.4959360607,1.340270545,1440,0.2414904631,0.2587972668,1440,24.14904631,0.1800331754,,1.144441515,0.1074016712
2021-01-07 00:00:00+00:00,39432.28,132825.7004,5062.569943,2814686,0.4897780092,1.587761311,1440,0.3202852924,0.3067820299,1440,32.02852924,0.1381114361,,4.422973918,0.08648786914
2021-01-08 00:00:00+00:00,40582.81,139789.9575,5568.443209,2925632,0.4814376971,1.842784805,1440,0.3718051389,0.2726749032,1440,37.18051389,0.0516478424,,1.323578043,0.09556683698
2021-01-09 00:00:00+00:00,40088.22,75785.97967,3054.779029,1998156,0.488313565,1.15313853,1440,0.2828355085,0.1723384661,1440,28.28355085,0.04014055435,6.499677188,5.402483376,0.07741398853
2021-01-10 00:00:00+00:00,38150.02,118209.5445,4604.03473,2628050,0.4690936329,1.566779733,1440,0.2699923184,0.2179593939,1440,26.99923184,0.1076365547,,0,0.1020895631
2021-01-11 00:00:00+00:00,35404.47,251156.1383,8497.730018,4472957,0.4906971003,3.215730066,1440,0.3599426669,0.2475900548,1440,35.99426669,0.0878919411,,0,0.09104995899
2021-01-12 00:00:00+00:00,34051.24,133948.152,4651.302423,2674145,0.4859963294,1.792605216,1440,0.4164444975,0.2866616608,1440,41.64444975,0.08378649858,,0,0.07870363399
2021-01-13 00:00:00+00:00,37371.38,124477.9149,4322.876606,2514289,0.5139950998,1.534878081,1440,0.2974080152,0.233944724,1440,29.74080152,0.2152240981,,2.128016443,0.08513633473
2021-01-14 00:00:00+00:00,39144.5,102950.3894,3974.826638,2297466,0.4979531149,1.084920498,1440,0.2348099803,0.2312891346,1440,23.48099803,0.1166208256,,1.326661288,0.0939753288
2021-01-15 00:00:00+00:00,36742.22,118300.9209,4371.588899,2560801,0.4880607334,1.488665312,1440,0.2769871036,0.1931526569,1440,27.69871036,0.1448750698,,0,0.07069498624
2021-01-16 00:00:00+00:00,35994.98,86348.43151,3178.840336,2066363,0.491270345,1.214284718,1440,0.2798094675,0.2270090879,1440,27.98094675,0.06463683641,,3.21600449,0.07321206084
2021-01-17 00:00:00+00:00,35828.61,80157.72738,2843.10304,1860642,0.4929485884,1.147370373,1440,0.2966974346,0.239252416,1440,29.66974346,0.01629468917,,0,0.09123218775
2021-01-18 00:00:00+00:00,36631.27,70698.11875,2554.843261,1707766,0.5038536623,1.025686533,1440,0.1617193962,0.1333276727,1440,16.17193962,0.08671964855,,3.052199686,0.09498488564
2021-01-19 00:00:00+00:00,35891.49,79611.30777,2935.348499,1939371,0.4861706547,0.9471205315,1440,0.1947723568,0.1999442986,1440,19.47723568,0.06950461653,3.42262566,4.680246089,0.09162488696
2021-01-20 00:00:00+00:00,35468.23,89368.42292,3126.721094,2234539,0.4760812901,1.159113708,1440,0.2598539805,0.2221103073,1440,25.98539805,0.03794023666,,2.691704634,0.08796780904
2021-01-21 00:00:00+00:00,30850.13,135004.0767,4386.783587,2881505,0.4685503728,1.689137328,1440,0.2466849749,0.2092407909,1440,24.66849749,0.3179924407,,0,0.08619643213
2021-01-22 00:00:00+00:00,32945.17,142971.684,4483.295872,2707810,0.4906579154,1.575634568,1440,0.1740896328,0.1493730006,1440,17.40896328,0.1465522287,,0,0.1106975988
2021-01-23 00:00:00+00:00,32078,64595.28767,2089.098296,1700056,0.5059312731,1.030514818,1440,0.2997217829,0.1790699749,1440,29.97217829,0.1276829702,,4.027883327,0.08086558075
2021-01-24 00:00:00+00:00,32259.9,57978.03797,1864.609665,1528287,0.4799424088,0.8568067225,1440,0.2743055725,0.2226095752,1440,27.43055725,0.03032557467,5.254681359,3.340872457,0.06765706855
2021-01-25 00:00:00+00:00,32254.2,88499.22692,2958.759289,2106548,0.5027108787,1.084210215,1440,0.2987442084,0.2660071307,1440,29.87442084,0.0005972285699,1.215713089,1.827110359,0.07844102209
2021-01-26 00:00:00+00:00,32467.77,84972.20691,2708.545364,2010392,0.4990139065,1.205990092,1440,0.2875025294,0.216795634,1440,28.75025294,0.02436598531,4.916840152,0.3951644749,0.09506343221
2021-01-27 00:00:00+00:00,30366.15,95911.96171,2958.081422,2065953,0.4865334918,1.351247555,1440,0.3748853306,0.2824258321,1440,37.48853306,0.2262256992,,0,0.09033498878
2021-01-28 00:00:00+00:00,33364.86,92621.14562,2953.553214,2060660,0.4973786711,1.0730146,1440,0.2740069128,0.2003296627,1440,27.40069128,0.3188523867,6.128980016,3.217686299,0.07226467978
2021-01-29 00:00:00+00:00,34252.2,231827.0056,8195.593336,4403349,0.5026905624,2.305460761,1440,0.2981774357,0.2670630666,1440,29.81774357,0.03202641323,,0,0.09009780097
2021-01-30 00:00:00+00:00,34262.88,84889.68134,2884.500063,2201040,0.4996893195,1.226048547,1440,0.3719517617,0.1649485731,1440,37.19517617,0.001080797994,3.222982758,4.552924862,0.07033489486
2021-01-31 00:00:00+00:00,33092.98,68742.28038,2289.641046,1707064,0.472495925,0.9462693689,1440,0.3190710279,0.218464209,1440,31.90710279,0.1517328543,7.848963876,4.588077152,0.05841330685
2021-02-01 00:00:00+00:00,33526.37,82718.27688,2791.776658,1810492,0.5060047557,1.025598201,1440,0.2921721666,0.2154491264,1440,29.21721666,0.04660515383,7.691533331,4.339288306,0.07833602249
2021-02-02 00:00:00+00:00,35466.24,78056.65988,2716.321896,1789672,0.502411494,0.8569551294,1440,0.1880521871,0.1565838196,1440,18.80521871,0.207077684,5.005104613,3.063480019,0.07765540602
2021-02-03 00:00:00+00:00,37618.87,80784.33366,2951.232788,1881740,0.4934505646,0.7904781848,1440,0.2691169478,0.2805124999,1440,26.91169478,0.199660726,6.406623657,3.848219471,0.07942371492
2021-02-04 00:00:00+00:00,36936.66,92080.7359,3452.669022,2211866,0.4943076665,0.9997392479,1440,0.2490158944,0.2060712002,1440,24.90158944,0.05300604344,6.257573622,3.197170445,0.08426102711
2021-02-05 00:00:00+00:00,38290.24,66681.33428,2509.278292,1853253,0.4912376962,0.7633509655,1440,0.2571488829,0.1689638354,1440,25.71488829,0.1434296058,6.511793166,4.022196143,0.07433713082
2021-02-06 00:00:00+00:00,39186.94,98757.31118,3922.095149,2291646,0.5267003803,0.8614467442,1440,0.1819831598,0.2374188226,1440,18.19831598,0.05902073692,4.797839963,1.814808469,0.09869121899
2021-02-07 00:00:00+00:00,38795.69,84363.67976,3256.521384,1976357,0.4831983274,0.9412732087,1440,0.2358350381,0.1894703316,1440,23.58350381,0.03081315567,4.574345626,2.985944132,0.08783874111
2021-02-08 00:00:00+00:00,46374.87,138597.5369,5881.536977,3230961,0.5219854059,1.504295167,1440,0.2046063928,0.2551996541,1440,20.46063928,0.303404638,,0,0.1112807605
2021-02-09 00:00:00+00:00,46420.42,115499.8617,5386.255398,3119034,0.4972262607,1.276139002,1440,0.333522538,0.2514445723,1440,33.3522538,0.001822659469,,0,0.08085085958
2021-02-10 00:00:00+00:00,44807.58,97154.1822,4431.65013,2891592,0.4937717002,1.083242938,1440,0.2827245387,0.2069438248,1440,28.27245387,0.07979449201,4.650648069,1.702717653,0.07343455986
2021-02-11 00:00:00+00:00,47969.51,89561.08145,4185.630934,2570949,0.5151605585,1.062100049,1361,0.2915259521,0.2698878937,1360,29.15259521,0.1629103958,6.182758405,4.728154797,0.08229895598
2021-02-12 00:00:00+00:00,47287.6,85870.0357,4080.571909,2418841,0.4872600645,0.982279246,1440,0.196882732,0.1634309187,1440,19.6882732,0.03508698384,7.371526011,2.738292264,0.1059542511
2021-02-13 00:00:00+00:00,47153.69,63768.0974,3007.710147,2058823,0.4860786369,0.7729947842,1440,0.2619948774,0.1608601463,1440,26.19948774,0.009428560782,7.57152161,4.919935788,0.09213474029
2021-02-14 00:00:00+00:00,48577.79,73735.47553,3584.808349,2090070,0.5255564761,0.7043018741,1440,0.1534733723,0.152060674,1440,15.34733723,0.08300070962,2.217200254,2.617438549,0.09094381731
2021-02-15 00:00:00+00:00,47911.1,79398.15678,3782.219061,2313155,0.4808218,0.9766848391,1440,0.2527403025,0.2812575149,1440,25.27403025,0.03653733429,6.577692471,3.788235429,0.09490436183
2021-02-16 00:00:00+00:00,49133.45,88813.2663,4349.983778,2199849,0.5135336841,1.035743323,1440,0.1695202575,0.1826912693,1440,16.95202575,0.0579148257,3.211460126,2.116466305,0.0925749613
2021-02-17 00:00:00+00:00,52119.71,85743.63782,4365.831515,2514374,0.5254669313,0.8295130011,1440,0.2312232205,0.2164094047,1440,23.12232205,0.1351475026,4.097964323,3.997335667,0.09842529793
2021-02-18 00:00:00+00:00,51552.6,60758.04695,3149.973077,1891592,0.4755478504,0.6140998573,1440,0.178533558,0.1287660162,1440,17.8533558,0.0347321778,5.112737874,2.616914107,0.07496118474
2021-02-19 00:00:00+00:00,55906,79659.77802,4251.167828,2339215,0.5091154062,0.8073649201,1440,0.2124433405,0.2126373261,1440,21.24433405,0.1906983364,5.383483827,2.823693366,0.07352527411
2021-02-20 00:00:00+00:00,55841.19,80948.20531,4551.89086,2642846,0.4772936735,0.9787208554,1440,0.2924674185,0.2203520328,1440,29.24674185,0.002548259278,8.262889143,5.580536463,0.07867125195
2021-02-21 00:00:00+00:00,57408.57,58166.70851,3317.998263,1950533,0.5072676423,0.7082778126,1440,0.2500437253,0.1897847061,1440,25.00437253,0.08342929684,6.957940784,3.949645693,0.08378460843
2021-02-22 00:00:00+00:00,54087.67,134019.4349,7213.38672,3313083,0.4751375202,1.826464998,1440,0.3696025195,0.3109675412,1440,36.96025195,0.08260661604,,0,0.09527241806
2021-02-23 00:00:00+00:00,48891,169375.0251,8215.839131,3825196,0.4868730969,2.563764549,1440,0.4912539498,0.2624320201,1440,49.12539498,0.1229489971,,0,0.08618445177
2021-02-24 00:00:00+00:00,49676.2,91881.20925,4574.033001,2194532,0.497933312,1.366027613,1440,0.4919440766,0.2834954835,1440,49.19440766,0.03483274979,7.313146629,5.046234218,0.07052509962
2021-02-25 00:00:00+00:00,47073.73,83310.67312,4152.188728,2305679,0.4874605286,1.239077487,1440,0.4177556844,0.2443207793,1440,41.77556844,0.1295963472,5.236799322,3.702137063,0.0605551807
2021-02-26 00:00:00+00:00,46276.87,109423.2007,5086.374533,2371766,0.4900871506,1.690873173,1440,0.4104797808,0.209549715,1440,41.04797808,0.03356580922,9.660523343,6.743532743,0.08276649047
2021-02-27 00:00:00+00:00,46106.43,66060.83429,3105.897439,1757720,0.4842055053,1.042400397,1440,0.4824349714,0.2837128262,1440,48.24349714,0.01188013653,,2.959157822,0.06137354627
2021-02-28 00:00:00+00:00,45135.66,83055.36904,3708.359965,1838345,0.4898921324,1.299315719,1440,0.4076499975,0.244822707,1440,40.76499975,0.05738331345,1.843105557,0,0.06753232723
2021-03-01 00:00:00+00:00,49587.03,85086.11165,4057.515795,2147223,0.5008689848,0.9670656933,1440,0.1324685053,0.07289700357,1440,13.24685053,0.2318085521,5.74591426,3.309680349,0.07532456871
2021-03-02 00:00:00+00:00,48440.65,64221.06214,3120.47207,1855583,0.4885786225,0.9307874105,1440,0.3347534859,0.2230153006,1440,33.47534859,0.07495651241,,0.3716463129,0.09347723376
2021-03-03 00:00:00+00:00,50349.37,81035.9137,4109.521258,2242131,0.5053977493,0.8704063548,1440,0.2169986785,0.2216934861,1440,21.69986785,0.09404202337,4.216760242,3.497473413,0.08789039438
2021-03-04 00:00:00+00:00,48374.09,82649.71683,4079.837241,2291936,0.4872367315,1.171283547,1440,0.3407038499,0.2285075799,1440,34.07038499,0.09809647912,4.428246871,2.713394776,0.08848122051
2021-03-05 00:00:00+00:00,48751.71,78192.49637,3727.133105,2054216,0.4900509915,1.011361744,1440,0.4072233035,0.3094457295,1440,40.72233035,0.02086304334,6.53280568,3.3479187,0.07734628728
2021-03-06 00:00:00+00:00,48882.2,44399.23424,2143.910705,1476474,0.4842564514,0.6824330938,1350,0.2375177021,0.1566494327,1349,23.75177021,0.01246809522,4.464015268,3.293555422,0.05710574088
2021-03-07 00:00:00+00:00,50971.75,55235.02803,2778.875909,1758101,0.5048534953,0.7258244719,1440,0.264766673,0.1861085244,1440,26.4766673,0.1506301001,5.194443662,3.782673249,0.07073644696
2021-03-08 00:00:00+00:00,52375.17,66987.35966,3400.847931,1999401,0.5015189394,0.8076066891,1440,0.3221460686,0.2438093391,1440,32.21460686,0.07986557155,5.048342216,3.273438148,0.0805918944
2021-03-09 00:00:00+00:00,54884.5,71656.73708,3861.450965,2194398,0.4886008283,0.7106298986,1440,0.1632836534,0.122952086,1440,16.32836534,0.1211937003,4.397256809,2.139960838,0.08139229268
2021-03-10 00:00:00+00:00,55851.59,84749.23894,4700.197563,2647284,0.5032716274,0.9160847357,1440,0.2803244692,0.2382729473,1440,28.03244692,0.03716230403,4.021204756,3.027355561,0.07813165085
2021-03-11 00:00:00+00:00,57773.16,81914.81286,4612.366201,2509970,0.4956789651,0.9060401862,1440,0.2392112619,0.1694979872,1440,23.92112619,0.07333830895,5.778289466,4.389454335,0.08348106278
2021-03-12 00:00:00+00:00,57221.72,73405.40605,4162.054726,2489931,0.4877425709,0.8532258518,1440,0.345126847,0.2640198623,1440,34.5126847,0.02304333318,,0.5465524227,0.07753962063
2021-03-13 00:00:00+00:00,61188.39,83245.09135,4933.383453,2559002,0.5332114026,0.825876076,1440,0.1697101498,0.1845430195,1440,16.97101498,0.1358579151,3.904015116,4.241536265,0.09241724133
2021-03-14 00:00:00+00:00,58968.31,52601.05275,3176.397574,1829769,0.4814593193,0.6472226666,1440,0.2101535868,0.1412430116,1440,21.01535868,0.1163496817,0.4912362367,2.363713524,0.08865730565
2021-03-15 00:00:00+00:00,55605.2,102771.4273,5874.241052,2683815,0.4848180049,1.102003473,1440,0.2351295084,0.1904804728,1440,23.51295084,0.09996773775,,0,0.1015325735
2021-03-16 00:00:00+00:00,56900.75,77986.69435,4304.259208,2241208,0.4850250649,0.9918983788,1440,0.3051747862,0.1865581485,1440,30.51747862,0.05350932388,,1.282570099,0.06855809003
2021-03-17 00:00:00+00:00,58912.97,70421.62084,3960.992972,2204296,0.4938646024,0.8477551812,1440,0.3638473837,0.239692153,1440,36.38473837,0.08773746465,,0.6529105051,0.05881291356
2021-03-18 00:00:00+00:00,57648.16,66580.40668,3900.885761,2040947,0.4849381601,0.7614684122,1440,0.281521845,0.2064105093,1440,28.1521845,0.05563592992,1.338144618,2.623151432,0.06239362298
2021-03-19 00:00:00+00:00,58030.01,52392.65296,3052.711148,1885830,0.4877117263,0.7378731617,1440,0.3879985113,0.2381413424,1440,38.79985113,0.02162655011,4.689804583,2.257084705,0.06680831943
2021-03-20 00:00:00+00:00,58102.28,44476.94178,2616.535093,1724131,0.4994148841,0.6035400232,1440,0.260611497,0.1771168209,1440,26.0611497,0.004756730567,3.994829009,3.354803651,0.06406683448
2021-03-21 00:00:00+00:00,57351.56,48564.47027,2774.22313,1773546,0.4869597371,0.759204056,1440,0.3799817598,0.3013515277,1440,37.99817598,0.04687748809,7.046532438,4.2621012,0.0697026536
2021-03-22 00:00:00+00:00,54083.25,62581.62617,3527.479514,1927345,0.491343241,0.8185719933,1440,0.1801662878,0.133213397,1440,18.01662878,0.1663383679,,0,0.07201841076
2021-03-23 00:00:00+00:00,54340.89,59789.36543,3264.650775,1740349,0.4944593328,0.81174581,1440,0.2713306927,0.1678048761,1440,27.13306927,0.01455731858,7.130193763,3.159434316,0.08315080893
2021-03-24 00:00:00+00:00,52303.65,83537.46502,4583.159614,2401988,0.4707244834,0.9685866054,1440,0.2003228699,0.2023479148,1440,20.03228699,0.08337223036,,2.782442634,0.06279546052
2021-03-25 00:00:00+00:00,51293.78,87400.53454,4536.327185,2099425,0.4913859848,1.046906022,1440,0.1983196038,0.1467160384,1440,19.83196038,0.04297895688,,1.800604689,0.1027313145
2021-03-26 00:00:00+00:00,55025.59,63813.77469,3397.036141,1773150,0.4986783087,0.6978223184,1440,0.2021608873,0.1481832078,1440,20.21608873,0.2067356648,4.424214328,2.426285767,0.07009683873
2021-03-27 00:00:00+00:00,55817.14,50105.47506,2767.070176,1528776,0.4937573877,0.6266464039,1440,0.07293515728,0.02970590675,1440,7.293515728,0.05161647525,4.271949961,1.999323528,0.08232439975
2021-03-28 00:00:00+00:00,55777.63,39050.38751,2178.777329,1551283,0.4932787397,0.5551736261,1440,0.2867767699,0.1836983559,1440,28.67767699,0.0032499775,1.911538229,1.558393513,0.08735082107
2021-03-29 00:00:00+00:00,57635.47,67857.9374,3877.13111,1983437,0.506555399,0.6437706862,1440,0.1313929271,0.152593022,1440,13.13929271,0.08450909425,,1.572975685,0.085773521
2021-03-30 00:00:00+00:00,58746.57,55122.44312,3221.944107,1612744,0.4996427067,0.5290139939,1440,0.1472572296,0.1436601506,1440,14.72572296,0.05926419242,3.535403152,2.470279034,0.09641628365
2021-03-31 00:00:00+00:00,58740.55,60975.54267,3575.976084,1928224,0.509627497,0.7964321441,1440,0.2827472198,0.2723674125,1440,28.27472198,0.0002865771926,6.45276696,1.367218141,0.09391649977
2021-04-01 00:00:00+00:00,58720.44,47415.61722,2789.23888,1594431,0.4843605985,0.5656325826,1440,0.2164743942,0.123136419,1440,21.64743942,0.001227616461,5.578933089,3.07725875,0.08308148136
2021-04-02 00:00:00+00:00,58950.01,47382.41878,2811.159761,1666356,0.5000946715,0.4810309806,1440,0.1376311963,0.1382743744,1440,13.76311963,0.0138801046,4.205822949,1.569406457,0.07399800969
2021-04-03 00:00:00+00:00,57051.94,47409.85211,2783.151686,1606805,0.4863539115,0.5635148337,1440,0.1285087136,0.1146360535,1440,12.85087136,0.1175922814,1.956011726,1.841780197,0.06669438604
2021-04-04 00:00:00+00:00,58202.01,41314.08197,2380.139011,1499113,0.4988404238,0.5159041423,1440,0.1132932672,0.05310273099,1440,11.32932672,0.08385144374,3.732670655,1.939493676,0.07556525648
2021-04-05 00:00:00+00:00,59129.99,54258.01579,3155.214764,2035877,0.5025891989,0.4796042621,1440,0.1344963067,0.07904858092,1440,13.44963067,0.05013398983,3.354758441,1.446372612,0.06330952115
2021-04-06 00:00:00+00:00,57991.15,54201.00073,3166.911557,1960513,0.4925960317,0.5232447911,1440,0.1612528873,0.1492467624,1440,16.12528873,0.06140944471,3.430040851,3.204149315,0.06214477764
2021-04-07 00:00:00+00:00,55953.45,71228.40566,4053.294016,2206433,0.4876928219,0.748753627,1440,0.2172261255,0.1874245809,1440,21.72261255,0.08824999493,4.482088928,2.436136272,0.07352727519
2021-04-08 00:00:00+00:00,58077.52,44283.14702,2531.779683,1661080,0.5004542812,0.4935262572,1440,0.2447836978,0.1504236993,1440,24.47836978,0.1471635746,3.049225503,1.260133816,0.06572362477
2021-04-09 00:00:00+00:00,58142.54,40831.88491,2378.340697,1615962,0.4984887301,0.4296249082,1440,0.225991041,0.1600052682,1440,22.5991041,0.004704590675,3.442904904,1.026292217,0.05340560895
2021-04-10 00:00:00+00:00,59769.13,69906.42412,4197.138552,2470398,0.5152407382,0.5976553699,1440,0.05049623954,0.03186976137,1440,5.049623954,0.06573937162,,0,0.09675709127
2021-04-11 00:00:00+00:00,60002.43,41156.71539,2462.032927,1746102,0.5053381588,0.5074067635,1440,0.2136796115,0.1112910375,1440,21.36796115,0.015823324,3.876753222,1.684727279,0.08482842031
2021-04-12 00:00:00+00:00,59860,56375.03712,3393.042868,1806298,0.4903801854,0.5223491666,1440,0.1728458137,0.134777366,1440,17.28458137,0.00700421147,,1.18064718,0.07120087813
2021-04-13 00:00:00+00:00,63575,82848.68875,5154.877375,2703735,0.502874984,0.6012330118,1440,0.1352675282,0.2103265294,1440,13.52675282,0.1168055116,,2.364616825,0.1015465607
2021-04-14 00:00:00+00:00,62959.53,82616.34399,5239.081228,2645625,0.4850175594,0.8311210325,1440,0.277994383,0.2640588155,1440,27.7994383,0.01856847004,,0,0.06688815315
2021-04-15 00:00:00+00:00,63159.98,51649.70034,3248.931738,1938028,0.4961920052,0.5170632386,1440,0.2369121855,0.1586387957,1440,23.69121855,0.009783935038,2.31966152,1.731465382,0.0733226532
2021-04-16 00:00:00+00:00,61334.8,91764.13988,5647.29267,2639940,0.4748044629,0.6765703582,1440,0.1723908324,0.1894809462,1440,17.23908324,0.05192486515,3.945248174,2.520797116,0.08239033236
2021-04-17 00:00:00+00:00,60006.66,58912.25613,3605.701811,2268816,0.4818398746,0.5697093403,1440,0.1747643989,0.129868099,1440,17.47643989,0.06071446499,,0,0.06734107472
2021-04-18 00:00:00+00:00,56150.01,124882.1318,6949.379727,3444089,0.4756854799,1.828983876,1440,0.4299282496,0.2805112085,1440,42.99282496,0.09558938983,,0,0.09073799856
2021-04-19 00:00:00+00:00,55633.14,78229.04227,4398.619581,2390527,0.4903854613,0.887952561,1440,0.3871331048,0.2652686874,1440,38.71331048,0.02102430604,3.286722242,1.743022165,0.08235421406
2021-04-20 00:00:00+00:00,56425,72744.48215,4037.701392,2148820,0.4882788175,0.870747443,1290,0.3494364352,0.2131842096,1289,34.94364352,0.03500322207,,0,0.06958184574
2021-04-21 00:00:00+00:00,53787.63,66984.75691,3704.549579,2134946,0.4805411108,0.7837064897,1440,0.2336769228,0.122643629,1440,23.36769228,0.1292162694,2.523765882,1.955879085,0.06921684086
2021-04-22 00:00:00+00:00,51690.96,104656.6313,5594.983857,2744621,0.4830154652,1.208946691,1440,0.2786015826,0.1595393891,1440,27.86015826,0.0710647337,3.791418823,1.767586729,0.06799448716
2021-04-23 00:00:00+00:00,51125.14,132230.7807,6571.097317,2888237,0.4822600374,1.377859974,1440,0.2370712386,0.2001443261,1440,23.70712386,0.01674995517,2.681264217,8.783436086,0.08292856543
2021-04-24 00:00:00+00:00,50047.84,55361.51257,2762.081003,1164985,0.4837698929,0.8529076656,1440,0.3178386434,0.1775500672,1440,31.78386434,0.07710492464,,2.532348799,0.07687233384
2021-04-25 00:00:00+00:00,49066.77,58255.645,2867.858315,1475479,0.4766461927,0.8041814442,1156,,,1155,,,,,
2021-04-26 00:00:00+00:00,54001.39,86310.80212,4555.688503,2174544,0.5003306155,0.9331780893,1440,0.254140292,0.2271437741,1440,25.4140292,0.2103474882,,1.364657127,0.09741319641
2021-04-27 00:00:00+00:00,55011.97,54064.03468,2949.719328,1568666,0.4740873444,0.6077816038,1440,0.1272950116,0.075960199,1440,12.72950116,0.06285686494,2.961502492,2.00551939,0.09529178347
2021-04-28 00:00:00+00:00,54846.22,55130.45902,3020.242788,1830042,0.4854309922,0.7103737801,1440,0.2189584848,0.1686466494,1440,21.89584848,0.009991013988,1.672781445,0,0.09961278071
2021-04-29 00:00:00+00:00,53555,52486.01946,2823.220335,1763676,0.4827903538,0.6610796529,1440,0.2952717762,0.168262482,1440,29.52717762,0.08438627906,2.643100338,2.142597139,0.07938114162
2021-04-30 00:00:00+00:00,57694.27,68578.91004,3808.187373,2267648,0.5196076908,0.6070542034,1440,0.14930671,0.1214953272,1440,14.930671,0.1954964169,,0,0.06919894143
2021-05-01 00:00:00+00:00,57800.37,42600.35184,2460.342955,1743013,0.482972777,0.5259649585,1440,0.217586161,0.1219323784,1440,21.7586161,0.007467719956,2.759385504,2.112268394,0.08098159591
2021-05-02 00:00:00+00:00,56578.21,36812.87886,2089.76323,1371638,0.4936558182,0.5514432541,1440,0.1539611647,0.06666272985,1440,15.39611647,0.1022663619,4.353574858,1.930755944,0.06808318036
2021-05-03 00:00:00+00:00,57169.39,57649.93129,3337.604543,2102128,0.4949885437,0.631539534,1440,0.236843813,0.197755272,1440,23.6843813,0.03114415265,,0,0.05554788592
2021-05-04 00:00:00+00:00,53200.01,85324.6259,4705.402064,2492629,0.4808657268,1.011962789,1440,0.3353270693,0.2624996287,1440,33.53270693,0.1529306741,6.01251817,4.836163207,0.05485257943
2021-05-05 00:00:00+00:00,57436.11,77263.92344,4327.994296,2378119,0.5012620806,0.7988474508,1440,0.2076584348,0.117163158,1440,20.76584348,0.1770210634,3.884541445,2.170411983,0.0476911434
2021-05-06 00:00:00+00:00,56393.68,70181.67191,3992.289528,2459881,0.4880034732,0.7668438405,1440,0.2486505091,0.1402513221,1440,24.86505091,0.0458786969,3.042586479,0,0.04352739587
2021-05-07 00:00:00+00:00,57314.75,74542.74783,4239.374487,2361692,0.4947175096,0.7565340174,1440,0.2471976747,0.1476578923,1440,24.71976747,0.03821533638,5.143580017,2.460843861,0.05264063417
2021-05-08 00:00:00+00:00,58862.05,69709.90603,4079.553832,2311378,0.4924651475,0.6701092817,1440,0.2163300376,0.1673766353,1440,21.63300376,0.06529773599,,1.029373969,0.05219661245
2021-05-09 00:00:00+00:00,58240.84,69806.11991,4043.552702,2170139,0.4913759782,0.6754181079,1440,0.1588918637,0.1363011012,1440,15.88918637,0.02623866814,4.356470202,4.280147541,0.0545543436
2021-05-10 00:00:00+00:00,55816.14,89586.34925,5131.78264,2575419,0.4806310045,0.9315978795,1440,0.2731370607,0.1882985837,1440,27.31370607,0.08286350956,,0,0.05857877817
2021-05-11 00:00:00+00:00,56670.02,64329.54055,3583.030655,1911480,0.4800411767,0.7859326584,1440,0.3660070002,0.1349204788,1440,36.60070002,0.04237264397,4.201492056,2.826002017,0.05990655724
2021-05-12 00:00:00+00:00,49631.32,99842.78984,5476.115093,2676826,0.483758778,1.243656873,1440,0.3245243474,0.2615751763,1440,32.45243474,0.2421848971,,0,0.04995641783
2021-05-13 00:00:00+00:00,49670.97,147332.0021,7303.694689,3570506,0.4869410741,1.760879409,1440,0.3708936724,0.196561413,1440,37.08936724,0.00109338053,,0,0.07630790817
2021-05-14 00:00:00+00:00,49841.45,80082.20431,4015.904915,2095860,0.4643244924,0.8090275173,1440,0.1929528835,0.08335081697,1440,19.29528835,0.008531848753,,1.893940518,0.07342586424
2021-05-15 00:00:00+00:00,46762.99,89437.44936,4350.775847,2286791,0.472485729,1.121179818,1440,0.2444860933,0.0878852646,1440,24.44860933,0.1465368277,,0,0.07593376237
2021-05-16 00:00:00+00:00,46431.5,114269.8128,5367.497608,2661295,0.4707944257,1.420633935,1440,0.2557730242,0.1530221547,1440,25.57730242,0.01325379239,,2.930038694,0.06635117382
2021-05-17 00:00:00+00:00,43538.04,166657.1727,7346.755532,3216821,0.4836884321,1.675688995,1440,0.2109447674,0.09435769454,1440,21.09447674,0.08758025119,,0,0.06863180299
2021-05-18 00:00:00+00:00,42849.78,116979.8608,5146.670283,2561165,0.4761759848,1.286466001,1440,0.2013082264,0.08262004438,1440,20.13082264,0.03096084847,,4.081049071,0.06837076745
2021-05-19 00:00:00+00:00,36690.09,354347.2432,13477.69493,6331062,0.4748769761,4.093698106,1440,0.2842416298,0.1838558087,1440,28.42416298,0.1151486365,,21.01747912,0.1057012579
2021-05-20 00:00:00+00:00,40526.64,203017.5969,8019.897067,4269898,0.493391351,2.279495251,1440,0.3886118275,0.2395190304,1440,38.86118275,0.1240076319,3.231629373,2.166361691,0.06854100049
2021-05-21 00:00:00+00:00,37252.01,202100.8883,7713.34661,3993336,0.4651262655,2.494170463,1440,0.3571566603,0.2764048432,1440,35.71566603,0.1092309691,,4.165249464,0.08956897366
2021-05-22 00:00:00+00:00,37449.73,126542.2437,4730.567648,2716691,0.5003108066,1.673447569,1440,0.3649889545,0.2298049515,1440,36.49889545,0.01119019453,,0,0.07421651237
2021-05-23 00:00:00+00:00,34655.25,217136.0466,7431.242463,4082004,0.4818990723,2.420679705,1440,0.2410657414,0.1494639059,1440,24.10657414,0.1043570727,,8.066619847,0.0697227499
2021-05-24 00:00:00+00:00,38796.29,161630.894,5996.773032,3510578,0.5047600945,1.660350277,1440,0.2662712843,0.2551653551,1440,26.62712843,0.1882268907,,0,0.07346251326
2021-05-25 00:00:00+00:00,38324.72,111996.2284,4253.519579,2508310,0.4835300044,1.347898561,1440,0.4102588325,0.2811794865,1440,41.02588325,0.02875149503,,0,0.06389885442
2021-05-26 00:00:00+00:00,39241.91,104780.7734,4113.717505,2432319,0.4818162279,1.079126223,1440,0.309401792,0.2915159704,1440,30.9401792,0.05749103945,,0,0.05797133134
2021-05-27 00:00:00+00:00,38529.98,86547.15879,3361.413526,2102182,0.4882426343,1.06604568,1440,0.2660721342,0.2063096672,1440,26.60721342,0.05446717171,,0,0.06496727587
2021-05-28 00:00:00+00:00,35663.49,135377.6297,4926.260942,2659178,0.4751692136,1.405060104,1440,0.231004955,0.2190283427,1440,23.1004955,0.1569327408,,0.563248674,0.08040347871
2021-05-29 00:00:00+00:00,34605.15,112663.0927,3949.843335,2169643,0.4818277073,1.394817142,1440,0.2837386415,0.1884349804,1440,28.37386415,0.07626875025,,1.495653022,0.06582982675
2021-05-30 00:00:00+00:00,35641.27,73535.38697,2601.994948,1559892,0.5086913314,0.9262222014,1440,0.2537409471,0.1966043547,1440,25.37409471,0.1133811624,,0,0.06345721608
2021-05-31 00:00:00+00:00,37253.81,94160.73529,3406.047735,1896359,0.4921152364,0.9468769611,1440,0.1954396947,0.1974266053,1440,19.54396947,0.1299159285,,0.3766641053,0.06878500531
2021-06-01 00:00:00+00:00,36693.09,81234.66377,2973.9283,1760417,0.4959931263,0.9835055233,1440,0.2886894692,0.2904088927,1440,28.86894692,0.05099574027,3.642049073,0.8967084516,0.07658268758
2021-06-02 00:00:00+00:00,37568.68,67587.3725,2523.462576,1530915,0.5079128692,0.729356757,1440,0.2096845922,0.2544043493,1440,20.96845922,0.09345203224,1.614231315,1.283896277,0.07924120254
2021-06-03 00:00:00+00:00,39246.79,75889.10601,2930.945326,1949658,0.5094841655,0.6690655287,1440,0.1375481547,0.1636077915,1440,13.75481547,0.1490950121,,0.446172314,0.08385776447
2021-06-04 00:00:00+00:00,36829,91317.79925,3379.399755,1926311,0.4720434799,0.9666414561,1440,0.2359480347,0.2900664843,1440,23.59480347,0.1881519907,,0.4085671093,0.08910103219
2021-06-05 00:00:00+00:00,35513.2,70459.62149,2560.547117,1463754,0.4881913021,0.9966896203,1440,0.2281227476,0.1711024943,1440,22.81227476,0.1420833841,0.3070199839,2.451950466,0.07684311158
2021-06-06 00:00:00+00:00,35796.31,47650.20664,1711.857075,993430,0.4965615536,0.6863972106,1440,0.3377460769,0.3308110706,1440,33.77460769,0.04638446299,4.727448817,2.345509565,0.07596381866
2021-06-07 00:00:00+00:00,33552.79,77574.95257,2755.673602,1532260,0.469630459,1.000572526,1440,0.2628879809,0.4266774541,1440,26.28879809,0.2348783107,7.375765468,3.454346818,0.07431555316
2021-06-08 00:00:00+00:00,33380.81,123251.189,4030.784325,2074885,0.487589537,1.147899002,1440,0.1796801625,0.1889417151,1440,17.96801625,0.01274897152,,1.514177494,0.08374483737
2021-06-09 00:00:00+00:00,37388.05,136607.5975,4794.741674,2601479,0.5035612258,1.182163049,1440,0.2353900645,0.3133819797,1440,23.53900645,0.2364464206,,0,0.06895793358
2021-06-10 00:00:00+00:00,36675.72,109527.2849,4062.957162,2231430,0.4897357225,1.056998842,1440,0.2440726358,0.2645792808,1440,24.40726358,0.04734526637,,0,0.07871290052
2021-06-11 00:00:00+00:00,37331.98,78466.0053,2903.043643,1727645,0.5022139087,0.8739916402,1440,0.277690629,0.2898313404,1440,27.7690629,0.06109235138,2.671242396,0,0.06983101934
2021-06-12 00:00:00+00:00,35546.11,87717.54999,3132.387327,1719650,0.4853214131,0.8582630127,1440,0.178274609,0.1702027512,1440,17.8274609,0.1564927959,,0,0.07469686289
2021-06-13 00:00:00+00:00,39020.57,86921.02556,3208.991522,1894103,0.5254801508,0.8255929794,1440,0.1648392943,0.3177742611,1440,16.48392943,0.2906153395,,0,0.09196295471
2021-06-14 00:00:00+00:00,40516.29,108522.3919,4320.307647,2185089,0.49433032,0.8312405925,1440,0.07874331792,0.1167074882,1440,7.874331792,0.08706595817,,0,0.1016317168
2021-06-15 00:00:00+00:00,40144.04,80679.62284,3247.746714,1931890,0.4887086521,0.7480459366,1440,0.1705758911,0.286122752,1440,17.05758911,0.02842010244,,0,0.08404416778
2021-06-16 00:00:00+00:00,38349.01,87771.97694,3450.556042,2134897,0.4800762581,0.9602418358,1440,0.1932767309,0.2144756678,1440,19.32767309,0.1325736283,3.31982984,0,0.10180473
2021-06-17 00:00:00+00:00,38092.97,79541.30712,3065.62253,1620210,0.4769447982,0.6900064278,1440,0.1671561911,0.2546229981,1440,16.71561911,0.02185188124,1.143111316,2.028377895,0.09414782845
2021-06-18 00:00:00+00:00,35819.84,95228.04294,3507.868126,1809253,0.4707062666,0.7914067897,1440,0.1151687386,0.1498928346,1440,11.51687386,0.1753994695,,0,0.08794711199
2021-06-19 00:00:00+00:00,35483.72,68712.44946,2453.817535,1212278,0.4917346654,0.7915157263,1440,0.1933638883,0.1705629272,1440,19.33638883,0.03842147985,,0,0.08705233717
2021-06-20 00:00:00+00:00,35600.16,89878.17085,3124.634337,1691871,0.4917108011,0.9238413484,1440,0.2517686986,0.3383567989,1440,25.17686986,0.0104848508,2.795980994,0,0.07127095699
2021-06-21 00:00:00+00:00,31608.93,168778.8732,5545.926078,2688993,0.4816803681,1.668932047,1440,0.2715598366,0.2887866944,1440,27.15598366,0.2144104609,,0,0.08156877508
2021-06-22 00:00:00+00:00,32509.56,204208.1798,6406.159197,3113977,0.4855299253,1.7165983,1440,0.1615935907,0.1938728038,1440,16.15935907,0.04385548884,,0,0.08799688026
2021-06-23 00:00:00+00:00,33678.07,126966.1006,4282.250434,2026228,0.4988735801,1.210951331,1440,0.1519114569,0.126321593,1440,15.19114569,0.08246291129,,0,0.07631024248
2021-06-24 00:00:00+00:00,34663.09,86625.80426,2925.373222,1531230,0.5078707052,0.8756949412,1440,0.2233587991,0.2812268862,1440,22.33587991,0.09854656548,4.551240016,1.870947339,0.06799210246
2021-06-25 00:00:00+00:00,31584.45,116061.1304,3846.120543,2094932,0.4795417387,1.139800299,1440,0.2078817382,0.2248639062,1440,20.78817382,0.2418294491,,0,0.07821030686
2021-06-26 00:00:00+00:00,32283.65,107820.3753,3376.415452,1814051,0.4913557304,1.259289226,1440,0.195100334,0.1405591882,1440,19.5100334,0.06484983724,,0,0.08358663866
2021-06-27 00:00:00+00:00,34700.34,96613.24421,3199.980158,1799875,0.5048223934,1.00818333,1440,0.1506574054,0.1806871038,1440,15.06574054,0.2255906959,2.688833301,0,0.07540839978
2021-06-28 00:00:00+00:00,34494.89,82222.26782,2837.12278,1868627,0.49320328,0.8159521343,1440,0.1814539306,0.2398588728,1440,18.14539306,0.02093066995,3.517694004,2.137466925,0.09141298588
2021-06-29 00:00:00+00:00,35911.73,90788.79622,3233.947792,1673802,0.4998038251,0.8013282859,1440,0.1375721947,0.1999042134,1440,13.75721947,0.1244694984,,0.5412612581,0.08519588845
2021-06-30 00:00:00+00:00,35045,77152.19763,2688.939291,1301036,0.4800351877,0.7799461375,1440,0.1792882742,0.2318993727,1440,17.92882742,0.090857511,3.447323538,3.158836517,0.09132937002
2021-07-01 00:00:00+00:00,33504.69,71708.26611,2410.809595,1240681,0.48789431,0.811524672,1440,0.1722702959,0.2031765252,1440,17.22702959,0.1864416045,4.405065514,2.520297654,0.0974783604
2021-07-02 00:00:00+00:00,33786.55,56172.18138,1870.193042,1176457,0.4855011384,0.7188722464,1440,0.3270479719,0.3079926875,1440,32.70479719,0.0447941206,4.187213844,2.296800002,0.0914387241
2021-07-03 00:00:00+00:00,34669.13,43044.57864,1478.423024,1078278,0.4955763471,0.524550852,1440,0.2136512048,0.2950064058,1440,21.36512048,0.1744214675,,0.7151434427,0.08603676134
2021-07-04 00:00:00+00:00,35286.51,43703.47579,1544.458212,1164970,0.4846373129,0.4449062566,1440,0.04132830633,0.05327881369,1440,4.132830633,0.1142864996,1.586305023,0.4733982127,0.113795628
2021-07-05 00:00:00+00:00,33690.14,64123.87424,2183.406257,1109367,0.4910784905,0.6736493402,1440,0.1933200575,0.3067981911,1440,19.33200575,0.2120334904,,1.905762976,0.1128862349
2021-07-06 00:00:00+00:00,34220.01,58210.59635,1991.691101,1184687,0.4776098552,0.7229740756,1440,0.1849708342,0.1678893262,1440,18.49708342,0.07835224919,,0,0.09709680319
2021-07-07 00:00:00+00:00,33862.12,53807.52168,1857.658028,1041416,0.507269673,0.5466463929,1440,0.07000516395,0.09778035901,1440,7.000516395,0.05659585906,1.299150777,0.7543734579,0.1034537375
2021-07-08 00:00:00+00:00,32875.71,70136.48032,2304.97302,1257892,0.5005192029,0.7370693729,1440,0.03197915846,0.01987133747,1440,3.197915846,0.1282570252,,0,0.1107689878
2021-07-09 00:00:00+00:00,33815.81,47153.9399,1562.958239,1236351,0.5017622844,0.5653217089,1440,0.1351657138,0.1054986925,1440,13.51657138,0.1803909834,,0,0.0781830315
2021-07-10 00:00:00+00:00,33502.87,34761.17547,1171.790111,865508,0.4894184091,0.4809300969,1440,0.205948782,0.1898480259,1440,20.5948782,0.07934303008,,0,0.0863953676
2021-07-11 00:00:00+00:00,34258.99,31572.64745,1070.033013,952891,0.5205308657,0.4645502906,1440,0.2027377119,0.3406160579,1440,20.27377119,0.2085721182,1.937752929,1.698727076,0.08748925751
2021-07-12 00:00:00+00:00,33086.63,48181.40376,1620.646741,1176847,0.4691209791,0.5268015147,1440,0.1606080212,0.1960486547,1440,16.06080212,0.2148508854,0.6127423348,0,0.09896273493
2021-07-13 00:00:00+00:00,32729.77,41126.36101,1348.583017,956053,0.4762949609,0.5155252683,1440,0.227588127,0.233690257,1440,22.7588127,0.08041189795,,0,0.09352703184
2021-07-14 00:00:00+00:00,32820.02,46777.82348,1515.692075,1123129,0.4813495807,0.6442260327,1440,0.2141367769,0.3595560163,1440,21.41367769,0.01816750114,,0,0.09849884444
2021-07-15 00:00:00+00:00,31880,51639.57635,1652.077965,1099367,0.4815377573,0.6269680077,1440,0.1868784131,0.2047612225,1440,18.68784131,0.1758987271,0.8829610967,0,0.090431244
2021-07-16 00:00:00+00:00,31383.87,48499.86415,1538.342712,1067591,0.4940992101,0.5947329324,1440,0.199585121,0.169926119,1440,19.9585121,0.1019589923,1.184008546,0,0.08724722728
2021-07-17 00:00:00+00:00,31520.07,34012.24213,1072.815966,883442,0.4895017283,0.5265793494,1440,0.3765827839,0.3375351265,1440,37.65827839,0.04036497661,,0.684879881,0.07336828733
2021-07-18 00:00:00+00:00,31778.56,35923.71619,1140.964366,760979,0.4886516351,0.4644585134,1440,0.2579600125,0.3876305889,1440,25.79600125,0.0715829785,,0,0.06435733412
2021-07-19 00:00:00+00:00,30839.65,47340.4685,1470.563282,846029,0.4797060689,0.527514636,1440,0.1602202435,0.2209019084,1440,16.02202435,0.2039398726,2.447111454,1.927541536,0.07324613583
2021-07-20 00:00:00+00:00,29790.35,61034.04902,1821.2307,1062139,0.4657207822,0.6685532677,1440,0.1067685752,0.2436050984,1440,10.67685752,0.1900730323,,1.53354199,0.1064917876
2021-07-21 00:00:00+00:00,32144.51,82796.26513,2603.140706,1415058,0.5143308355,0.8450982203,1440,0.2356397104,0.3196844966,1440,23.56397104,0.2921745963,,0,0.09278500456
2021-07-22 00:00:00+00:00,32287.83,46148.09243,1482.763545,1000742,0.5043439843,0.5573350989,1440,0.2033771043,0.2250258536,1440,20.33771043,0.03000279451,2.782286951,1.162230444,0.07928441534
2021-07-23 00:00:00+00:00,33634.09,50112.86363,1631.947003,1394786,0.4992525924,0.4793703796,1440,0.1371565894,0.1797426393,1440,13.71565894,0.2503130116,1.174240373,0,0.0943858637
2021-07-24 00:00:00+00:00,34258.14,47977.55014,1625.046258,1196914,0.4989337252,0.4762288096,1440,0.1270384455,0.1343317531,1440,12.70384455,0.1131294857,3.415819116,1.201052789,0.1038096831
2021-07-25 00:00:00+00:00,35381.02,47852.92831,1646.935553,1245775,0.5147469584,0.5472482556,1440,0.1784659091,0.20783484,1440,17.84659091,0.1958262265,2.400887909,0,0.09068338053
2021-07-26 00:00:00+00:00,37237.6,152452.5127,5832.475057,3330102,0.5063304284,1.627869316,1440,0.1703975052,0.1730768407,1440,17.03975052,0.08768744802,,0,0.1151907761
2021-07-27 00:00:00+00:00,39457.87,88397.26702,3335.658262,1938478,0.5106187664,0.8950666004,1440,0.1246220462,0.09044939572,1440,12.46220462,0.1736224528,,0,0.09388271834
2021-07-28 00:00:00+00:00,40019.56,101344.5284,4040.889462,2631048,0.4836880395,0.987280697,1440,0.226831809,0.19886592,1440,22.6831809,0.03497946257,,0,0.0997760912
2021-07-29 00:00:00+00:00,40016.48,53998.43928,2154.190697,1428738,0.4944758885,0.6815709487,1440,0.2370513283,0.2722453366,1440,23.70513283,0.0003572818658,3.839810855,1.882646641,0.07723715379
2021-07-30 00:00:00+00:00,42206.37,73602.78481,2939.833541,1797012,0.5126222732,0.8736705528,1440,0.1685699469,0.2151067493,1440,16.85699469,0.1812340308,8.84116218,4.925372923,0.0850244328
2021-07-31 00:00:00+00:00,41461.83,44849.79101,1868.285511,1565380,0.5093500891,0.5926471528,1440,0.2406379533,0.2495905854,1440,24.06379533,0.09526334413,0.8587546985,0,0.09125707438
2021-08-01 00:00:00+00:00,39845.44,53953.18633,2227.567271,1603964,0.4781321652,0.7150037974,1440,0.2015274642,0.2578711418,1440,20.15274642,0.1785143636,3.646012415,1.900247165,0.08285616633
2021-08-02 00:00:00+00:00,39147.82,50837.35195,2010.928004,1162878,0.4830701128,0.6642628338,1440,0.2336931448,0.234237222,1440,23.36931448,0.08783622254,2.955148167,0,0.09839296119
2021-08-03 00:00:00+00:00,38207.05,57117.43585,2195.360659,1379871,0.4846762847,0.7664941428,1440,0.2344500996,0.1975735261,1440,23.44500996,0.1108004007,,0,0.08136285397
2021-08-04 00:00:00+00:00,39723.18,52329.35243,2028.792778,1220555,0.5122213428,0.5932198418,1440,0.1868377787,0.1585324384,1440,18.68377787,0.1918128024,,0,0.08105169461
2021-08-05 00:00:00+00:00,40862.46,84343.75562,3314.527738,1913281,0.4940867142,0.8463562142,1440,0.2258603017,0.2730587058,1440,22.58603017,0.08531199312,,0,0.101283915
2021-08-06 00:00:00+00:00,42836.87,75753.94135,3148.02246,2223356,0.5052939039,0.8514228099,1440,0.1762733466,0.2736004476,1440,17.62733466,0.1498953321,,0,0.1005231918
2021-08-07 00:00:00+00:00,44572.54,73396.74081,3197.407326,2258213,0.5089548042,0.8137891258,1440,0.1981036669,0.2503286973,1440,19.81036669,0.1242218771,,0,0.1043423093
2021-08-08 00:00:00+00:00,43794.37,69329.0927,3074.924735,1857112,0.4918447557,0.8178633452,1440,0.2596836237,0.2302012549,1440,25.96836237,0.05727848826,3.437338491,1.152637091,0.09341343928
2021-08-09 00:00:00+00:00,46253.4,74587.88484,3362.870286,2130595,0.5156950825,0.8964212916,1440,0.2155120486,0.2927956883,1440,21.55120486,0.1624496332,1.621262725,1.242826999,0.09256141299
2021-08-10 00:00:00+00:00,45584.99,53814.64342,2452.485824,1951330,0.4941474592,0.6658015309,1440,0.2236253153,0.2390675161,1440,22.36253153,0.05935397857,,0.8101895148,0.09501339433
2021-08-11 00:00:00+00:00,45511,52734.90198,2432.78877,1862925,0.5132159695,0.5858463752,1440,0.2024639528,0.213347695,1440,20.24639528,0.006677277973,,2.088824507,0.07913532013
2021-08-12 00:00:00+00:00,44399,55266.10878,2478.758525,1623329,0.4842947808,0.6523982719,1440,0.203191469,0.1491391817,1440,20.3191469,0.09979636205,2.511981236,2.633147972,0.08269425827
2021-08-13 00:00:00+00:00,47800,48239.37043,2239.435701,1804716,0.525877266,0.5887321741,1170,,,1169,,,,,
2021-08-14 00:00:00+00:00,47068.51,46114.35902,2166.461459,1849556,0.4987498256,0.5895263833,1440,0.1277309617,0.1464100544,1440,12.77309617,0.07118261673,1.462527886,0,0.1199679379
2021-08-15 00:00:00+00:00,46973.82,42110.71133,1950.753713,1580122,0.5017706685,0.6085183265,1440,0.1753606154,0.1528582503,1440,17.53606154,0.01032305963,1.888105236,2.023571642,0.09195146559
2021-08-16 00:00:00+00:00,45901.29,52480.57401,2462.12763,1655378,0.49252267,0.6715726159,1440,0.1299163479,0.07269073434,1440,12.99163479,0.09380993786,2.914177298,2.303638044,0.0913353744
2021-08-17 00:00:00+00:00,44695.95,57039.34163,2616.339598,1781303,0.4789722502,0.7400183516,1440,0.2251185727,0.1659505935,1440,22.51185727,0.1017082331,5.721970037,3.309055308,0.08215755254
2021-08-18 00:00:00+00:00,44705.29,54099.41598,2439.673266,1656723,0.5275144511,0.6594662333,1440,0.010912982,0.00240681338,1440,1.0912982,0.0008564493099,0.7323462301,2.428899914,0.09179304953
2021-08-19 00:00:00+00:00,46760.62,53411.75392,2416.320067,1774382,0.5091296045,0.6723833145,1440,0.1295630049,0.09820368361,1440,12.95630049,0.1860248449,,1.876636383,0.0767516696
2021-08-20 00:00:00+00:00,49322.47,56850.35223,2721.131744,1950404,0.522879524,0.5634393517,1440,0.1404841424,0.2441581419,1440,14.04841424,0.1960153622,4.37865954,2.772675393,0.09291183831
2021-08-21 00:00:00+00:00,48821.87,46745.13658,2290.966131,2069725,0.494589929,0.556796316,1440,0.1515107517,0.1284563059,1440,15.15107517,0.04452876802,,0,0.09505425695
2021-08-22 00:00:00+00:00,49239.22,37007.8878,1807.16984,1610192,0.5022679936,0.4768121579,1440,0.2331207163,0.2433603337,1440,23.31207163,0.04710178322,3.493035605,1.72881315,0.08732167311
2021-08-23 00:00:00+00:00,49488.85,52462.54195,2616.721364,2143309,0.499765626,0.4974041775,1440,0.1296822381,0.1902615705,1440,12.96822381,0.019325448,3.386803574,1.851104229,0.08991246327
2021-08-24 00:00:00+00:00,47674.01,51014.59475,2486.079316,1692896,0.4842324744,0.5557707311,1440,0.1592502014,0.2076906539,1440,15.92502014,0.1502808288,3.333469055,2.349335839,0.07730646988
2021-08-25 00:00:00+00:00,48973.32,44655.83034,2149.442272,1559186,0.4881082158,0.5781790087,1440,0.1824488528,0.141223286,1440,18.24488528,0.1250988441,3.934511561,2.870474105,0.08863034629
2021-08-26 00:00:00+00:00,46843.87,49371.27777,2333.90003,1532753,0.4797640362,0.6675647518,1440,0.2619310374,0.1969819216,1440,26.19310374,0.1904773231,4.443644055,1.914517714,0.08958311745
2021-08-27 00:00:00+00:00,49069.9,42068.10496,2007.07123,1320503,0.5164732476,0.6034796558,1440,0.2731160176,0.1972282681,1440,27.31160176,0.2313104512,,0,0.08061390727
2021-08-28 00:00:00+00:00,48895.35,26681.06379,1303.966036,793012,0.5208099568,0.3716295621,1440,0.16169118,0.1493740822,1440,16.169118,0.0273282598,0.9197986094,0.8596226537,0.07416167812
2021-08-29 00:00:00+00:00,48767.83,32652.28347,1588.661416,1193046,0.4948212308,0.4949623811,1440,0.1871760117,0.2157616363,1440,18.71760117,0.01643790012,3.821662101,1.718895998,0.08537899058
2021-08-30 00:00:00+00:00,46982.91,40288.35083,1932.344431,1204012,0.4874322268,0.5152534095,1440,0.2154408608,0.1715155738,1440,21.54408608,0.1929622639,2.719062819,1.445807309,0.08167467016
2021-08-31 00:00:00+00:00,47100.89,48645.52737,2303.799571,1300400,0.5021265812,0.5388515374,1440,0.2086591262,0.15109281,1440,20.86591262,0.01088626926,,0.7535223202,0.0749656365
2021-09-01 00:00:00+00:00,48810.52,49904.65528,2386.074445,1280384,0.5030065532,0.5434554064,1440,0.1749242094,0.15748128,1440,17.49242094,0.1494252061,2.465699672,1.41687739,0.07821931951
2021-09-02 00:00:00+00:00,49246.64,54410.77054,2704.192315,1549849,0.5210697615,0.5191845645,1440,0.1262254484,0.1685778131,1440,12.62254484,0.03289440065,1.815018763,1.920288407,0.1050974732
2021-09-03 00:00:00+00:00,49999.14,59025.64416,2949.574478,1645163,0.5019080064,0.601778364,1440,0.1430473884,0.2021928683,1440,14.30473884,0.0514130545,,0,0.1114455613
2021-09-04 00:00:00+00:00,49915.64,34664.65959,1733.527136,1225830,0.482904031,0.4387817311,1440,0.2003381959,0.1616405616,1440,20.03381959,0.009641757212,,1.508778638,0.09980129901
2021-09-05 00:00:00+00:00,51756.88,40544.83587,2049.212026,1417660,0.5316888181,0.4413929395,1440,0.1678671694,0.2513972799,1440,16.78671694,0.1767654553,1.864938598,1.257116322,0.07606574489
2021-09-06 00:00:00+00:00,52663.9,49249.66708,2549.290983,1678015,0.4999090143,0.4057631432,1440,0.1657225747,0.2391859831,1440,16.57225747,0.06814773708,2.743607902,1.0679174,0.1087208179
2021-09-07 00:00:00+00:00,46863.73,123048.8027,6004.105773,3321711,0.4708343413,1.80367574,1440,0.2099470421,0.1495593514,1440,20.99470421,0.1943439823,,0,0.1179673357
2021-09-08 00:00:00+00:00,46048.31,65069.3152,3000.605794,1796101,0.4886596317,0.8840124071,1440,0.3139484561,0.2036555329,1440,31.39484561,0.05849807384,,0,0.07366311484
2021-09-09 00:00:00+00:00,46395.14,50651.66002,2351.862984,1567586,0.4774451226,0.6824384697,1440,0.3349500689,0.2383973465,1440,33.49500689,0.03190513066,2.277072576,1.845213867,0.0783842322
2021-09-10 00:00:00+00:00,44850.91,49048.26618,2243.698626,1569941,0.4966250571,0.6855162229,1440,0.2553977703,0.130239981,1440,25.53977703,0.1508706821,0.3324086722,0,0.0696937275
2021-09-11 00:00:00+00:00,45173.69,30440.4081,1380.370764,1060890,0.4863385061,0.5003925313,1440,0.1974427329,0.1420327561,1440,19.74427329,0.05194951785,3.828286221,1.22534405,0.07179278094
2021-09-12 00:00:00+00:00,46025.24,32094.28052,1464.78092,1179808,0.4902883251,0.5010716859,1440,0.2367702473,0.170070061,1440,23.67702473,0.1274941781,,0,0.09118121413
2021-09-13 00:00:00+00:00,44940.73,65429.15056,2930.668118,1703512,0.4897061852,1.019039603,1440,0.3503110247,0.2737965837,1440,35.03110247,0.08136517065,,0,0.08607276219
2021-09-14 00:00:00+00:00,47111.52,44855.85099,2072.259519,1210258,0.4945278264,0.6045343673,1440,0.2176691266,0.2133031624,1440,21.76691266,0.2276406317,4.064424328,2.1502881,0.07049567625
2021-09-15 00:00:00+00:00,48121.41,43204.71174,2056.996399,1176050,0.4838253632,0.4357176212,1440,0.1513844665,0.1386157831,1440,15.13844665,0.1031097348,2.437016067,0,0.08449181692
2021-09-16 00:00:00+00:00,47737.82,40725.08895,1948.447233,1176129,0.4888335919,0.5201654456,1440,0.3883953584,0.3157098536,1440,38.83953584,0.04107494641,3.625616428,2.02687584,0.09620324772
2021-09-17 00:00:00+00:00,47299.98,34461.92776,1637.122049,1033968,0.4816753646,0.494884147,1440,0.2460344923,0.2042092535,1440,24.60344923,0.05628220079,4.401074934,2.729195255,0.0701485867
2021-09-18 00:00:00+00:00,48292.74,30906.47038,1491.461628,976346,0.4924504378,0.4219686516,1440,0.1549669704,0.1216950529,1440,15.49669704,0.1392685252,3.321101284,1.839554937,0.08047505351
2021-09-19 00:00:00+00:00,47241.75,29847.24349,1421.642879,909785,0.4806741968,0.4588184676,1440,0.2010203473,0.1651625398,1440,20.10203473,0.1547730699,1.440995552,1.524803001,0.0872164791
2021-09-20 00:00:00+00:00,43015.62,78003.52444,3457.139274,1842231,0.4629068136,1.080332161,1440,0.2592371731,0.2410866054,1440,25.92371731,0.2710759461,2.873131405,0,0.1098916106
2021-09-21 00:00:00+00:00,40734.38,84534.08048,3551.997787,1820721,0.4606750714,1.325062563,1440,0.2514086818,0.2288806104,1440,25.14086818,0.1534090264,,0,0.1108033307
2021-09-22 00:00:00+00:00,43543.61,58349.05542,2482.639472,1304011,0.5025189592,0.8446020579,1440,0.2718859997,0.1712780612,1440,27.18859997,0.268627451,4.248723343,2.940574636,0.09217047581
2021-09-23 00:00:00+00:00,44865.26,48699.57655,2147.211305,1196106,0.5031461336,0.6295932071,1440,0.3105007754,0.2687997847,1440,31.05007754,0.1392541628,,0,0.07451409737
2021-09-24 00:00:00+00:00,42810.57,84113.42629,3596.718231,1819744,0.4987643285,1.007601415,1440,0.280614787,0.1836487916,1440,28.0614787,0.1303375415,4.701074454,0,0.08105588243
2021-09-25 00:00:00+00:00,42670.64,33594.57189,1428.238748,949787,0.4928096585,0.6830260055,1440,0.2719090518,0.1211359358,1440,27.19090518,0.02292290979,,0,0.06894688332
2021-09-26 00:00:00+00:00,43160.9,49879.99765,2124.657079,1374145,0.4964463841,0.7950667774,1440,0.4084507994,0.3391788155,1440,40.84507994,0.05376819163,4.076932654,0.4680166775,0.07947586736
2021-09-27 00:00:00+00:00,42147.35,39776.84383,1728.9123,1001487,0.485404361,0.6891548442,1440,0.388374981,0.2774596797,1440,38.8374981,0.1374458441,4.134071622,2.540218263,0.07277398569
2021-09-28 00:00:00+00:00,41026.54,43372.2624,1816.305388,1045389,0.4774961958,0.7465020368,1440,0.3332390467,0.2177544713,1440,33.32390467,0.1483926524,1.890327872,0,0.08955438845
2021-09-29 00:00:00+00:00,41524.28,33511.53487,1399.625476,884909,0.4875463527,0.6046402744,1320,0.4170233895,0.2520614516,1319,41.70233895,0.08615977806,0.8864716745,2.360144507,0.08002198922
2021-09-30 00:00:00+00:00,43824.1,46381.22781,2005.486004,1197815,0.5034135758,0.6842697034,1440,0.2572871368,0.2330678986,1440,25.72871368,0.2687905968,2.261781136,1.987903845,0.07577305165
2021-10-01 00:00:00+00:00,48141.61,66244.87492,3076.094887,1771237,0.5156154835,0.8853691307,1440,0.2770123809,0.3418386727,1440,27.70123809,0.3054619087,,4.739166792,0.1112235507
2021-10-02 00:00:00+00:00,47634.9,30508.98131,1459.064881,996116,0.4975749097,0.4910823605,1440,0.229460953,0.1777205621,1440,22.9460953,0.07252035326,,1.255425744,0.1027540579
2021-10-03 00:00:00+00:00,48200.01,30825.05601,1482.764462,1114294,0.500463491,0.5288429466,1440,0.2187043275,0.2825245379,1440,21.87043275,0.07953753254,,0,0.0893515696
2021-10-04 00:00:00+00:00,49224.94,46796.49372,2258.464361,1437692,0.4921841268,0.7258889921,1440,0.2807493568,0.2606703943,1440,28.07493568,0.09316585848,2.854692242,0.6114188699,0.0888742922
2021-10-05 00:00:00+00:00,51471.99,52125.66793,2618.101829,1641651,0.5119821293,0.5860052882,1440,0.1506174738,0.1492139712,1440,15.06174738,0.170495166,1.862010512,1.242117426,0.09199517145
2021-10-06 00:00:00+00:00,55315,79877.54518,4236.927265,2443126,0.5090795846,0.9967021298,1440,0.3127928159,0.4935778963,1440,31.27928159,0.1699494439,9.216475176,5.407995232,0.09187075039
2021-10-07 00:00:00+00:00,53785.22,54917.37766,2983.143121,1703147,0.4822862929,0.6967063717,1440,0.149453472,0.08517439987,1440,14.9453472,0.09401295919,,0,0.08719118076
2021-10-08 00:00:00+00:00,53951.43,46160.25785,2522.087625,1548832,0.4905343773,0.5887299545,1440,0.2463052411,0.2525699745,1440,24.63052411,0.01223386972,,0,0.08681779716
2021-10-09 00:00:00+00:00,54949.72,55177.08013,3024.862791,1609483,0.501779859,0.4464564173,1440,0.2640639207,0.2246380317,1440,26.40639207,0.06061229612,,0,0.06284256153
2021-10-10 00:00:00+00:00,54659,89237.83613,4923.958325,2427176,0.5004258024,0.633868049,1440,0.2542250629,0.250968584,1440,25.42250629,0.01077324284,2.971087286,0,0.04589924029
2021-10-11 00:00:00+00:00,57471.35,52933.16575,2994.673618,1690409,0.507410215,0.5794440849,1440,0.2169782155,0.1829326571,1440,21.69782155,0.167539718,1.863121588,1.081947957,0.07117364082
2021-10-12 00:00:00+00:00,55996.93,53471.2855,3017.210683,1554412,0.4891867144,0.699793044,1440,0.2094710292,0.3017618146,1440,20.94710292,0.08613815105,3.728243252,0,0.07649256526
2021-10-13 00:00:00+00:00,57367,55808.44492,3123.307687,1610489,0.5014497736,0.6590403117,1440,0.21651988,0.1725941349,1440,21.651988,0.07739345502,,0,0.08338254107
2021-10-14 00:00:00+00:00,57347.94,43053.33678,2481.915792,1372048,0.5096066094,0.5752276665,1440,0.2095267652,0.2153114966,1440,20.95267652,0.001338893001,0.2582879701,0,0.08599380563
2021-10-15 00:00:00+00:00,61672.42,82512.90802,4959.389369,2649137,0.5322037168,0.7395455262,1440,0.1305754415,0.2170717347,1440,13.05754415,0.1465904385,,1.745771252,0.1080775888
2021-10-16 00:00:00+00:00,60875.57,35467.88096,2173.374059,1360379,0.4873835812,0.5298633372,1440,0.2530960445,0.2093333945,1440,25.30960445,0.05983730456,2.048420686,0,0.08474664372
2021-10-17 00:00:00+00:00,61528.33,39099.24124,2371.696295,1331655,0.4933584993,0.5843323525,1440,0.180328335,0.2796929845,1440,18.0328335,0.04497107984,,1.794774963,0.07978561202
2021-10-18 00:00:00+00:00,62009.84,51798.44844,3195.091233,1629184,0.4992250959,0.6523727457,1440,0.2347369586,0.2000148892,1440,23.47369586,0.02439793548,,0,0.09794446445
2021-10-19 00:00:00+00:00,64280.59,53628.10774,3370.86394,1755708,0.5116075625,0.6375543279,1440,0.2299781566,0.2390390449,1440,22.99781566,0.10669264,,0,0.08045941892
2021-10-20 00:00:00+00:00,66001.41,51428.93486,3362.878816,1823286,0.5371293534,0.5383511655,1440,0.1364001302,0.2198744557,1440,13.64001302,0.07855884037,,0,0.09250188023
2021-10-21 00:00:00+00:00,62193.15,68538.64537,4407.757971,2181665,0.4670141062,1.007306686,1440,0.306794174,0.3654584114,1440,30.6794174,0.1348332662,,0.2579070689,0.1027432449
2021-10-22 00:00:00+00:00,60688.22,52119.35886,3229.377744,1555280,0.4881236404,0.6696028831,1440,0.07591871004,0.05822197578,1440,7.591871004,0.07585131553,,0,0.108576858
2021-10-23 00:00:00+00:00,61286.75,27626.93678,1686.121722,982103,0.4833170317,0.5387801647,1440,0.1844280124,0.1558781177,1440,18.44280124,0.05820492868,,0,0.08532094833
2021-10-24 00:00:00+00:00,60852.22,31226.57676,1889.694559,1052085,0.5022058204,0.5874007607,1440,0.3367208763,0.2264322164,1440,33.67208763,0.03765353263,,0,0.07164418756
2021-10-25 00:00:00+00:00,63078.78,36853.83806,2309.33965,1270453,0.5040792411,0.4686174966,1440,0.2621411237,0.2436303014,1440,26.21411237,0.1556121009,,0,0.07239215333
2021-10-26 00:00:00+00:00,60328.81,40217.50083,2492.606133,1334460,0.4649539222,0.5699555091,1440,0.1911705592,0.2175726312,1440,19.11705592,0.1788275066,3.77835978,0,0.07064670172
2021-10-27 00:00:00+00:00,58413.44,62124.49016,3688.306193,1913083,0.4826346444,0.7768548045,1440,0.2649148396,0.2715329726,1440,26.49148396,0.08747583682,,0.3885047139,0.09735858841
2021-10-28 00:00:00+00:00,60575.89,61056.35301,3677.629851,1878275,0.4986777059,1.145696522,1440,0.3979934163,0.3817352218,1440,39.79934163,0.09884344062,,0,0.07656836073
2021-10-29 00:00:00+00:00,62253.71,43973.90414,2706.090987,1417344,0.5062745564,0.6167031929,1440,0.2352921204,0.167383008,1440,23.52921204,0.1009617672,,0,0.09479119755
2021-10-30 00:00:00+00:00,61859.19,31478.12566,1937.86026,1197748,0.4950584167,0.464271036,1440,0.2068079591,0.1409774116,1440,20.68079591,0.03280659088,3.46086898,0.03131008689,0.07347089674
2021-10-31 00:00:00+00:00,61299.8,39267.63794,2396.556477,1563417,0.4930798763,0.5220001612,1440,0.08828649996,0.04120254853,1440,8.828649996,0.03790477245,4.791233837,2.122256871,0.08299898963
2021-11-01 00:00:00+00:00,60911.11,44687.66672,2737.282805,1472636,0.4954377054,0.6218349861,1440,0.2569237973,0.2131356351,1440,25.69237973,0.02323834422,2.789797528,0,0.09364390851
2021-11-02 00:00:00+00:00,63219.99,46368.2841,2909.221038,1858362,0.5144064156,0.5462480169,1440,0.1788221859,0.1728279974,1440,17.88221859,0.1278863305,1.603244674,0.2288333146,0.08830215054
2021-11-03 00:00:00+00:00,62896.48,43336.09049,2713.3895,1601925,0.4767930733,0.7131660794,1440,0.2630223653,0.5242811704,1440,26.30223653,0.01890752622,7.673595042,3.504378251,0.07972060815
2021-11-04 00:00:00+00:00,61395.01,35930.93314,2218.138027,1346081,0.4966021973,0.52559569,1440,0.1990796542,0.1087236437,1440,19.90796542,0.1089275713,4.714128908,2.807525517,0.08027544112
2021-11-05 00:00:00+00:00,60937.12,31604.48749,1943.346371,1243074,0.4989530346,0.4644029906,1440,0.2821924413,0.182245742,1440,28.21924413,0.03852143272,3.501265809,2.487598794,0.07221902372
2021-11-06 00:00:00+00:00,61470.61,25590.57408,1556.774944,965309,0.4889115645,0.4280807023,1440,0.2892971773,0.2139167577,1440,28.92971773,0.05599178998,2.990524851,1.771077586,0.07468163186
2021-11-07 00:00:00+00:00,63273.59,25515.6883,1585.74472,1068629,0.5317159255,0.4025677629,1440,0.2904684811,0.2929144668,1440,29.04684811,0.1823045521,2.630454363,1.741448659,0.08336320065
2021-11-08 00:00:00+00:00,67525.83,54442.09455,3575.716171,2349581,0.5304569318,0.5245345132,1440,0.1419028607,0.1709120269,1440,14.19028607,0.1818996971,,0,0.09783472802
2021-11-09 00:00:00+00:00,66947.66,44661.37807,3014.326962,1847655,0.4980418745,0.5086269423,1440,0.1331545617,0.09209057715,1440,13.31545617,0.02852733424,2.135348923,0.691607094,0.09955530086
2021-11-10 00:00:00+00:00,64882.43,65171.50405,4335.575753,2347934,0.4809578017,1.007127172,1440,0.2459158842,0.2695920598,1440,24.59158842,0.07227242468,11.91886101,5.285435138,0.1015831269
2021-11-11 00:00:00+00:00,64774.26,37237.98058,2415.537334,1327827,0.499208456,0.5328982585,1440,0.2429006081,0.1836034527,1440,24.29006081,0.006907616873,0.8729674129,0,0.1194660323
2021-11-12 00:00:00+00:00,64122.23,44490.10816,2844.286548,1479149,0.4726546255,0.6246117179,1440,0.2024165963,0.167039078,1440,20.24165963,0.03557024363,,0,0.08540254592
2021-11-13 00:00:00+00:00,64380,22504.97383,1442.441614,904149,0.4929600085,0.41868056,1440,0.2595418751,0.1861310844,1440,25.95418751,0.02781339748,2.195718523,1.32958429,0.09068835369
2021-11-14 00:00:00+00:00,65519.1,25705.07347,1658.473781,951393,0.4913362397,0.4567401885,1440,0.2091028752,0.1616068053,1440,20.91028752,0.1057519119,,0,0.08721558313
2021-11-15 00:00:00+00:00,63606.74,37829.37124,2460.915923,1305209,0.5064972848,0.4611733911,1440,0.1095239001,0.08648517698,1440,10.95239001,0.1203708885,,0,0.1048688762
2021-11-16 00:00:00+00:00,60058.87,77455.15609,4705.744041,2353681,0.4696307643,0.9759935953,1440,0.1391977744,0.1320679466,1440,13.91977744,0.1219662421,5.921986176,2.467693874,0.1374859691
2021-11-17 00:00:00+00:00,60344.87,46289.38491,2767.802055,1471305,0.4870499747,0.79661872,1440,0.3283827854,0.1743830359,1440,32.83827854,0.01716413181,,0,0.09095482844
2021-11-18 00:00:00+00:00,56891.62,62146.99931,3644.824179,1960419,0.4785782966,0.9092716977,1440,0.2437519623,0.1845550531,1440,24.37519623,0.1616755227,,2.180174788,0.08188161843
2021-11-19 00:00:00+00:00,58052.24,50715.88726,2896.189976,1560459,0.4746498001,0.6248463594,1440,0.282642911,0.1808529237,1440,28.2642911,0.06973037207,1.535948692,0.6655458531,0.08380571226
2021-11-20 00:00:00+00:00,59707.51,33811.5901,1982.718831,1200190,0.4933894212,0.4904230386,1440,0.305624101,0.2581943201,1440,30.5624101,0.1417977822,,0,0.09166767234
2021-11-21 00:00:00+00:00,58622.02,31902.22785,1886.578155,1249219,0.4685918225,0.489841162,1440,0.1127759097,0.03297711859,1440,11.27759097,0.09725234107,,0.5838246939,0.07748017443
2021-11-22 00:00:00+00:00,56247.18,51724.32047,2968.622334,1624768,0.4801412831,0.8239449552,1440,0.2753591381,0.1596922425,1440,27.53591381,0.1393053166,,0,0.08274554539
2021-11-23 00:00:00+00:00,57541.27,49917.85017,2837.210673,1570845,0.5051830146,0.7637462647,1440,0.2556513664,0.1008447822,1440,25.56513664,0.08017213244,,0,0.08541099028
2021-11-24 00:00:00+00:00,57138.29,39612.04964,2246.374244,1432991,0.4954324951,0.6170960373,1440,0.2961289153,0.1431240761,1440,29.61289153,0.0312857915,,0.9277672229,0.06931629091
2021-11-25 00:00:00+00:00,58960.36,42153.51522,2455.658858,1604266,0.5008551211,0.5017829497,1440,0.1977828321,0.1828331383,1440,19.77828321,0.1278308008,2.957435289,2.696642588,0.07749830963
2021-11-26 00:00:00+00:00,53726.53,65927.87066,3649.35386,2138184,0.4745712183,0.8762535874,1440,0.2249405765,0.1461496405,1440,22.49405765,0.2547257316,5.745512779,2.933226872,0.0816821562
2021-11-27 00:00:00+00:00,54721.03,29716.99957,1623.173123,1110145,0.4866890406,0.5493095893,1440,0.2640330604,0.1143032493,1440,26.40330604,0.1129958073,1.428351445,0,0.06638705646
2021-11-28 00:00:00+00:00,57274.88,36163.7137,1982.198374,1253408,0.5121348986,0.6679074589,1440,0.3089245126,0.1943319156,1440,30.89245126,0.2301184259,3.489324501,2.335721261,0.08098004452
2021-11-29 00:00:00+00:00,57776.25,40125.28009,2313.371348,1349625,0.4864825949,0.5437357417,1440,0.1816150836,0.1321363876,1440,18.16150836,0.03767513766,,0,0.08405973173
2021-11-30 00:00:00+00:00,56950.56,49161.05194,2823.644073,1587472,0.4855022813,0.832111779,1440,0.3301283233,0.1637502401,1440,33.01283233,0.05097763095,4.629351809,0,0.08856989641
2021-12-01 00:00:00+00:00,57184.07,44956.63656,2584.928714,1442301,0.4782674211,0.6809413465,1440,0.1489076638,0.05948507638,1440,14.89076638,0.01582960505,,0,0.07685189095
2021-12-02 00:00:00+00:00,56480.34,37574.05976,2127.110102,1307890,0.4890468397,0.6422187214,1440,0.3097752095,0.1438026665,1440,30.97752095,0.05821395933,1.20340339,1.20543673,0.08880239618
2021-12-03 00:00:00+00:00,53601.05,58927.69027,3246.198506,1865063,0.4630634153,0.8463544539,1440,0.2099456312,0.1566119077,1440,20.99456312,0.1611853233,,0,0.08184362124
2021-12-04 00:00:00+00:00,49152.47,114203.3737,5495.712062,3362771,0.4630034179,2.284907655,1440,0.4053925054,0.2207058131,1440,40.53925054,0.1576530153,,6.165103706,0.1117272443
2021-12-05 00:00:00+00:00,49396.33,45580.82012,2231.486106,1371839,0.4918933705,0.8382336612,1440,0.2282168885,0.08030258482,1440,22.82168885,0.02217818103,,1.490218578,0.08894079678
2021-12-06 00:00:00+00:00,50441.92,58571.21575,2851.528919,1741956,0.4920565018,0.9292548672,1440,0.3816690633,0.2940433233,1440,38.16690633,0.07345689298,,0,0.08701022363
2021-12-07 00:00:00+00:00,50588.95,38253.46877,1950.5735,1212350,0.4882984888,0.6350742466,1440,0.3629662916,0.1750232142,1440,36.29662916,0.014921753,,0,0.08893330799
2021-12-08 00:00:00+00:00,50471.19,38425.92466,1925.458787,1118225,0.4717347411,0.6525592994,1440,0.3337655067,0.2626795358,1440,33.37655067,0.01210358059,,0,0.07576383462
2021-12-09 00:00:00+00:00,47545.59,37692.68665,1841.474999,1130599,0.4801212439,0.7087122613,1440,0.36736879,0.1891860732,1440,36.736879,0.3242706975,,0,0.08978641733
2021-12-10 00:00:00+00:00,47140.54,44233.57391,2135.023723,1215231,0.4780070752,0.849760421,1440,0.5357899169,0.3023269653,1440,53.57899169,0.04007303262,,0,0.07589020131
2021-12-11 00:00:00+00:00,49389.99,28889.19358,1397.524636,957390,0.5002655412,0.7512528783,1440,0.4328818538,0.1088030131,1440,43.28818538,0.333549894,4.366259028,1.555482483,0.08113018145
2021-12-12 00:00:00+00:00,50053.9,26017.93421,1292.315884,863605,0.5098794333,0.53338116,1440,0.3146699222,0.2253968346,1440,31.46699222,0.1033234435,3.761878184,1.092067192,0.0780332075
2021-12-13 00:00:00+00:00,46702.75,50869.52093,2423.888501,1399599,0.4617111066,0.8419362194,1440,0.2147517033,0.1856232469,1440,21.47517033,0.2858934119,,0,0.08752532337
2021-12-14 00:00:00+00:00,48343.28,39955.98445,1887.427362,1194992,0.5008212453,0.7059655906,1440,0.3172175295,0.1976016052,1440,31.72175295,0.1829165822,,0,0.08683803742
2021-12-15 00:00:00+00:00,48864.98,51629.181,2487.012309,1438176,0.5009021722,0.8592539936,1440,0.353683715,0.2274258915,1440,35.3683715,0.04315925087,,0,0.07857205202
2021-12-16 00:00:00+00:00,47632.38,31949.86739,1551.200654,1023983,0.4783094779,0.5727934745,1440,0.3823748926,0.197362473,1440,38.23748926,0.1646995336,,0.6413814331,0.06938860378
2021-12-17 00:00:00+00:00,46131.2,43104.4887,2015.96635,1261780,0.4604339947,0.7999491767,1440,0.2176483545,0.1786160853,1440,21.76483545,0.1588482437,,0,0.09499776308
2021-12-18 00:00:00+00:00,46834.48,25020.05271,1165.205136,862066,0.5050168046,0.5586860446,1440,0.3459361833,0.1537259872,1440,34.59361833,0.1298498664,1.990979258,0,0.09443781865
2021-12-19 00:00:00+00:00,46681.23,29305.70665,1384.958598,874827,0.499792701,0.623422763,1440,0.2956906337,0.2212035631,1440,29.56906337,0.02366516306,,0,0.08304527448
2021-12-20 00:00:00+00:00,46914.16,35848.50609,1663.363118,1076488,0.492805124,0.6428741537,1440,0.3713790355,0.1621911149,1440,37.13790355,0.02992366562,2.628274302,0,0.08139496626
2021-12-21 00:00:00+00:00,48889.88,37713.92924,1827.234149,1119412,0.5132392845,0.5345870262,1440,0.2082059785,0.1901124697,1440,20.82059785,0.2257558138,2.247469095,0,0.07339880404
2021-12-22 00:00:00+00:00,48588.16,27004.2022,1322.418595,949480,0.4963134823,0.4547954813,1440,0.3059290769,0.2159289474,1440,30.59290769,0.04681227482,1.673194151,0.6947572103,0.08186530661
2021-12-23 00:00:00+00:00,50838.81,35192.54046,1738.129831,1176050,0.4943567618,0.5146778915,1440,0.2243601389,0.2103222644,1440,22.43601389,0.260510801,3.303908948,1.156645062,0.07873603706
2021-12-24 00:00:00+00:00,50820,31684.84269,1618.089927,1075177,0.4768325274,0.5011876176,1440,0.08276874959,0.03341650568,1440,8.276874959,0.002287026096,2.519410196,1.797702786,0.1054532928
2021-12-25 00:00:00+00:00,50399.66,19135.51613,971.4910291,766979,0.5188416446,0.3952432709,1440,0.3440384163,0.2400822262,1440,34.40384163,0.08549280045,3.992336626,2.162423698,0.09649714761
2021-12-26 00:00:00+00:00,50775.49,22569.88914,1132.200242,797133,0.5000333409,0.4609951838,1440,0.2704670975,0.25370654,1440,27.04670975,0.06561850583,3.412060192,2.220046587,0.08331155019
2021-12-27 00:00:00+00:00,50701.44,28792.21566,1472.065236,1009411,0.501388757,0.3992507387,1440,0.2192433057,0.146370346,1440,21.92433057,0.009914270387,1.504384758,0.9303275455,0.08531702804
2021-12-28 00:00:00+00:00,47543.74,45853.33924,2242.102221,1345774,0.4741894591,0.6445667874,1440,0.1182380119,0.1183185193,1440,11.82380119,0.2868030839,3.66135189,0.3838809031,0.1133869512
2021-12-29 00:00:00+00:00,46464.66,39498.87,1873.785571,1114074,0.4832953221,0.6268574817,1440,0.2412321265,0.3393639298,1440,24.12321265,0.1225225882,,0,0.1032759851
2021-12-30 00:00:00+00:00,47120.87,30352.29569,1428.75572,910157,0.490457918,0.523560853,1440,0.2661271238,0.1335075153,1440,26.61271238,0.09815519072,4.31129476,1.873672261,0.08218489247
2021-12-31 00:00:00+00:00,46216.93,34937.99796,1650.715978,1059783,0.4956077426,0.5955351371,1440,0.2706570592,0.1542308003,1440,27.06570592,0.1173419398,,1.076615705,0.07464687245
2022-01-01 00:00:00+00:00,47722.65,19604.46325,924.1551596,714899,0.5071481256,0.4758699537,1440,0.3855139297,0.2420410391,1440,38.55139297,0.3469108672,,0,0.08857072422
2022-01-02 00:00:00+00:00,47286.18,18340.4604,866.6109956,709624,0.4997949528,0.4469271943,1440,0.451636382,0.301893862,1440,45.1636382,0.1060228037,2.068824862,1.003522583,0.08354629318
2022-01-03 00:00:00+00:00,46446.1,27662.0771,1292.203508,885624,0.4889278705,0.4573720605,1440,0.2529651751,0.17814853,1440,25.29651751,0.1387209879,,0,0.06773285919
2022-01-04 00:00:00+00:00,45832.01,35491.4136,1649.170424,1021815,0.4984097923,0.5680087926,1440,0.137714783,0.08362243629,1440,13.7714783,0.08070569904,2.845569375,1.358600599,0.0805750624
2022-01-05 00:00:00+00:00,43451.13,51784.11857,2334.288545,1478532,0.4548304625,0.8716105383,1440,0.1979760232,0.323002327,1440,19.79760232,0.2285317175,4.245634428,0,0.09529538535
2022-01-06 00:00:00+00:00,43082.31,38880.37305,1674.466154,1150707,0.4955926373,0.6018437412,1440,0.2805415942,0.1574880368,1440,28.05415942,0.05090808336,,0,0.09944201724
2022-01-07 00:00:00+00:00,41566.48,54836.50818,2293.851015,1406635,0.4836083385,0.9478170717,1440,0.2784983382,0.3215655201,1440,27.84983382,0.1561496302,8.149932911,0.8981707383,0.08847784678
2022-01-08 00:00:00+00:00,41679.74,32952.73111,1367.233495,1021908,0.499580366,0.6304569125,1440,0.3745179493,0.2491106547,1440,37.45179493,0.01990213231,,0,0.0851480387
2022-01-09 00:00:00+00:00,41864.62,22724.39426,952.8300645,752733,0.5016542866,0.5018541333,1440,0.4699873737,0.2999578985,1440,46.99873737,0.04645024925,,0.1281757856,0.0719004598
2022-01-10 00:00:00+00:00,41822.49,50729.17019,2088.11134,1250983,0.4860033787,0.9044198146,1440,0.2175504354,0.2533136203,1440,21.75504354,0.00482180085,,1.567289385,0.08680073639
2022-01-11 00:00:00+00:00,42729.29,37296.43729,1574.803609,1015526,0.4966145631,0.5997616946,1440,0.3002666583,0.2740197628,1440,30.02666583,0.1362100031,1.472375911,0,0.0954078521
2022-01-12 00:00:00+00:00,43902.66,33943.2928,1470.906438,1023902,0.5180498826,0.5072373145,1440,0.2420521637,0.3043875086,1440,24.20521637,0.1841740321,,0,0.07681496092
2022-01-13 00:00:00+00:00,42560.11,34910.87762,1515.944525,1036234,0.4919786336,0.5039325264,1440,0.1768202361,0.1530004223,1440,17.68202361,0.2048721465,,0,0.08544382891
2022-01-14 00:00:00+00:00,43059.96,32640.88292,1392.000443,946938,0.4728484057,0.5071355374,1440,0.2030630004,0.1266101313,1440,20.30630004,0.08388024184,,0,0.08532528841
2022-01-15 00:00:00+00:00,43084.29,21936.05616,946.4882635,752688,0.5075290685,0.3670065661,1440,0.2675764419,0.1935089719,1440,26.75764419,0.005968024383,,0,0.08254165671
2022-01-16 00:00:00+00:00,43071.66,20602.35271,887.2031341,732171,0.4879148052,0.3695717135,1440,0.2176201807,0.1475463583,1440,21.76201807,0.003304646477,,0,0.06778149595
2022-01-17 00:00:00+00:00,42201.62,27562.08613,1169.381684,918029,0.4879362852,0.4772017228,1440,0.2834705739,0.1957353857,1440,28.34705739,0.1745078752,,0,0.06684967901
2022-01-18 00:00:00+00:00,42352.12,29324.08257,1228.459687,905061,0.4954229574,0.5131099578,1440,0.3294737452,0.1981878396,1440,32.94737452,0.02897832125,,0,0.06861905364
2022-01-19 00:00:00+00:00,41660.01,31685.72159,1327.478459,924528,0.492453454,0.5438447824,1440,0.312343849,0.2200100636,1440,31.2343849,0.1241210574,,0,0.07316882325
2022-01-20 00:00:00+00:00,40680.91,42330.33953,1784.8012,1098761,0.4772340627,0.592844384,1440,0.2181154532,0.3027739037,1440,21.81154532,0.1332514524,,0,0.09873877148
2022-01-21 00:00:00+00:00,36445.31,88860.892,3405.501703,2092561,0.468317219,1.274285046,1440,0.2301512367,0.2331990272,1440,23.01512367,0.3228486416,,0,0.1287453088
2022-01-22 00:00:00+00:00,35071.42,90471.33896,3207.531048,2099978,0.4722189229,1.219937113,1440,0.2167413421,0.1230931464,1440,21.67413421,0.1198000157,,0,0.1261067634
2022-01-23 00:00:00+00:00,36244.55,44279.52354,1572.414639,1142407,0.515845535,0.7834740071,1440,0.3676610811,0.3008783959,1440,36.76610811,0.2092480607,,0,0.0738853369
2022-01-24 00:00:00+00:00,36660.35,91904.75321,3192.041586,1999352,0.5056242611,1.266981745,1440,0.347780662,0.2655718009,1440,34.7780662,0.03573501184,,0,0.1069582044
2022-01-25 00:00:00+00:00,36958.32,49232.40183,1799.224214,1248246,0.5075606274,0.7961853346,1440,0.2811500603,0.1186656938,1440,28.11500603,0.04499162235,,1.516828305,0.07963022043
2022-01-26 00:00:00+00:00,36809.34,69830.16036,2627.491977,1584468,0.5046575182,1.00492164,1440,0.2432784609,0.1406628335,1440,24.32784609,0.01537273533,4.08106148,3.315020175,0.0791211109
2022-01-27 00:00:00+00:00,37160.1,53020.87934,1925.920128,1308408,0.5045360672,0.8185204055,1440,0.203824703,0.14545277,1440,20.3824703,0.04924393046,,0,0.1117095219
2022-01-28 00:00:00+00:00,37716.56,42154.26956,1560.203931,1061101,0.5099477641,0.6650968321,1440,0.2679334473,0.1524484828,1440,26.79334473,0.09526735575,,0,0.09340368611
2022-01-29 00:00:00+00:00,38166.84,26129.49682,989.652387,816601,0.5087132619,0.521669094,1440,0.4496947234,0.4641908553,1440,44.96947234,0.1199190812,,0,0.08426830763
2022-01-30 00:00:00+00:00,37881.76,21430.66527,812.7502166,698593,0.5038753797,0.4381514986,1440,0.2868208223,0.2097786178,1440,28.68208223,0.09224662013,,0,0.08663480998
2022-01-31 00:00:00+00:00,38466.9,36855.2458,1386.754529,936014,0.4998547463,0.5740053358,1440,0.2913695461,0.2215021266,1440,29.13695461,0.1105343532,,0,0.07713817894
2022-02-01 00:00:00+00:00,38694.59,34574.44663,1334.266167,917617,0.5128351939,0.6093819235,1440,0.3053323843,0.2424930263,1440,30.53323843,0.04423154753,,0,0.07636108381
2022-02-02 00:00:00+00:00,36896.36,35794.6813,1353.093949,907905,0.4819553141,0.551969451,1440,0.239978725,0.2104060371,1440,23.9978725,0.3516895174,,0,0.07462968246
2022-02-03 00:00:00+00:00,37311.61,32081.10999,1179.502839,848961,0.5133270743,0.5714881652,1440,0.3769349688,0.2650874013,1440,37.69349688,0.09488435899,,0,0.07462252691
2022-02-04 00:00:00+00:00,41574.25,64703.95874,2526.572562,1380724,0.5108445808,0.7517199255,1440,0.1636559315,0.2490556567,1440,16.36559315,0.4281549186,2.596183498,0,0.1035843256
2022-02-05 00:00:00+00:00,41382.59,32532.34372,1349.805516,1006352,0.5092189534,0.4873329344,1440,0.153685381,0.1239677939,1440,15.3685381,0.03423251863,,0,0.1280846332
2022-02-06 00:00:00+00:00,42380.87,22405.16704,934.1688029,788291,0.5153450032,0.5111300169,1440,0.3054945376,0.32472211,1440,30.54945376,0.2551660912,1.866748377,0,0.1026166582
2022-02-07 00:00:00+00:00,43839.99,51060.62006,2204.52361,1473274,0.4985799199,0.5802697204,1440,0.2104520881,0.2075232237,1440,21.04520881,0.1535448893,,0,0.1027722319
2022-02-08 00:00:00+00:00,44042.99,64880.29387,2847.485971,1653350,0.5086921067,0.7224482327,1440,0.1075877303,0.09229376869,1440,10.75877303,0.0162240934,,0,0.1237509679
2022-02-09 00:00:00+00:00,44372.72,34428.16729,1512.500139,1066395,0.497139477,0.5628616903,1440,0.2478348895,0.1639458052,1440,24.78348895,0.04931347526,,0,0.1028944097
2022-02-10 00:00:00+00:00,43495.44,62357.29091,2772.188373,1541483,0.4862803051,0.8472884471,1440,0.2331310655,0.2724763342,1440,23.31310655,0.07203248298,,0,0.1132628321
2022-02-11 00:00:00+00:00,42373.73,44975.1687,1937.866769,1169354,0.4905766846,0.8080107822,1440,0.2542664578,0.1817717306,1440,25.42664578,0.1348261433,,0,0.12483236
2022-02-12 00:00:00+00:00,42217.87,26556.85681,1123.136005,830322,0.4825346355,0.5166137209,1440,0.3405686446,0.273900559,1440,34.05686446,0.03280995009,2.594980935,1.447277095,0.09070981727
2022-02-13 00:00:00+00:00,42053.66,17732.08113,750.5333117,624898,0.4699467005,0.4204506321,1440,0.3256869481,0.261013701,1440,32.56869481,0.05192533353,,0,0.09388564613
2022-02-14 00:00:00+00:00,42535.94,34010.1306,1436.927831,867622,0.4972861445,0.5153844645,1440,0.2343114048,0.2235977662,1440,23.43114048,0.07935641242,2.711787618,0,0.09631006184
2022-02-15 00:00:00+00:00,44544.86,38095.19576,1672.855934,990694,0.5034840734,0.4588049422,1440,0.1259522101,0.1515495241,1440,12.59522101,0.2758600111,1.001139817,0,0.1023804409
2022-02-16 00:00:00+00:00,43873.56,28471.8727,1250.973502,823745,0.4954607489,0.439910273,1440,0.2521647643,0.2573969706,1440,25.21647643,0.1213847497,3.256223365,0,0.09168288761
2022-02-17 00:00:00+00:00,40515.7,47245.99494,1993.400163,1067658,0.4544005486,0.6867063458,1440,0.2341861141,0.3248518229,1440,23.41861141,0.3994296223,,0,0.1040697148
2022-02-18 00:00:00+00:00,39974.44,43845.92241,1765.622366,1025882,0.4700338482,0.6745394583,1440,0.2471086867,0.2691221861,1440,24.71086867,0.07617315972,2.926090689,0,0.1247188857
2022-02-19 00:00:00+00:00,40079.17,18042.0551,721.9606361,586653,0.4641918536,0.394367905,1440,0.3155906438,0.284656405,1440,31.55906438,0.03624156197,,0.820090732,0.1287988987
2022-02-20 00:00:00+00:00,38386.89,33439.29011,1293.216601,811235,0.4586895795,0.5212287852,1440,0.1801226639,0.2061414869,1440,18.01226639,0.3335926316,,0,0.1262613279
2022-02-21 00:00:00+00:00,37008.16,62347.68496,2382.027321,1352290,0.4910709291,0.9971658001,1440,0.4226084411,0.3775683225,1440,42.26084411,0.1535564511,0.5247519663,0,0.08732216768
2022-02-22 00:00:00+00:00,38230.33,53785.94589,2010.628231,1212527,0.5079902435,0.7857540307,1440,0.3182816207,0.2877909562,1440,31.82816207,0.1615950193,,0,0.08650145556
2022-02-23 00:00:00+00:00,37250.01,43560.732,1665.486687,1030872,0.492414953,0.6098331157,1440,0.322906684,0.3095624797,1440,32.2906684,0.1559722245,3.482828673,0.8219050819,0.07486190784
2022-02-24 00:00:00+00:00,38327.21,120476.2946,4335.107392,2622780,0.4988793157,1.303405902,1440,0.3145865563,0.342400682,1440,31.45865563,0.06576048053,,0,0.102239324
2022-02-25 00:00:00+00:00,39219.17,56574.57125,2197.88958,1408558,0.5285769778,0.7796672695,1440,0.21408317,0.1398516756,1440,21.408317,0.1046711822,,0,0.1130420003
2022-02-26 00:00:00+00:00,39116.72,29361.2568,1152.62172,924257,0.4992611883,0.5771842444,1440,0.2444380894,0.2341784561,1440,24.44380894,0.0226931417,,0,0.1063232465
2022-02-27 00:00:00+00:00,37699.07,46229.44719,1780.512703,1265753,0.4713283875,0.7511452331,1440,0.3172504485,0.316561076,1440,31.72504485,0.2073255153,,0,0.1083171472
2022-02-28 00:00:00+00:00,43160,73945.63858,2975.160226,1931087,0.5212448161,1.011685076,1440,0.2877676732,0.4105557305,1440,28.77676732,0.45469388,,0,0.1136566761
2022-03-01 00:00:00+00:00,44421.2,61743.09873,2701.611024,1866871,0.5010688075,0.7282955244,1440,0.2895693004,0.302438399,1440,28.95693004,0.1066130258,,0,0.1168648456
2022-03-02 00:00:00+00:00,43892.98,57782.65081,2550.792948,1653131,0.4953755617,0.7706087468,1440,0.2571137378,0.296838082,1440,25.71137378,0.04689692496,,0,0.09043652511
2022-03-03 00:00:00+00:00,42454,50940.61021,2192.152098,1289320,0.4797429993,0.6239702743,1440,0.1897007704,0.2000383072,1440,18.97007704,0.1520572483,,0,0.09836993601
2022-03-04 00:00:00+00:00,39148.66,61964.68498,2527.001271,1465066,0.4732150779,0.7936576379,1440,0.2429557448,0.2687742609,1440,24.29557448,0.3207554473,,0,0.1087153917
2022-03-05 00:00:00+00:00,39397.96,30363.13341,1187.689935,879727,0.488968452,0.4514191449,1440,0.2855158422,0.2718680673,1440,28.55158422,0.05344697809,,0,0.1064327191
2022-03-06 00:00:00+00:00,38420.81,39677.26158,1542.25801,986352,0.4802540022,0.636239425,1440,0.351352443,0.3591617,1440,35.1352443,0.1628443378,,0,0.09273501307
2022-03-07 00:00:00+00:00,37988,63994.11559,2449.362162,1456041,0.4944438572,0.792112676,1440,0.261899058,0.2104531831,1440,26.1899058,0.04625252927,,0,0.08277617506
2022-03-08 00:00:00+00:00,38730.63,55583.06638,2149.652715,1271128,0.5031041904,0.8197314632,1440,0.4193112186,0.2529891347,1440,41.93112186,0.0900631034,,0,0.06737550471
2022-03-09 00:00:00+00:00,41941.71,67392.58799,2797.240841,1570230,0.5133850556,0.7027095023,1440,0.2435499101,0.3042398333,1440,24.35499101,0.2847450107,,0,0.08413920789
2022-03-10 00:00:00+00:00,39422,71962.93154,2854.310741,1512655,0.4697456571,0.8555573909,1440,0.3242768838,0.3927758192,1440,32.42768838,0.2170638262,,0,0.09411315321
2022-03-11 00:00:00+00:00,38729.57,59018.7642,2305.825016,1252571,0.4938771736,0.7385312475,1440,0.2826031648,0.250476333,1440,28.26031648,0.07685164756,,0,0.08109775916
2022-03-12 00:00:00+00:00,38807.36,24034.36432,939.6633873,671733,0.493874036,0.3836127541,1440,0.2632189459,0.2428349575,1440,26.32189459,0.02135369355,1.715334175,0.3756683685,0.07306877422
2022-03-13 00:00:00+00:00,37777.34,32791.82359,1268.441605,841844,0.4620151919,0.5011782482,1440,0.2007273154,0.4641905739,1440,20.07273154,0.2120749373,,0,0.07468534165
2022-03-14 00:00:00+00:00,39671.37,46945.45375,1821.922588,1114899,0.5143578439,0.6522746787,1440,0.273745613,0.3370687999,1440,27.3745613,0.2685093054,,0,0.1069600985
2022-03-15 00:00:00+00:00,39280.33,46015.54926,1796.571984,1060517,0.4923967156,0.5755682871,1440,0.226138705,0.2390630741,1440,22.6138705,0.05513769699,,0,0.0941913104
2022-03-16 00:00:00+00:00,41114,88120.76167,3552.563766,2051837,0.5006726656,1.113063878,1440,0.3374714022,0.3693263683,1440,33.74714022,0.1284278466,,0,0.08980758157
2022-03-17 00:00:00+00:00,40917.9,37189.38087,1521.08319,935784,0.4996313548,0.4927092162,1440,0.2736547644,0.257461416,1440,27.36547644,0.03143204801,1.959783849,0,0.07583430105
2022-03-18 00:00:00+00:00,41757.51,45408.00969,1862.337033,1065054,0.4927528804,0.5125930793,1440,0.210793958,0.2816961139,1440,21.0793958,0.1090656249,,0,0.07652816169
2022-03-19 00:00:00+00:00,42201.13,29067.18108,1216.709156,801197,0.4975735845,0.3801889257,1440,0.2619512498,0.2886301522,1440,26.19512498,0.08685463176,1.82733376,0,0.08048542066
2022-03-20 00:00:00+00:00,41262.11,30653.33468,1273.880705,799695,0.477492148,0.4039088519,1440,0.2110858687,0.24547801,1440,21.10858687,0.1766441111,1.332949051,0,0.08591133621
2022-03-21 00:00:00+00:00,41002.25,39426.24877,1618.789548,947206,0.4839270059,0.4872247387,1440,0.2357533968,0.2285742762,1440,23.57533968,0.03902732269,1.549050405,0,0.08789895734
2022-03-22 00:00:00+00:00,42364.13,59454.94294,2525.975508,1367343,0.5082091809,0.6384848475,1440,0.2130685717,0.4041689801,1440,21.30685717,0.1293562438,,0,0.0961342412
2022-03-23 00:00:00+00:00,42882.76,40828.87039,1725.787171,916671,0.4950257249,0.4693504982,1440,0.1940873308,0.1886045613,1440,19.40873308,0.07050618379,,0,0.07327440131
2022-03-24 00:00:00+00:00,43991.46,56195.12374,2436.258224,1202541,0.4976072661,0.5113219434,1440,0.1740899377,0.20824931,1440,17.40899377,0.1047739667,,0,0.09051815966
2022-03-25 00:00:00+00:00,44313.16,54614.43648,2421.153188,1141588,0.5093771802,0.4560825247,1440,0.1414423312,0.1911621282,1440,14.14423312,0.03009381754,,0,0.09161337945
2022-03-26 00:00:00+00:00,44511.27,23041.61741,1022.802858,693647,0.4957373437,0.2874929932,1440,0.2091927969,0.2360472465,1440,20.91927969,0.04361267768,1.291404399,0,0.08565814877
2022-03-27 00:00:00+00:00,46827.76,41874.91071,1907.019662,1135096,0.5176093764,0.5377161075,1440,0.1839321094,0.4849781006,1440,18.39321094,0.2660369735,,0,0.08549050512
2022-03-28 00:00:00+00:00,47122.21,58949.2614,2789.898403,1498975,0.4936068154,0.4947883009,1440,0.1508526956,0.2207546543,1440,15.08526956,0.02246766513,3.139816353,0.6421977321,0.1212667002
2022-03-29 00:00:00+00:00,47434.8,36772.28457,1748.600385,1095678,0.4947305943,0.4419954243,1440,0.2899523549,0.2848558586,1440,28.99523549,0.03781136516,1.566110329,0,0.08817013324
2022-03-30 00:00:00+00:00,47067.99,40947.2085,1932.15256,1081607,0.5103262165,0.4402911352,1440,0.2199752304,0.2607803123,1440,21.99752304,0.04017790602,1.315215616,0,0.09127609155
2022-03-31 00:00:00+00:00,45510.34,48645.12667,2262.485161,1290541,0.4703343345,0.4915365802,1440,0.1887480926,0.2542508833,1440,18.87480926,0.1487461657,,1.293104589,0.09563223392
2022-04-01 00:00:00+00:00,46283.49,56271.06474,2556.532891,1372216,0.4983267393,0.5406285153,1440,0.193294811,0.2083432758,1440,19.3294811,0.0658929803,,0,0.09799158341
2022-04-02 00:00:00+00:00,45811,37073.53582,1721.690754,1056716,0.5007057023,0.5202836699,1440,0.2898782939,0.3371655509,1440,28.98782939,0.05959881613,3.134189235,0.5874888031,0.07830552992
2022-04-03 00:00:00+00:00,46407.35,33394.67794,1550.999693,966563,0.50128289,0.4933093723,1440,0.3251258527,0.3462221266,1440,32.51258527,0.08338889403,3.667559072,2.303895798,0.06843591569
2022-04-04 00:00:00+00:00,46580.51,44641.87514,2053.434524,1171998,0.4908629279,0.5169535323,1440,0.2064232724,0.2635358121,1440,20.64232724,0.01813723008,2.224460112,0,0.07767030438
2022-04-05 00:00:00+00:00,45497.55,42192.74852,1951.668193,1046080,0.4884151441,0.4623979165,1440,0.1907180565,0.2154244038,1440,19.07180565,0.1205314255,2.686572415,1.282491659,0.09058473423
2022-04-06 00:00:00+00:00,43170.47,60849.32936,2700.644701,1471912,0.4842663694,0.6962355627,1440,0.219258579,0.1991383264,1440,21.9258579,0.1944046236,,0,0.08578669807
2022-04-07 00:00:00+00:00,43444.19,37396.54156,1623.879487,999816,0.4964967137,0.5345259866,1440,0.2490062784,0.2513235452,1440,24.90062784,0.03892178704,2.581704243,0.8642438304,0.08317650659
2022-04-08 00:00:00+00:00,42252.01,42375.04203,1830.699972,1108136,0.4844965941,0.5701547652,1440,0.2849150742,0.2853986497,1440,28.49150742,0.1519921322,,0,0.07942185163
2022-04-09 00:00:00+00:00,42753.97,17891.66047,759.2745866,640230,0.4980237471,0.3188227329,1440,0.2566720496,0.2863561127,1440,25.66720496,0.1555449127,2.085950648,0.9729121002,0.09325992432
2022-04-10 00:00:00+00:00,42158.85,22771.09403,971.4597375,678983,0.4809715996,0.4002955209,1440,0.267268933,0.4212825148,1440,26.7268933,0.1442924416,1.674862885,0.7591141158,0.08273396949
2022-04-11 00:00:00+00:00,39530.45,63560.44721,2602.039073,1385924,0.4805355681,0.6900932192,1440,0.1484554783,0.1835688356,1440,14.84554783,0.2473958461,,0,0.1026010689
2022-04-12 00:00:00+00:00,40074.94,57751.01778,2309.514072,1153667,0.4908138241,0.6005528667,1440,0.2703285726,0.2600891937,1440,27.03285726,0.05923298094,4.211265475,0.4110283469,0.09354555486
2022-04-13 00:00:00+00:00,41147.79,41342.27254,1677.171454,948061,0.4964058754,0.54171624,1440,0.2908061808,0.2880251857,1440,29.08061808,0.1575212741,1.050263247,0,0.07288351191
2022-04-14 00:00:00+00:00,39942.38,36807.01401,1494.726286,803756,0.4832725981,0.4514918742,1440,0.2220613317,0.2373388048,1440,22.20613317,0.1989147071,1.012616308,0,0.08596475328
2022-04-15 00:00:00+00:00,40551.9,24026.35739,966.8884368,616536,0.4892770135,0.4095726198,1440,0.299102681,0.3172972572,1440,29.9102681,0.1566335786,1.800451233,0,0.07770927694
2022-04-16 00:00:00+00:00,40378.71,15805.44718,638.2755039,423446,0.4835283901,0.2812800836,1440,0.2865055006,0.3586001185,1440,28.65055006,0.06705520273,1.919926971,0.262814299,0.07784722966
2022-04-17 00:00:00+00:00,39678.12,19988.49259,803.414249,590241,0.4792214964,0.3463538253,1440,0.2987730986,0.3586910651,1440,29.87730986,0.217854782,2.429054892,0.5447121972,0.08474328256
2022-04-18 00:00:00+00:00,40801.13,54243.49575,2153.574976,1157741,0.4995473351,0.674406564,1440,0.2487105632,0.5156525229,1440,24.87105632,0.1295978787,2.951800942,0,0.09355520894
2022-04-19 00:00:00+00:00,41493.18,35788.85843,1472.363265,934526,0.4975519153,0.3946447619,1440,0.2094407733,0.2824954666,1440,20.94407733,0.1142333531,1.112661483,0,0.08061176304
2022-04-20 00:00:00+00:00,41358.19,40877.35041,1697.039284,1063843,0.4894469928,0.4203037582,1440,0.2807141924,0.3498146864,1440,28.07141924,0.01920173127,2.449897885,0,0.08190168948
2022-04-21 00:00:00+00:00,40480.01,59316.27657,2476.061418,1515456,0.4958823645,0.5580458178,1440,0.2234234262,0.3374309306,1440,22.34234262,0.08667876727,,0,0.08110743181
2022-04-22 00:00:00+00:00,39709.18,46664.0196,1870.172362,1043471,0.4982149549,0.5569949674,1440,0.2741759247,0.1975610365,1440,27.41759247,0.1028026998,3.611417616,0.9343507344,0.07371819758
2022-04-23 00:00:00+00:00,39441.6,20291.42375,804.6770229,724132,0.5035233094,0.312402638,1440,0.2050027075,0.2128920176,1440,20.50027075,0.08402499592,0.8862917559,0.3542835406,0.0632016777
2022-04-24 00:00:00+00:00,39450.13,26703.61186,1056.336243,868183,0.4733330591,0.4685423935,1440,0.2210255808,0.3795818571,1440,22.10255808,0.002047129742,4.315997739,1.344431972,0.08298465759
2022-04-25 00:00:00+00:00,40426.08,63037.12784,2470.071005,1280351,0.5069773428,0.6969259829,1440,0.2852581878,0.2925874406,1440,28.52581878,0.098935531,,0,0.09521142659
2022-04-26 00:00:00+00:00,38112.65,66650.258,2615.206862,1381618,0.4791720716,0.6489019784,1440,0.205669408,0.2155395281,1440,20.5669408,0.2253315945,5.334860866,0,0.07574747566
2022-04-27 00:00:00+00:00,39235.72,57083.12272,2218.523642,1232083,0.5070165711,0.6296159242,1440,0.2595606287,0.2067634928,1440,25.95606287,0.1309037587,5.029005556,1.766371168,0.08024272589
2022-04-28 00:00:00+00:00,39742.07,56086.6715,2223.808386,1135242,0.5084891923,0.6572786589,1440,0.2569737901,0.2542543512,1440,25.69737901,0.05766129875,2.767387895,0,0.06729938351
2022-04-29 00:00:00+00:00,38596.11,51453.65715,2006.135663,1101140,0.481474142,0.5310516034,1440,0.1287577464,0.1344159688,1440,12.87577464,0.1458467176,,0,0.08078778282
2022-04-30 00:00:00+00:00,37630.8,35321.18989,1354.900532,1017369,0.4678050264,0.378698295,1440,0.06410942518,0.1438459005,1440,6.410942518,0.1869408829,0.7009856247,1.234008371,0.13042755
2022-05-01 00:00:00+00:00,38468.35,38812.24104,1478.259272,1021157,0.5037358562,0.4748833466,1440,0.09267271774,0.0998398895,1440,9.267271774,0.1489113695,3.251635421,0.4114053042,0.1609829276
2022-05-02 00:00:00+00:00,38525.16,53200.92628,2058.450718,1053893,0.5127033967,0.5641898649,1440,0.06929818893,0.06130757301,1440,6.929818893,0.007169027907,2.852842725,0,0.1045968238
2022-05-03 00:00:00+00:00,37728.95,40316.45358,1539.320434,1005131,0.4961439227,0.3930590859,1440,0.053677284,0.05826032438,1440,5.3677284,0.1356691538,3.143757327,0.7873750952,0.08972211029
2022-05-04 00:00:00+00:00,39690,62574.61736,2438.553987,1238847,0.5268617023,0.529809426,1440,0.1102139976,0.1663311915,1440,11.02139976,0.2077934825,0.8687080288,0,0.1002445746
2022-05-05 00:00:00+00:00,36552.97,88722.43355,3329.684236,1979692,0.4709794275,0.7552036775,1440,0.1252641758,0.316895442,1440,12.52641758,0.247281182,,0,0.101029982
2022-05-06 00:00:00+00:00,36013.77,68437.80187,2466.507512,1214518,0.5046395781,0.7161710113,1440,0.05316091779,0.06321348325,1440,5.316091779,0.06025149346,3.69863604,0,0.09156464759
2022-05-07 00:00:00+00:00,35472.39,34281.70682,1222.539414,746488,0.4487871147,0.4392533516,1440,0.09612345815,0.161079249,1440,9.612345815,0.1238955387,4.355552492,1.499746035,0.09505537611
2022-05-08 00:00:00+00:00,34038.4,72445.64344,2498.36516,1301451,0.4465422324,0.660622028,1440,0.04184716934,0.04194446282,1440,4.184716934,0.1651694035,,0,0.151218033
2022-05-09 00:00:00+00:00,30076.31,191876.9264,6166.367111,2564538,0.4510128663,1.267786547,1440,0.05687000589,0.06714721187,1440,5.687000589,0.200687825,3.701555761,0,0.1517412785
2022-05-10 00:00:00+00:00,31017.1,165532.0031,5179.856929,2470325,0.4451779397,1.259098251,1440,0.139546057,0.07291719321,1440,13.9546057,0.05946273621,,0,0.1338094193
2022-05-11 00:00:00+00:00,29103.94,207063.7393,6300.295995,3559270,0.4811181225,2.058907129,1440,0.1991401965,0.1774066714,1440,19.91401965,0.1010509747,10.50086619,5.631629704,0.08883364952
2022-05-12 00:00:00+00:00,29029.75,204507.2631,5795.451311,3951233,0.4961451085,2.018686195,1440,0.2392853246,0.1115827239,1440,23.92853246,0.004404133252,,0,0.07993977024
2022-05-13 00:00:00+00:00,29287.05,97872.36957,2956.855805,2051900,0.4988918512,1.071615253,1440,0.2979096711,0.2104871395,1440,29.79096711,0.02984343222,,0,0.0623905814
2022-05-14 00:00:00+00:00,30086.74,51095.87863,1501.483454,1204626,0.5070501192,0.7380673303,1440,0.2045365029,0.1513889339,1440,20.45365029,0.1794165914,,0,0.07824381549
2022-05-15 00:00:00+00:00,31328.89,46275.66912,1401.499926,1016769,0.5221612666,0.7046183189,1440,0.2629835169,0.2164642431,1440,26.29835169,0.2886631041,3.175644298,0,0.07733743861
2022-05-16 00:00:00+00:00,29874.01,73082.19658,2185.567736,1561954,0.4964828028,0.8165409731,1440,0.2900451413,0.240463943,1440,29.00451413,0.2175718585,,0,0.07024309701
2022-05-17 00:00:00+00:00,30444.93,56724.13307,1715.109131,1175382,0.5042009605,0.6440062045,1440,0.2253171959,0.2363723198,1440,22.53171959,0.1103755199,,0,0.06760143337
2022-05-18 00:00:00+00:00,28715.32,59749.15799,1762.843836,1379212,0.4937603923,0.6912661359,1440,0.2692198054,0.2295194339,1440,26.92198054,0.3317860515,2.673133404,2.092117154,0.07543014902
2022-05-19 00:00:00+00:00,30319.23,67877.36415,2014.360136,1860780,0.5206398085,0.7003244018,1440,0.2500102293,0.2609220684,1440,25.00102293,0.269819609,1.811057376,0,0.07193348685
2022-05-20 00:00:00+00:00,29201.01,60517.25325,1800.589029,1694004,0.510439579,0.6366520751,1440,0.1925072493,0.1848538994,1440,19.25072493,0.2087031874,1.704217883,1.594681274,0.07917239915
2022-05-21 00:00:00+00:00,29445.06,20987.13124,616.194664,643486,0.5031144438,0.3854862157,1440,0.2992137079,0.2901513597,1440,29.92137079,0.1350686214,,0,0.07919098766
2022-05-22 00:00:00+00:00,30293.94,36158.98748,1082.530816,862880,0.51268307,0.5089919799,1440,0.2448547699,0.295013237,1440,24.48547699,0.2625471534,3.473057238,1.402359891,0.07550762166
2022-05-23 00:00:00+00:00,29109.15,63901.49932,1914.305818,1328317,0.4769319724,0.6209117197,1440,0.09950911755,0.1434680179,1440,9.950911755,0.2084052318,3.672010854,1.712212139,0.07894710224
2022-05-24 00:00:00+00:00,29654.58,59442.96036,1740.257602,946421,0.4959389062,0.5106861485,1440,0.08407358514,0.1875001828,1440,8.407358514,0.1066740036,,0,0.1119215138
2022-05-25 00:00:00+00:00,29542.15,59537.38659,1771.708175,985440,0.4845185108,0.5430405081,1440,0.08472210775,0.1147932141,1440,8.472210775,0.0214399033,,0,0.1095687418
2022-05-26 00:00:00+00:00,29201.35,94581.65463,2759.05541,1431112,0.4779664126,0.7434457718,1440,0.03724533276,0.08602285844,1440,3.724533276,0.04205466841,,0,0.1240823407
2022-05-27 00:00:00+00:00,28629.8,90998.5201,2626.515959,1321406,0.4790193723,0.6870033281,1440,0.03515369313,0.05923225583,1440,3.515369313,0.075258662,,0,0.1266438409
2022-05-28 00:00:00+00:00,29031.33,34479.35127,994.6742576,684423,0.5093255529,0.3583614341,1440,0.05297413665,0.08089918025,1440,5.297413665,0.1400202946,1.044081217,1.288027203,0.1430425298
2022-05-29 00:00:00+00:00,29468.1,27567.34764,804.7775326,635311,0.4982498131,0.3100063388,1440,0.1981458694,0.3917169513,1440,19.81458694,0.1855510381,1.407873879,0.7338492454,0.1399659456
2022-05-30 00:00:00+00:00,31734.22,96785.9476,2980.527582,1380410,0.4651962134,0.6893977938,1440,0.04125531889,0.1206290746,1440,4.125531889,0.248570998,,0.4283550471,0.1337837146
2022-05-31 00:00:00+00:00,31801.04,62433.11632,1981.259117,1161340,0.4812663035,0.5274483879,1440,0.0600680833,0.07105375254,1440,6.00680833,0.0106164798,,0,0.1778007851
2022-06-01 00:00:00+00:00,29805.83,103395.6338,3171.191028,1404611,0.4605108581,0.6308629658,1440,0.03582244226,0.0988155959,1440,3.582244226,0.2043238049,,0,0.1171015325
2022-06-02 00:00:00+00:00,30452.62,56961.42928,1711.652906,1086183,0.5013052943,0.5964776167,1440,0.2819919727,0.390041204,1440,28.19919727,0.1254227484,,0,0.1533701891
2022-06-03 00:00:00+00:00,29700.21,54067.44727,1615.616951,993769,0.4916683282,0.4781906465,1440,0.1740684497,0.2339522636,1440,17.40684497,0.1548505458,,0.4405590647,0.08236169756
2022-06-04 00:00:00+00:00,29864.04,25617.90113,760.8743295,618037,0.5063539177,0.3324241187,1440,0.1353885116,0.2724362732,1440,13.53885116,0.07229793821,2.244682163,0,0.07181234273
2022-06-05 00:00:00+00:00,29919.21,23139.9281,691.2015282,604680,0.5079321327,0.3396095137,1440,0.2195987563,0.3602617968,1440,21.95987563,0.02670231362,,0,0.07655219574
2022-06-06 00:00:00+00:00,31373.1,68836.92456,2149.499897,1124745,0.4971973886,0.5289420904,1440,0.09114873435,0.1250157888,1440,9.114873435,0.2207494353,,0,0.09239941785
2022-06-07 00:00:00+00:00,31125.33,110674.5166,3347.397953,1743957,0.4954305005,0.9039136478,1440,0.06581355195,0.08219245093,1440,6.581355195,0.02368669881,,0,0.1052546251
2022-06-08 00:00:00+00:00,30204.77,68542.61276,2087.270428,1236327,0.4766146013,0.7077619267,1440,0.1044509057,0.1004237658,1440,10.44509057,0.1438342526,,0,0.1111283017
2022-06-09 00:00:00+00:00,30109.93,46291.1865,1399.839074,841562,0.4986325531,0.4503538805,1440,0.07415011711,0.06162995573,1440,7.415011711,0.02246573414,,1.099349404,0.08089037808
2022-06-10 00:00:00+00:00,29091.88,76204.2498,2255.866294,1258608,0.465882281,0.7053838708,1440,0.05777887284,0.1577147858,1440,5.777887284,0.152473222,3.251286728,0.9391639869,0.1183902111
2022-06-11 00:00:00+00:00,28424.7,65901.39895,1892.007188,1084163,0.4832724541,0.574838204,1440,0.07101039192,0.0765011777,1440,7.101039192,0.122624333,,0,0.1055504997
2022-06-12 00:00:00+00:00,26574.53,92474.59881,2551.767136,1451271,0.4708188732,0.8463441159,1440,0.1323730145,0.1794070813,1440,13.23730145,0.2637593621,2.824481613,0,0.09195758285
2022-06-13 00:00:00+00:00,22487.41,254611.035,6192.246037,3261484,0.4768000576,1.74729576,1440,0.1552312259,0.1259825735,1440,15.52312259,0.269688317,,0,0.08359115677
2022-06-14 00:00:00+00:00,22136.41,187201.6467,4136.108699,2583151,0.4955337973,1.714173663,1440,0.2759293165,0.2188755988,1440,27.59293165,0.03803534678,,0,0.07392138394
2022-06-15 00:00:00+00:00,22583.72,200774.4935,4249.276481,2847831,0.489803762,1.8030742,1440,0.2538387407,0.2302022461,1440,25.38387407,0.04707984671,,0,0.08826314468
2022-06-16 00:00:00+00:00,20401.31,99673.59429,2130.03716,1690477,0.4820621019,1.125133356,1440,0.2533909577,0.1895789383,1440,25.33909577,0.477128663,2.306661834,0,0.07120435776
2022-06-17 00:00:00+00:00,20468.81,86694.33663,1796.575393,1352992,0.4967676797,0.9038220899,1440,0.2417934747,0.1818840126,1440,24.17934747,0.01838581152,,0,0.06616997684
2022-06-18 00:00:00+00:00,18970.79,196441.6555,3726.639822,2467372,0.4915456673,1.540485377,1440,0.07512940246,0.1692581623,1440,7.512940246,0.203941996,,0,0.1210867419
2022-06-19 00:00:00+00:00,20574,128320.876,2487.561782,1950660,0.5133367558,1.412825633,1440,0.2860954104,0.2947931984,1440,28.60954104,0.3261334674,,0,0.1127864441
2022-06-20 00:00:00+00:00,20573.89,109028.9415,2220.396382,1639448,0.4957199804,1.125119956,1440,0.251279276,0.2000141637,1440,25.1279276,2.407934115e-05,,0,0.07838513085
2022-06-21 00:00:00+00:00,20723.52,104371.0749,2198.596137,1515321,0.5000747162,0.9004037744,1440,0.1800398801,0.1786912041,1440,18.00398801,0.03295962759,,0,0.07206825557
2022-06-22 00:00:00+00:00,19987.99,92133.97938,1872.204589,1394981,0.4874130569,0.9554886072,1440,0.249392642,0.2515482918,1440,24.9392642,0.1930221417,,0,0.07421590606
2022-06-23 00:00:00+00:00,21110.13,83127.08716,1710.694866,1207858,0.5138738607,0.7971018872,1440,0.223232728,0.2480515976,1440,22.3232728,0.3192938025,6.135220702,2.63043039,0.07409784113
2022-06-24 00:00:00+00:00,21237.69,77430.36622,1635.129191,1309709,0.4982847364,0.7122825366,1440,0.188563782,0.1666427267,1440,18.8563782,0.03684365351,3.52743841,0,0.06837098405
2022-06-25 00:00:00+00:00,21491.19,51431.67794,1093.873138,874540,0.4907516618,0.5392794113,1440,0.2285849329,0.2510399726,1440,22.85849329,0.1084737334,2.528031941,0.3443971936,0.06016882952
2022-06-26 00:00:00+00:00,21038.07,53278.10464,1139.258367,885306,0.4889656623,0.5236123102,1440,0.2049163034,0.2869782137,1440,20.49163034,0.1870465094,3.186293489,1.43770699,0.06124436661
2022-06-27 00:00:00+00:00,20742.56,64475.0013,1354.369226,1002214,0.4961994534,0.5783534628,1440,0.2047456522,0.2564350733,1440,20.47456522,0.1044473338,3.826095581,1.018257167,0.06200394953
2022-06-28 00:00:00+00:00,20281.29,63801.0832,1321.862978,1064497,0.4779038817,0.5369566897,1440,0.175551236,0.2318451616,1440,17.5551236,0.1701299028,3.749061356,1.790388088,0.06528789606
2022-06-29 00:00:00+00:00,20123.01,77309.04379,1556.54979,1210636,0.4891293403,0.6045356352,1440,0.1325194558,0.1605786897,1440,13.25194558,0.05033471971,2.688184433,1.064242766,0.07527218677
2022-06-30 00:00:00+00:00,19942.21,93846.64806,1808.994369,1438163,0.4842792551,0.7857932655,1440,0.1966961553,0.3318450077,1440,19.66961553,0.04989150709,,0,0.08823905068
2022-07-01 00:00:00+00:00,19279.8,111844.5949,2197.01637,1668363,0.5044286482,0.9703345427,1440,0.3730758178,0.3873327774,1440,37.30758178,0.1537570483,,0,0.07005531923
2022-07-02 00:00:00+00:00,19252.81,46180.3021,888.4155369,833508,0.5130739019,0.4799944785,1440,0.2822780705,0.3383728367,1440,28.22780705,0.01576842727,2.228047032,0,0.04890388432
2022-07-03 00:00:00+00:00,19315.83,51087.46631,980.2558914,880786,0.4964419798,0.5840903853,1440,0.1964151388,0.3428823984,1440,19.64151388,0.03333765092,,0,0.04414620232
2022-07-04 00:00:00+00:00,20236.71,74814.04601,1470.987696,1282843,0.5151936898,0.6080043184,1440,0.213372526,0.3185996331,1440,21.3372526,0.3166125384,,0,0.04700875132
2022-07-05 00:00:00+00:00,20175.83,96041.13756,1919.95011,1612273,0.5035183495,0.6824164037,1440,0.1536658238,0.179950674,1440,15.36658238,0.01569274352,,0,0.05912364583
2022-07-06 00:00:00+00:00,20564.51,82439.5808,1665.481948,1472221,0.5043782844,0.7202461172,1440,0.2359890077,0.1849310979,1440,23.59890077,0.1145699669,,0,0.06152109948
2022-07-07 00:00:00+00:00,21624.98,85014.58261,1783.224086,1653722,0.5026377345,0.5631763634,1440,0.1639931515,0.1902012289,1440,16.39931515,0.281974396,,1.406825636,0.05420534172
2022-07-08 00:00:00+00:00,21594.75,403081.5735,8781.330157,4358216,0.5006383688,0.8552983675,1440,0.1711648532,0.3053014622,1440,17.11648532,0.001593036983,,0,0.03094563829
2022-07-09 00:00:00+00:00,21591.83,178417.8447,3857.190523,3524386,0.5011719443,0.5342929877,1440,0.1509380031,0.2251104412,1440,15.09380031,0.0003505846876,,0,0.02441999494
2022-07-10 00:00:00+00:00,20862.47,192188.2156,4062.79431,3434401,0.4962674388,0.5389672401,1440,0.1435678956,0.2542314733,1440,14.35678956,0.08458009137,2.758260989,0,0.02894710929
2022-07-11 00:00:00+00:00,19963.61,137535.4072,2813.718031,3232941,0.4861982234,0.5553573738,1440,0.1452230555,0.2369953296,1440,14.52230555,0.1565214931,,0,0.03058752377
2022-07-12 00:00:00+00:00,19328.75,139506.4586,2754.215439,3626399,0.4851468297,0.5980974642,1440,0.2139459895,0.3451589068,1440,21.39459895,0.1173382844,2.695530955,0.8207790799,0.04019158785
2022-07-13 00:00:00+00:00,20234.87,209250.2489,4096.306064,4789109,0.4954218008,1.022211664,1440,0.2493566177,0.4116146108,1440,24.93566177,0.1118415672,3.650688648,1.876171026,0.04841691777
2022-07-14 00:00:00+00:00,20588.84,174809.217,3526.210098,4576355,0.5033662386,0.7092409829,1440,0.2154741015,0.3338549464,1440,21.54741015,0.04917979118,0.6375649621,1.216194885,0.04058335444
2022-07-15 00:00:00+00:00,20830.04,143343.3049,2984.339734,4411375,0.4977905955,0.6458261336,1440,0.176693889,0.220350753,1440,17.6693889,0.03902703844,,1.100577333,0.0418606743
2022-07-16 00:00:00+00:00,21195.6,121011.6739,2539.616923,3723401,0.5059467459,0.560549445,1440,0.1881361995,0.3447062443,1440,18.81361995,0.06850417964,2.85278331,0,0.04241816685
2022-07-17 00:00:00+00:00,20798.16,118229.4525,2511.251393,4261057,0.5036896615,0.552421716,1440,0.1812439096,0.2512011981,1440,18.12439096,0.07537712778,,0,0.04871811711
2022-07-18 00:00:00+00:00,22432.58,239942.7313,5263.396812,6564387,0.5101147176,0.8718115118,1440,0.1627965771,0.2531882019,1440,16.27965771,0.1437281814,,0,0.04459220914
2022-07-19 00:00:00+00:00,23396.62,263770.7657,5954.419902,6488375,0.5037496619,1.102503712,1440,0.1262940443,0.1413794786,1440,12.62940443,0.07066549175,,3.595229142,0.04342343368
2022-07-20 00:00:00+00:00,23223.3,238762.1709,5631.801151,6364038,0.50184061,0.9257006995,1440,0.1459832493,0.219110716,1440,14.59832493,0.0132026722,,0,0.04957278106
2022-07-21 00:00:00+00:00,23152.19,184817.6819,4232.411759,4808194,0.5029756517,0.7649765316,1440,0.1760863815,0.2793200365,1440,17.60863815,0.007245770779,,1.742385763,0.04516129123
2022-07-22 00:00:00+00:00,22684.83,171598.4397,3981.394766,4745582,0.4954996587,0.6589535053,1440,0.1869832826,0.375143469,1440,18.69832826,0.05122063633,,0,0.03855356749
2022-07-23 00:00:00+00:00,22451.07,122137.7737,2745.262661,3762227,0.504101739,0.5654018893,1440,0.1697925928,0.2953607573,1440,16.97925928,0.03773097844,,0,0.03457432133
2022-07-24 00:00:00+00:00,22579.68,115189.6728,2610.817967,3671238,0.5042725874,0.5624214354,1440,0.1971231627,0.3425631053,1440,19.71231627,0.0218786309,0.5868353387,0,0.03744319316
2022-07-25 00:00:00+00:00,21310.9,180344.7664,3954.002949,4807238,0.4880759633,0.6615752641,1440,0.1623485346,0.3171666874,1440,16.23485346,0.1462611653,,1.805722937,0.04741908595
2022-07-26 00:00:00+00:00,21254.67,177817.2433,3738.774849,4545385,0.4912541596,0.602138596,1440,0.1410269601,0.2742875425,1440,14.10269601,0.007066600923,3.349614084,1.825508552,0.05113140943
2022-07-27 00:00:00+00:00,22952.45,210971.198,4614.909657,5475738,0.5048989078,0.7286633522,1440,0.158634483,0.3741580677,1440,15.8634483,0.1665212418,,0.3384592994,0.04376459368
2022-07-28 00:00:00+00:00,23842.93,236029.0741,5511.388548,6500034,0.5006616659,0.8241202724,1440,0.1013039003,0.1843633998,1440,10.13039003,0.06906254636,,0,0.055485159
2022-07-29 00:00:00+00:00,23773.75,198298.5062,4733.780641,6221401,0.5051253809,0.7398837777,1440,0.131138665,0.2922413497,1440,13.1138665,0.00613823651,3.234978076,2.040849863,0.05087404214
2022-07-30 00:00:00+00:00,23643.51,151060.1321,3634.601095,4801528,0.5016452174,0.6161497408,1440,0.1649633593,0.3822082478,1440,16.49633593,0.01511409917,,1.555200055,0.04633129218
2022-07-31 00:00:00+00:00,23293.32,127743.3248,3028.386331,4463721,0.4989492694,0.5737518398,1440,0.1943857107,0.4074343792,1440,19.43857107,0.04927388007,,0,0.04355527418
2022-08-01 00:00:00+00:00,23268.01,144210.1622,3346.37189,4775213,0.4955156748,0.5325462347,1440,0.1784052474,0.3613344571,1440,17.84052474,0.003248797206,2.570693477,0,0.04018550897
2022-08-02 00:00:00+00:00,22987.79,158073.2822,3631.020649,5066511,0.4942143536,0.6290731746,1440,0.2068618141,0.38588834,1440,20.68618141,0.03336871803,,0,0.04409252286
2022-08-03 00:00:00+00:00,22818.37,145948.8099,3385.430754,4887642,0.4957598233,0.523147436,1440,0.1804083648,0.4181572055,1440,18.04083648,0.02185037187,4.005542386,2.198539372,0.04364548283
2022-08-04 00:00:00+00:00,22622.98,154854.6702,3537.434334,4966138,0.4915823375,0.5161308068,1440,0.1353010527,0.3823668782,1440,13.53010527,0.02431058407,,0,0.04123281996
2022-08-05 00:00:00+00:00,23312.42,175251.6975,4046.435951,5340569,0.5035075611,0.5375458729,1440,0.1587637694,0.41465826,1440,15.87637694,0.07418889683,,0.6630552722,0.0411525379
2022-08-06 00:00:00+00:00,22954.21,83911.80307,1944.693657,3360228,0.4938396576,0.306899373,1440,0.1600122987,0.3225305758,1440,16.00122987,0.07962644276,1.521005923,0.8252594391,0.03740275828
2022-08-07 00:00:00+00:00,23174.39,88890.00877,2051.763045,3646643,0.5033738243,0.3174849169,1440,0.1568202482,0.5034377279,1440,15.68202482,0.04652792492,2.659549089,1.435469463,0.03230237143
2022-08-08 00:00:00+00:00,23810,170958.4415,4078.052111,5892045,0.502708708,0.449840237,1440,0.1284645042,0.3121598394,1440,12.84645042,0.066349988,1.209631142,0.9438345964,0.03977174026
2022-08-09 00:00:00+00:00,23149.95,143182.5086,3347.110919,5105613,0.4930684637,0.4052053043,1440,0.1232408345,0.3461506553,1440,12.32408345,0.08399195747,2.086815782,0.8689946782,0.03706633277
2022-08-10 00:00:00+00:00,23954.05,208916.5495,4918.825599,6818207,0.5028175772,0.6819956457,1440,0.1414938104,0.4723322834,1440,14.14938104,0.0694165517,,0,0.05018294872
2022-08-11 00:00:00+00:00,23934.39,249759.7956,6097.813763,8269994,0.5004885071,0.6046524038,1440,0.07425059107,0.1081815977,1440,7.425059107,0.001346507223,,0,0.04571503721
2022-08-12 00:00:00+00:00,24403.68,174207.5704,4175.834602,6134163,0.5010305953,0.4561709029,1440,0.1723156792,0.4243359722,1440,17.23156792,0.04649993503,1.922249368,0.3229472032,0.03722702859
2022-08-13 00:00:00+00:00,24441.38,152852.2544,3751.417148,5617859,0.4995183377,0.4283256741,1440,0.1124661319,0.2724479754,1440,11.24661319,0.004114863426,2.597369369,0.8231944349,0.03725362545
2022-08-14 00:00:00+00:00,24305.24,151206.1447,3708.565145,5473905,0.4979756203,0.4288774279,1440,0.1215282391,0.2627269868,1440,12.15282391,0.01506143843,3.056781548,1.663576954,0.03440630041
2022-08-15 00:00:00+00:00,24094.82,242539.5476,5894.066099,7488466,0.4959375321,0.5716177107,1440,0.1261786904,0.2630202162,1440,12.61786904,0.01475226979,,0,0.03719104114
2022-08-16 00:00:00+00:00,23854.74,179324.9482,4294.907692,5978567,0.5008369178,0.4540983078,1440,0.1464205554,0.2888361803,1440,14.64205554,0.02331584432,0.6279968093,0.3890203215,0.03530601086
2022-08-17 00:00:00+00:00,23342.66,210668.6877,4993.659434,6901586,0.4991671095,0.5741990383,1440,0.155721112,0.4368863481,1440,15.5721112,0.04345581073,5.256735195,2.658151339,0.03912535274
2022-08-18 00:00:00+00:00,23191.2,144185.9701,3375.338942,6029662,0.4984122297,0.3436115837,1440,0.1396085465,0.3072610239,1440,13.96085465,0.01928603777,,0.4878291761,0.03787344891
2022-08-19 00:00:00+00:00,20834.39,283995.8775,6181.759253,8860928,0.491562806,1.073003492,1440,0.2220502589,0.5037505873,1440,22.20502589,0.1733615063,6.781148343,3.821466654,0.03803752491
2022-08-20 00:00:00+00:00,21140.07,183041.6836,3871.242921,5723362,0.5018670763,0.5112248201,1440,0.156503107,0.3184983987,1440,15.6503107,0.03762436304,2.375580657,0.8223394609,0.03656505307
2022-08-21 00:00:00+00:00,21515.61,159200.6841,3405.034923,5034461,0.5040131728,0.4951277582,1440,0.1911756989,0.4405610866,1440,19.11756989,0.05171291016,3.544095756,2.04471658,0.03088509091
2022-08-22 00:00:00+00:00,21399.83,222222.0453,4721.412017,6443370,0.4991661713,0.5423051557,1440,0.1396822625,0.2214815601,1440,13.96822625,0.01142823399,2.565689285,0.9035212444,0.02844236668
2022-08-23 00:00:00+00:00,21529.12,200967.7716,4299.812534,6333442,0.5036742964,0.5165324084,1440,0.1674808922,0.33437893,1440,16.74808922,0.01400865555,,0,0.02888094001
2022-08-24 00:00:00+00:00,21368.08,174383.2205,3744.196824,5561412,0.4960330894,0.466535262,1440,0.1370708529,0.3388221589,1440,13.70708529,0.02005294587,2.971046461,1.056298828,0.03381863249
2022-08-25 00:00:00+00:00,21559.04,169915.783,3672.148287,5618785,0.4976292912,0.366087466,1440,0.1347702069,0.3212230119,1440,13.47702069,0.02422832015,,0,0.03430006669
2022-08-26 00:00:00+00:00,20241.05,273811.6196,5785.149465,7587244,0.4958910264,0.7745445816,1440,0.1677280829,0.5178953724,1440,16.77280829,0.1090421224,5.155654582,2.783894482,0.03670838023
2022-08-27 00:00:00+00:00,20037.6,162582.4603,3269.764074,5263328,0.4977350815,0.4807947773,1440,0.1627907666,0.434614261,1440,16.27907666,0.0308958437,3.823785705,1.636136969,0.04102403562
2022-08-28 00:00:00+00:00,19555.61,139307.9598,2781.133881,4678693,0.4979148881,0.3924720939,1440,0.1406643325,0.3903315316,1440,14.06643325,0.08754812899,2.488008297,0.8143837607,0.03042841388
2022-08-29 00:00:00+00:00,20285.73,210509.4954,4211.334409,5840323,0.502637006,0.4868014772,1440,0.1496569247,0.3923041446,1440,14.96569247,0.08704006342,4.117615131,0.8394081122,0.03153370676
2022-08-30 00:00:00+00:00,19811.66,256634.3553,5157.974827,6593178,0.4945521775,0.535049011,1440,0.1001835447,0.2588214632,1440,10.01835447,0.04584557065,2.262007993,0,0.04123520084
2022-08-31 00:00:00+00:00,20050.02,276946.6077,5595.829094,6389133,0.5072257846,0.5715759071,1440,0.1101057122,0.2542654607,1440,11.01057122,0.02137216451,2.685220716,0,0.03945897248
2022-09-01 00:00:00+00:00,20131.46,245289.9726,4893.158532,5937975,0.4939398255,0.5460482947,1440,0.1360763143,0.3790887116,1440,13.60763143,0.008284248919,1.089725475,1.03987208,0.03515724468
2022-09-02 00:00:00+00:00,19951.86,245986.6033,4946.88982,5740705,0.4984698589,0.4938064888,1440,0.1096547512,0.323797095,1440,10.96547512,0.01811520741,3.174720296,1.825086799,0.03411211406
2022-09-03 00:00:00+00:00,19831.9,146639.032,2908.816275,3739909,0.4947989411,0.3013543181,1440,0.1139979273,0.3628220591,1440,11.39979273,0.02073221248,0.7978653505,0.3826392761,0.03666012886
2022-09-04 00:00:00+00:00,20000.3,145588.7789,2883.227667,3838915,0.4999647763,0.3019350211,1440,0.1002573582,0.3468453189,1440,10.02573582,0.02932658136,0.4209240394,0,0.03589764722
2022-09-05 00:00:00+00:00,19796.84,222543.0106,4404.971192,4657233,0.4978186192,0.3232502995,1440,0.0812948195,0.2418662588,1440,8.12948195,0.02321228447,1.018720022,0,0.03877626152
2022-09-06 00:00:00+00:00,18790.61,356315.0572,6976.809188,7124384,0.4933326312,0.6401289739,1440,0.1027747971,0.4542409552,1440,10.27747971,0.07476921128,,0,0.04037910806
2022-09-07 00:00:00+00:00,19292.84,287394.7788,5436.827909,5597127,0.4965329049,0.4656659237,1440,0.1007999822,0.3323229344,1440,10.07999822,0.04851499089,1.093634666,0,0.0459624473
2022-09-08 00:00:00+00:00,19319.77,262813.2827,5057.217167,6013826,0.5000868197,0.4734212405,1440,0.1240724492,0.3556680526,1440,12.40724492,0.002758199386,,0,0.04059089807
2022-09-09 00:00:00+00:00,21360.11,428919.7465,8929.831333,7777214,0.5082051902,0.7187652258,1440,0.1028893143,0.4170803384,1440,10.28893143,0.1124279241,3.501565372,0,0.04663338188
2022-09-10 00:00:00+00:00,21648.34,307997.335,6589.753119,5615783,0.5005596598,0.4860766006,1440,0.1031890049,0.4295430605,1440,10.31890049,0.02034008408,,0,0.03786615355
2022-09-11 00:00:00+00:00,21826.87,280702.5515,6064.643643,4801844,0.5029233985,0.4431329091,1440,0.1157359348,0.4452903261,1440,11.57359348,0.01354243209,,0,0.03312050406
2022-09-12 00:00:00+00:00,22395.74,395395.6183,8743.762683,6979539,0.5045314904,0.6424279185,1440,0.1219163356,0.3630214845,1440,12.19163356,0.02942552711,2.557949519,0,0.03577219865
2022-09-13 00:00:00+00:00,20173.57,431915.0333,9302.239274,8126869,0.5027482855,0.9784783337,1440,0.1300356996,0.3482667422,1440,13.00356996,0.1123357799,,0,0.03810124413
2022-09-14 00:00:00+00:00,20226.71,340826.4015,6886.235197,6313052,0.4978209755,0.5973374927,1440,0.115580545,0.3905719864,1440,11.5580545,0.00382019533,,0,0.04212026797
2022-09-15 00:00:00+00:00,19701.88,333069.7608,6655.264974,6690974,0.4973514519,0.6479978468,1440,0.1423634883,0.3902821526,1440,14.23634883,0.03950247757,,0,0.03653194058
2022-09-16 00:00:00+00:00,19803.3,283791.0706,5584.012914,5120935,0.4971446249,0.5068458296,1440,0.115801469,0.3661418852,1440,11.5801469,0.00919505004,2.563087616,0,0.03155767995
2022-09-17 00:00:00+00:00,20113.62,179350.2434,3578.667843,3862666,0.4997015094,0.3578575804,1440,0.111775418,0.3706096265,1440,11.1775418,0.04344803076,2.344981178,1.288309854,0.03118456509
2022-09-18 00:00:00+00:00,19416.18,254217.469,5033.968948,4634096,0.4896618512,0.4564486717,1440,0.1186675549,0.4034201691,1440,11.86675549,0.07010464072,,0,0.03076784454
2022-09-19 00:00:00+00:00,19537.02,380512.4031,7215.196796,6820580,0.4973327786,0.8106831179,1440,0.1348219984,0.6041468524,1440,13.48219984,0.008599056128,,0,0.03899426896
2022-09-20 00:00:00+00:00,18875,324098.3286,6206.043205,5900070,0.4958875631,0.6581816345,1440,0.1823390292,0.4456857581,1440,18.23390292,0.05554719977,,0,0.03302876963
2022-09-21 00:00:00+00:00,18461.36,385034.1002,7338.66764,6907777,0.4942405655,1.494908587,1440,0.283781721,0.4642795231,1440,28.3781721,0.0301940312,24.64800567,12.68440494,0.03106958105
2022-09-22 00:00:00+00:00,19401.63,379321.7211,7203.741481,6251862,0.5034969284,0.6526326037,1440,0.1416427989,0.3516853627,1440,14.16427989,0.06896025367,1.341794708,0,0.03497736388
2022-09-23 00:00:00+00:00,19289.91,385886.9183,7330.336009,5906265,0.5049201683,0.6375460338,1440,0.1359345509,0.34198457,1440,13.59345509,0.007878113465,2.865406722,2.192977886,0.03015269995
2022-09-24 00:00:00+00:00,18920.5,239496.5675,4568.927984,3907636,0.5031441869,0.4346501647,1440,0.1353874811,0.4525158405,1440,13.53874811,0.04232102368,,0,0.03507502684
2022-09-25 00:00:00+00:00,18807.38,191191.4492,3625.136714,3714450,0.4968286859,0.3967422231,1440,0.1234969986,0.4243596185,1440,12.34969986,0.01654184328,1.433686052,0,0.03085482891
2022-09-26 00:00:00+00:00,19227.82,439239.2194,8356.95161,5837041,0.5022850633,0.5488335839,1440,0.1231219986,0.3714042884,1440,12.31219986,0.0264556308,1.805266303,0,0.02948959336
2022-09-27 00:00:00+00:00,19079.13,593260.7416,11705.77026,8152473,0.5001640759,0.7638821275,1440,0.1111151066,0.3210631785,1440,11.11151066,0.006631875537,,0,0.03129052743
2022-09-28 00:00:00+00:00,19412.82,521385.4555,9964.460007,7357437,0.500482663,0.7705228745,1440,0.1327973868,0.4266588186,1440,13.27973868,0.01740044624,1.971005398,2.806572449,0.03484630487
2022-09-29 00:00:00+00:00,19591.51,406424.9326,7868.786415,5631615,0.4999387568,0.6675057861,1440,0.1324823923,0.4432392066,1440,13.24823923,0.0116442817,,0,0.03537857955
2022-09-30 00:00:00+00:00,19422.61,444322.9534,8694.127254,6254203,0.4952025191,0.7442870745,1440,0.1020034402,0.3122995607,1440,10.20034402,0.009958972897,3.41386643,2.123692351,0.04204210054
2022-10-01 00:00:00+00:00,19310.95,165625.1396,3200.350295,2470590,0.4995267269,0.2813495196,1440,0.07903354456,0.3943493085,1440,7.903354456,0.01801539923,2.663724535,1.321020832,0.04643345885
2022-10-02 00:00:00+00:00,19056.8,206812.4703,3970.7248,3320217,0.4979011178,0.3680910707,1440,0.1042911632,0.5756739687,1440,10.42911632,0.03336493951,2.71115936,0,0.03713807858
2022-10-03 00:00:00+00:00,19629.08,293585.7521,5672.105806,4471910,0.502013245,0.4678471601,1440,0.1160350158,0.4620416484,1440,11.60350158,0.05216430705,3.403111801,1.319933777,0.03585924368
2022-10-04 00:00:00+00:00,20337.82,327012.0013,6533.42823,4871932,0.5065449105,0.4912358132,1440,0.09751563299,0.5305248446,1440,9.751563299,0.05429012994,2.696316109,1.670820071,0.03957365316
2022-10-05 00:00:00+00:00,20158.26,312239.7522,6275.437161,4540004,0.4972123254,0.4522649313,1440,0.09385990084,0.4704344772,1440,9.385990084,0.01413140905,,0.6575768939,0.04485305561
2022-10-06 00:00:00+00:00,19960.67,320122.1702,6452.892402,5085004,0.5046757568,0.4949287375,1440,0.11635506,0.4556235975,1440,11.635506,0.015264926,1.132144247,0.9798722835,0.03662839188
2022-10-07 00:00:00+00:00,19530.09,220874.8391,4353.681484,4324772,0.4971163587,0.4565362797,1440,0.1155558252,0.4105624623,1440,11.55558252,0.0500897559,3.70544042,2.971028434,0.02897768883
2022-10-08 00:00:00+00:00,19417.96,102480.0984,1995.917002,2637385,0.4954631748,0.2177089373,1440,0.09660803042,0.3953993394,1440,9.660803042,0.02884860526,,0.02073044877,0.03128786347
2022-10-09 00:00:00+00:00,19439.02,113900.8268,2215.007204,2833704,0.5018950394,0.2534339307,1440,0.1136475201,0.5183143162,1440,11.36475201,0.00489377748,2.324111134,1.418182526,0.02827483156
2022-10-10 00:00:00+00:00,19131.87,212509.0985,4101.745483,4432688,0.4933878616,0.3492632955,1440,0.1033239405,0.3786889212,1440,10.33239405,0.03882945787,,0,0.02757132606
2022-10-11 00:00:00+00:00,19060,243473.8429,4642.843396,4792106,0.4978714831,0.3865814324,1440,0.1120898873,0.4113428338,1440,11.20898873,0.008106309754,1.817212177,0.6612997066,0.02802272848
2022-10-12 00:00:00+00:00,19155.53,213826.2673,4086.903622,4556597,0.498576343,0.3032255344,1440,0.1147289211,0.4106372597,1440,11.47289211,0.01223309631,2.540905096,0.7067252414,0.0255417375
2022-10-13 00:00:00+00:00,19375.13,399756.6834,7554.309475,7470896,0.4999770292,0.8313486588,1440,0.1631005135,0.6317966843,1440,16.31005135,0.01508918604,5.617932961,2.843637177,0.03322577157
2022-10-14 00:00:00+00:00,19176.93,351634.326,6877.621835,6688310,0.4999465484,0.4997234595,1440,0.1369231394,0.4513441086,1440,13.69231394,0.01495035793,,0,0.03209830642
2022-10-15 00:00:00+00:00,19069.39,113847.6423,2178.316066,3052219,0.4928429137,0.2030614827,1440,0.08168777498,0.3498947865,1440,8.168777498,0.02581609933,,0,0.03178714247
2022-10-16 00:00:00+00:00,19262.98,131894.6188,2531.545363,3438605,0.5044694398,0.2542505336,1440,0.1225498582,0.4527220537,1440,12.25498582,0.03989929503,,0,0.0292459267
2022-10-17 00:00:00+00:00,19549.86,222813.8763,4331.666396,5162979,0.5020064598,0.324446067,1440,0.09044636242,0.3413137586,1440,9.044636242,0.03412775757,,0,0.02448220414
2022-10-18 00:00:00+00:00,19327.44,260313.0785,5065.944973,5588482,0.497394357,0.3746519499,1440,0.1020343658,0.3982793024,1440,10.20343658,0.02258665958,,0,0.02735079299
2022-10-19 00:00:00+00:00,19123.97,186137.2954,3575.041318,4545820,0.4961182544,0.2916103476,1440,0.1088767278,0.4349238285,1440,10.88767278,0.0296033663,0.5117019918,0,0.03214850316
2022-10-20 00:00:00+00:00,19041.92,223530.1307,4276.025724,5391090,0.4950659657,0.330426107,1440,0.09452705059,0.4168237228,1440,9.452705059,0.0100552656,2.119825335,0.8616750618,0.03171304701
2022-10-21 00:00:00+00:00,19164.37,269310.7577,5126.619488,5679281,0.4960404121,0.387319545,1440,0.1113483315,0.5505398335,1440,11.13483315,0.01250329046,1.494378594,1.437060969,0.02768558394
2022-10-22 00:00:00+00:00,19204.35,110403.9084,2117.395641,2887106,0.490327591,0.1273353783,1440,0.05979432226,0.4262710262,1440,5.979432226,0.009842232426,0.8411511766,0.704257484,0.03218056556
2022-10-23 00:00:00+00:00,19570.4,167057.2018,3233.393909,3939703,0.5056100779,0.269169701,1440,0.1029072309,0.5092507312,1440,10.29072309,0.05839500322,,0,0.03686426066
2022-10-24 00:00:00+00:00,19329.72,256168.1447,4957.159177,5676899,0.4950212805,0.3120181303,1440,0.08503243309,0.3582523981,1440,8.503243309,0.02496271019,,0.4102824926,0.03160781851
2022-10-25 00:00:00+00:00,20080.07,326370.6706,6454.151277,7214687,0.5005070002,0.4688503748,1440,0.101315878,0.5170220273,1440,10.1315878,0.05900694202,,0,0.03525757924
2022-10-26 00:00:00+00:00,20771.59,380492.6958,7833.551674,8512349,0.5017519823,0.5512113116,1440,0.1007052642,0.3554786007,1440,10.07052642,0.0432222933,,0,0.0325700004
2022-10-27 00:00:00+00:00,20295.11,328643.5779,6771.209922,7748080,0.4964024581,0.4686839213,1440,0.1105823424,0.3863969426,1440,11.05823424,0.03427189175,1.629607232,1.436009044,0.02433373705
2022-10-28 00:00:00+00:00,20591.84,287039.9457,5849.603406,6638096,0.4984611198,0.4071980923,1440,0.1127618017,0.4312468386,1440,11.27618017,0.024813495,,0,0.03042633982
2022-10-29 00:00:00+00:00,20809.67,254881.7775,5303.038321,6255599,0.5019643412,0.3786283496,1440,0.06979530598,0.2808434102,1440,6.979530598,0.01984315607,,0,0.02980519298
2022-10-30 00:00:00+00:00,20627.48,192795.6089,3994.389493,4920007,0.4981853389,0.2803434935,1440,0.08932110993,0.4442409537,1440,8.932110993,0.02201491647,,0,0.03488770873
2022-10-31 00:00:00+00:00,20490.74,303567.6163,6226.3043,6571526,0.4981502912,0.386047471,1440,0.1148194365,0.4812726904,1440,11.48194365,0.01068224475,,0,0.0361156537
2022-11-01 00:00:00+00:00,20483.62,279932.4377,5740.102555,5971938,0.4975412932,0.2762655321,1440,0.09818627512,0.4734577642,1440,9.818627512,0.0006054498321,,0,0.02844447663
2022-11-02 00:00:00+00:00,20151.84,373716.273,7633.404092,7431698,0.4971310739,0.4996424904,1440,0.1179493252,0.3689284972,1440,11.79493252,0.02139274013,0.1409358185,0,0.02595800664
2022-11-03 00:00:00+00:00,20207.82,319185.1544,6461.673165,6948227,0.5010872733,0.2896447891,1440,0.1015579429,0.492041622,1440,10.15579429,0.004293096809,,0,0.02797286882
2022-11-04 00:00:00+00:00,21148.52,453694.3917,9409.862205,9249613,0.5012266224,0.5245028846,1440,0.09675234501,0.305601322,1440,9.675234501,0.04835380953,,0,0.02647883209
2022-11-05 00:00:00+00:00,21299.37,245621.9852,5240.395529,5570832,0.5008931163,0.2846101521,1440,0.1006665789,0.5040917017,1440,10.06665789,0.01356303754,,0,0.02477158547
2022-11-06 00:00:00+00:00,20905.58,230036.9722,4877.535058,5268210,0.4957206046,0.2518404821,1440,0.09672042446,0.4814739694,1440,9.672042446,0.03825987022,,0,0.02549555127
2022-11-07 00:00:00+00:00,20591.13,386977.6034,8035.052132,8344242,0.4951276728,0.3800297601,1440,0.1003098873,0.414881871,1440,10.03098873,0.01886199142,1.356947457,0,0.02784688197
2022-11-08 00:00:00+00:00,18547.23,760705.3628,14758.38431,14530601,0.4926685053,1.805252579,1440,0.1158466549,0.1388776649,1440,11.58466549,0.07083427738,12.64373247,7.394899887,0.03931717927
2022-11-09 00:00:00+00:00,15922.81,731926.9297,12737.7197,13605474,0.4900800537,1.645881768,1440,0.1407566384,0.202753619,1440,14.07566384,0.1197763674,,0,0.03678702409
2022-11-10 00:00:00+00:00,17601.15,608448.3643,10323.29454,12719887,0.4978217797,1.712944221,1440,0.2329107555,0.3225903199,1440,23.29107555,0.09707324344,,0,0.04439736488
2022-11-11 00:00:00+00:00,17070.31,393552.8649,6725.273823,9900073,0.5016217991,1.224874194,1440,0.2657236622,0.3381519383,1440,26.57236622,0.04553501384,5.331490704,0,0.03282796061
2022-11-12 00:00:00+00:00,16812.08,167819.9604,2827.930561,5046837,0.4961741306,0.4920707234,1440,0.1896541984,0.3861699508,1440,18.96541984,0.05390168249,2.000213727,0,0.03309771331
2022-11-13 00:00:00+00:00,16329.85,184960.7885,3074.280132,5382834,0.4969401877,0.5427645645,1440,0.195504208,0.467413848,1440,19.5504208,0.09466591526,,0,0.02946932614
2022-11-14 00:00:00+00:00,16619.46,380210.7775,6273.920325,9215128,0.4984141,1.125348671,1440,0.2674561858,0.4756735299,1440,26.74561858,0.02802008253,5.149478711,1.693553271,0.02837031275
2022-11-15 00:00:00+00:00,16900.57,282461.8439,4758.545356,7200265,0.4992380728,0.6149088666,1440,0.1773428646,0.3596027128,1440,17.73428646,0.0352482744,,0,0.02516922418
2022-11-16 00:00:00+00:00,16662.76,261493.4081,4362.538339,6297404,0.495785815,0.5166796179,1440,0.1359811012,0.3599531685,1440,13.59811012,0.03248351943,,0,0.02546368931
2022-11-17 00:00:00+00:00,16692.56,228038.9787,3785.204632,5352083,0.4970527334,0.3812566958,1440,0.1325437849,0.4000189562,1440,13.25437849,0.004720542379,1.830236839,0,0.03007517435
2022-11-18 00:00:00+00:00,16700.45,214224.1818,3588.46756,5114799,0.4965189027,0.3722122076,1440,0.1216063433,0.3887687373,1440,12.16063433,0.001316868517,,0,0.02508787367
2022-11-19 00:00:00+00:00,16700.68,104963.1556,1747.627888,3142123,0.4991974583,0.2022370064,1440,0.1219267041,0.5117584587,1440,12.19267041,7.880389896e-05,1.047569081,0.5583152246,0.02445006145
2022-11-20 00:00:00+00:00,16280.23,154842.1348,2561.165772,4557344,0.4905584001,0.3421951759,1440,0.1091901901,0.3659029596,1440,10.91901901,0.09955602715,,0,0.02735995734
2022-11-21 00:00:00+00:00,15781.29,324096.9978,5188.798317,7440871,0.4936653709,0.6777360455,1440,0.1425836335,0.3864459159,1440,14.25836335,0.05998773745,,0,0.0329717044
2022-11-22 00:00:00+00:00,16226.94,239548.0662,3823.612604,6276097,0.4983737612,0.5387777394,1440,0.1460717324,0.4146583136,1440,14.60717324,0.07283102597,2.632062087,0,0.03352104017
2022-11-23 00:00:00+00:00,16603.11,264927.7041,4368.042619,6260616,0.5012853478,0.4615494483,1440,0.1114395015,0.3022364239,1440,11.14395015,0.05246561264,,0.2553509405,0.03105452198
2022-11-24 00:00:00+00:00,16598.95,206565.9235,3431.724406,5031851,0.4996144455,0.344301929,1440,0.1015364166,0.3009499164,1440,10.15364166,0.0007302068373,1.974859038,0.802970985,0.03441993804
2022-11-25 00:00:00+00:00,16522.14,182089.4953,3003.553172,4396465,0.4952924704,0.2818767558,1440,0.08254256631,0.3574555952,1440,8.254256631,0.01544217941,1.557310449,0.4864495232,0.03543788651
2022-11-26 00:00:00+00:00,16458.57,181804.8167,3011.990388,3817130,0.4930905248,0.2470716884,1440,0.07204065278,0.2795427446,1440,7.204065278,0.01279879735,1.005538817,0,0.03470293648
2022-11-27 00:00:00+00:00,16428.78,162025.4761,2679.048566,3362221,0.4943484378,0.2115852613,1440,0.06835041369,0.2887571133,1440,6.835041369,0.006762248883,,0,0.03135404967
2022-11-28 00:00:00+00:00,16212.91,252695.4037,4096.398587,5570407,0.497701203,0.422261202,1440,0.1142120652,0.3116880232,1440,11.42120652,0.03228893904,,0,0.02768049773
2022-11-29 00:00:00+00:00,16442.53,248106.2501,4072.651067,5206638,0.4986377423,0.3109539473,1440,0.08987910292,0.3704479646,1440,8.987910292,0.03453139503,1.987329388,0.3054430166,0.02700420674
2022-11-30 00:00:00+00:00,17163.64,303019.8072,5123.5952,6519330,0.5008404377,0.5255719382,1440,0.1056316368,0.4618394371,1440,10.56316368,0.08377305461,3.029286235,1.557246445,0.03322914077
2022-12-01 00:00:00+00:00,16977.37,232818.1822,3972.60718,5097720,0.4983240037,0.3124387465,1440,0.08284618208,0.3015918822,1440,8.284618208,0.0274678857,1.973782004,0.7265986563,0.03366887807
2022-12-02 00:00:00+00:00,17092.74,202372.2062,3432.385162,4305515,0.4919457218,0.2840820956,1440,0.06169452088,0.2990070619,1440,6.169452088,0.01973126806,,0,0.03620103641
2022-12-03 00:00:00+00:00,16885.2,154542.5731,2622.504253,3308694,0.4931622693,0.2010492847,1440,0.04370926376,0.1833062264,1440,4.370926376,0.04658262552,1.628378254,0.8340057323,0.04111614965
2022-12-04 00:00:00+00:00,17105.7,178619.1339,3040.020095,3948990,0.5002787199,0.236367307,1440,0.07837731654,0.4504082692,1440,7.837731654,0.04267814782,,0,0.03746495989
2022-12-05 00:00:00+00:00,16966.35,233703.2922,4015.334797,5138207,0.4942514846,0.3388019825,1440,0.05235244954,0.1995631341,1440,5.235244954,0.02037132903,2.548371559,1.211680387,0.04239573954
2022-12-06 00:00:00+00:00,17088.96,218730.7688,3717.92601,4416864,0.4958129212,0.2373024293,1440,0.08326815887,0.4924820763,1440,8.326815887,0.01936743843,0.05980580898,0,0.04173955211
2022-12-07 00:00:00+00:00,16836.64,220657.4133,3723.206794,4284989,0.488553955,0.2544220438,1440,0.07169979833,0.4975498009,1440,7.169979833,0.03995259418,0.6162321971,0,0.04348874278
2022-12-08 00:00:00+00:00,17224.1,236417.978,4009.427525,4520282,0.4958961155,0.2829797181,1440,0.07347830868,0.4077381172,1440,7.347830868,0.05674651004,1.591718464,0,0.04303645845
2022-12-09 00:00:00+00:00,17128.56,238422.0646,4097.973426,4282003,0.4950544901,0.2541698759,1440,0.05532614674,0.2962154705,1440,5.532614674,0.01357334361,2.651466008,1.280642604,0.03660399104
2022-12-10 00:00:00+00:00,17127.49,140573.9794,2411.933259,3032257,0.5004862276,0.125096076,1440,0.03899682579,0.2295101978,1440,3.899682579,0.0002590068222,0.8690080376,0,0.03102860007
2022-12-11 00:00:00+00:00,17085.05,155286.4787,2663.686104,3260722,0.500625524,0.1531861014,1440,0.0324810099,0.1324384893,1440,3.24810099,0.009314021378,,0,0.03404536529
2022-12-12 00:00:00+00:00,17209.83,226227.4969,3844.787581,4463916,0.4963452527,0.2155186495,1440,0.07223674446,0.407032158,1440,7.223674446,0.01892671555,1.489977864,0.8825584828,0.03332278671
2022-12-13 00:00:00+00:00,17774.7,284462.9139,4983.89604,6242080,0.5059459153,0.5180664263,1440,0.1340310128,0.4638848329,1440,13.40310128,0.06479943693,,0,0.03814895405
2022-12-14 00:00:00+00:00,17803.15,266681.2221,4779.915721,5743730,0.4998781367,0.55687826,1440,0.1146477385,0.1982469857,1440,11.46477385,0.003345895863,6.367564475,0,0.03308399171
2022-12-15 00:00:00+00:00,17356.34,223701.9688,3923.378678,4789226,0.4925912678,0.3168182716,1440,0.06570726637,0.2430396081,1440,6.570726637,0.0647848513,2.026593906,0.9265757951,0.03004947254
2022-12-16 00:00:00+00:00,16632.12,253379.0412,4308.933188,5703001,0.4869180721,0.4665248444,1440,0.09415614834,0.3066347962,1440,9.415614834,0.0989156483,2.481780565,0,0.03917521647
2022-12-17 00:00:00+00:00,16776.52,144825.6668,2417.851422,3905843,0.4991495398,0.2348028786,1440,0.07073710176,0.3098984812,1440,7.073710176,0.03575291751,,0,0.0392881937
2022-12-18 00:00:00+00:00,16738.21,112619.3165,1884.66603,3369193,0.4931581097,0.1848717526,1440,0.06578757972,0.2836547429,1440,6.578757972,0.01213031864,,0,0.03296288099
2022-12-19 00:00:00+00:00,16438.88,179094.283,2981.094033,4681887,0.4891849902,0.3348377351,1440,0.1215808391,0.5582785157,1440,12.15808391,0.06053102937,,0,0.03092450573
2022-12-20 00:00:00+00:00,16895.56,248808.9232,4176.995654,5945803,0.4992481149,0.3447586392,1440,0.09543429728,0.3949237129,1440,9.543429728,0.06560122874,,0,0.03190645348
2022-12-21 00:00:00+00:00,16824.67,156810.9636,2638.528724,4375570,0.4953439351,0.2218307679,1440,0.1024750854,0.4870553965,1440,10.24750854,0.01593541056,1.191162618,0.2514508921,0.02762120141
2022-12-22 00:00:00+00:00,16821.43,176044.2724,2949.612072,4678640,0.4974538566,0.2330498801,1440,0.1050851321,0.5236960335,1440,10.50851321,0.0006529431556,,0,0.02670000971
2022-12-23 00:00:00+00:00,16778.5,161612.0095,2720.021934,4561020,0.5014119049,0.2568088193,1440,0.09859401812,0.3568227691,1440,9.859401812,0.009394644305,2.565121285,1.716037763,0.02849931584
2022-12-24 00:00:00+00:00,16836.12,100224.291,1686.757295,3076985,0.4946727242,0.1076087603,1440,0.02009119827,0.0768940995,1440,2.009119827,0.02032464046,1.001281132,0.4894507471,0.02827368231
2022-12-25 00:00:00+00:00,16832.11,125441.072,2108.857873,3570157,0.4948422406,0.1512236117,1440,0.05209434245,0.2412006994,1440,5.209434245,0.001129553417,0.2139350817,0.691533722,0.02593022636
2022-12-26 00:00:00+00:00,16919.39,124564.0066,2099.037539,3915571,0.4956582709,0.1204874087,1440,0.07230577382,0.501235691,1440,7.230577382,0.02463952987,0.4473514136,0,0.0253107493
2022-12-27 00:00:00+00:00,16706.36,173749.5862,2918.37951,5047628,0.4955210989,0.2032227117,1440,0.09523272271,0.5165663841,1440,9.523272271,0.04341730139,0.6277814833,0,0.02995797384
2022-12-28 00:00:00+00:00,16547.31,193037.5658,3210.894237,5465468,0.4979247785,0.2574669704,1440,0.1033938813,0.3883857318,1440,10.33938813,0.02979211924,,0,0.02705704917
2022-12-29 00:00:00+00:00,16633.47,160998.4716,2671.665748,4553877,0.5029713862,0.171416191,1440,0.07833148764,0.4552947641,1440,7.833148764,0.01943873272,0.8209923448,0.5684537135,0.02551945412
2022-12-30 00:00:00+00:00,16607.48,164916.3117,2726.831057,4310415,0.4982555942,0.2054715288,1440,0.09186506742,0.4447700177,1440,9.186506742,0.005734620791,,0,0.02496723256
2022-12-31 00:00:00+00:00,16542.4,114490.4286,1897.047505,3344374,0.498042237,0.1400011641,1440,0.08431823609,0.4014232643,1440,8.431823609,0.02069750189,1.231933352,0.8391144347,0.02444648055
2023-01-01 00:00:00+00:00,16616.75,96925.41374,1604.79379,3218355,0.500888052,0.1089127274,1440,0.0878417517,0.5885359667,1440,8.78417517,0.02794403213,0.5263588644,0.1977546043,0.02257150463
2023-01-02 00:00:00+00:00,16672.87,121888.5719,2034.683215,4036118,0.4998439027,0.1876647912,1440,0.08402559673,0.5773540417,1440,8.402559673,0.01657076007,,0,0.02408622956
2023-01-03 00:00:00+00:00,16675.18,159541.5373,2662.765916,5097596,0.4989030681,0.1579087956,1440,0.08220488804,0.5780887179,1440,8.220488804,0.0005202816908,,0.1596893806,0.02387202762
2023-01-04 00:00:00+00:00,16850.36,220362.1886,3709.83321,6310703,0.4980306091,0.2355523456,1440,0.06015956172,0.3211259536,1440,6.015956172,0.0281700945,0.689636523,0.2387979949,0.02240609777
2023-01-05 00:00:00+00:00,16831.85,163473.5664,2751.080254,4842014,0.4952456437,0.1299901132,1440,0.06583958071,0.5322713081,1440,6.583958071,0.003995145671,,0,0.02621850672
2023-01-06 00:00:00+00:00,16950.65,207401.2841,3490.30501,5388661,0.4981658145,0.2027144729,1440,0.05989794305,0.3787987855,1440,5.989794305,0.02015083563,1.102668101,0.5299752541,0.03021314386
2023-01-07 00:00:00+00:00,16943.57,104526.5688,1770.20171,3227161,0.4938919517,0.07285886772,1440,0.05347602936,0.5916334712,1440,5.347602936,0.002360015524,,0.04272694672,0.02912873991
2023-01-08 00:00:00+00:00,17127.83,135155.8969,2291.9257,4036092,0.4972080687,0.1344811477,1440,0.05608529567,0.5414416391,1440,5.608529567,0.04719269542,0.4181053054,0,0.02537262357
2023-01-09 00:00:00+00:00,17178.26,266211.5272,4590.284351,6327667,0.4949016541,0.2334006629,1440,0.06597936583,0.4219737768,1440,6.597936583,0.00640484265,,0,0.0266025471
2023-01-10 00:00:00+00:00,17440.66,221382.4258,3829.247654,5448751,0.4940656679,0.2009268622,1440,0.0697218825,0.4807991091,1440,6.97218825,0.03958905849,,0,0.03474235813
2023-01-11 00:00:00+00:00,17943.26,262221.6065,4586.965947,5627464,0.4955524871,0.3436381046,1440,0.09509832978,0.4944241057,1440,9.509832978,0.06193700908,,0,0.03204554741
2023-01-12 00:00:00+00:00,18846.62,454568.3218,8348.431208,8911373,0.5000245746,0.7077463904,1440,0.1434610689,0.4620508392,1440,14.34610689,0.05883624036,3.345223608,0,0.03194115436
2023-01-13 00:00:00+00:00,19930.01,368615.8782,7061.633461,8021774,0.4976695379,0.5541735548,1440,0.1170479797,0.3480993957,1440,11.70479797,0.07915031106,2.355488596,0,0.02957888848
2023-01-14 00:00:00+00:00,20954.92,393913.7495,8183.071567,8659545,0.5021849385,0.8952286915,1440,0.1396571581,0.3654179596,1440,13.96571581,0.06128117941,,0,0.03499038714
2023-01-15 00:00:00+00:00,20871.5,178542.2255,3710.526606,5194354,0.4946215879,0.4524998114,1440,0.1478595603,0.4692625865,1440,14.78595603,0.01075014972,1.19684587,0,0.03593346779
2023-01-16 00:00:00+00:00,21185.65,293078.0826,6168.654053,6856434,0.4959520279,0.6058758014,1440,0.1546408153,0.5688945743,1440,15.46408153,0.02421836848,,0,0.03638239146
2023-01-17 00:00:00+00:00,21134.81,275407.7441,5840.585769,6440138,0.4978859384,0.4940091806,1440,0.1167800347,0.4452210351,1440,11.67800347,0.004113665372,2.835120188,0,0.04147781122
2023-01-18 00:00:00+00:00,20677.47,350916.0195,7399.719195,7617173,0.4934924805,0.6305695988,1440,0.1363595518,0.4428983729,1440,13.63595518,0.0295642873,,0,0.04023209947
2023-01-19 00:00:00+00:00,21071.59,251385.8492,5243.02433,5819932,0.4969421896,0.327542974,1440,0.1142572081,0.4507969867,1440,11.42572081,0.03601163144,2.010663065,0,0.03559715255
2023-01-20 00:00:00+00:00,22667.21,338079.1366,7256.17289,7382435,0.5034325703,0.5514947426,1440,0.1247628568,0.5205378936,1440,12.47628568,0.1005953141,2.311985168,2.105092679,0.03269432051
2023-01-21 00:00:00+00:00,22783.55,346445.4843,7938.935169,7796520,0.4983848228,0.6994917898,1440,0.136938161,0.3495900115,1440,13.6938161,0.006448468736,0.7196845963,0,0.03568797547
2023-01-22 00:00:00+00:00,22707.88,253577.7529,5775.552322,6603827,0.4962695474,0.4816458883,1440,0.1466692667,0.5097644067,1440,14.66692667,0.005760113204,,0,0.0310299202
2023-01-23 00:00:00+00:00,22916.45,293588.3794,6704.191296,7258655,0.4968000085,0.4969850657,1440,0.1401291563,0.5238889388,1440,14.01291563,0.01363772612,,0,0.03128776426
2023-01-24 00:00:00+00:00,22632.89,293158.7825,6721.432963,7395584,0.4920195203,0.4406194369,1440,0.1208679053,0.4428513115,1440,12.08679053,0.01852407854,2.313538031,0,0.03329986944
2023-01-25 00:00:00+00:00,23060.94,346042.8322,7875.590359,8060446,0.4989206106,0.6476390229,1440,0.1573819279,0.4395326344,1440,15.73819279,0.02379011389,,0,0.02986055763
2023-01-26 00:00:00+00:00,23009.65,288924.4358,6664.592468,7181086,0.4955796937,0.445685804,1440,0.1382075978,0.4538858586,1440,13.82075978,0.003340915582,3.691400526,0,0.03269145977
2023-01-27 00:00:00+00:00,23074.16,280833.8631,6461.707755,7079096,0.4974445561,0.4259515616,1440,0.1171372454,0.4698381929,1440,11.71372454,0.004332730054,,0,0.0342442097
2023-01-28 00:00:00+00:00,23022.6,148115.7109,3408.985411,4181816,0.4986765768,0.2060318847,1440,0.08121571093,0.3170520042,1440,8.121571093,0.006562170974,0.8302648887,0,0.03192719302
2023-01-29 00:00:00+00:00,23742.3,295688.792,6941.922954,7030837,0.5056245286,0.4635610139,1440,0.09917901188,0.3507822261,1440,9.917901188,0.04434207266,4.219170604,1.487236832,0.02874136868
2023-01-30 00:00:00+00:00,22826.15,302405.9012,7020.727239,7790224,0.4930344615,0.5039976536,1440,0.1184907108,0.4086630387,1440,11.84907108,0.05605040259,,0,0.0302722207
2023-01-31 00:00:00+00:00,23125.13,264649.3491,6083.858925,6798411,0.5026580554,0.3737229243,1440,0.1052553512,0.4717517839,1440,10.52553512,0.02138954338,2.356555387,0,0.03212837862
2023-02-01 00:00:00+00:00,23732.66,310790.4227,7212.542002,7863213,0.5022921344,0.4497888396,1440,0.1125179688,0.4956841812,1440,11.25179688,0.03595438827,,0,0.03177981133
2023-02-02 00:00:00+00:00,23488.94,364177.2075,8673.696846,9102300,0.4992465191,0.5071924949,1440,0.1167128715,0.5185027546,1440,11.67128715,0.01190090763,4.609390897,1.214509303,0.03470693328
2023-02-03 00:00:00+00:00,23431.9,332571.029,7806.4909,8007846,0.4995724761,0.4036124146,1440,0.1249811424,0.5141135973,1440,12.49811424,0.003114498243,1.642853037,0,0.03011926277
2023-02-04 00:00:00+00:00,23326.84,166126.4729,3886.777608,4852404,0.4927807712,0.2101046563,1440,0.07807277455,0.4350701245,1440,7.807277455,0.01156153854,0.7130609722,0,0.02896188614
2023-02-05 00:00:00+00:00,22932.91,209251.3392,4842.463017,5903916,0.4964614493,0.3297584056,1440,0.1119916612,0.4608461344,1440,11.19916612,0.0351714243,1.17749547,1.521307396,0.02873607113
2023-02-06 00:00:00+00:00,22762.52,265371.6069,6076.050768,6956395,0.4987365884,0.3430273809,1440,0.1115850371,0.5434118255,1440,11.15850371,0.01227388215,1.083126426,0,0.0265787711
2023-02-07 00:00:00+00:00,23240.46,308006.7248,7085.929136,8293878,0.501980103,0.4020533412,1440,0.1135235424,0.5249169251,1440,11.35235424,0.02932487915,2.671669089,1.101083728,0.03013253491
2023-02-08 00:00:00+00:00,22963,280056.3072,6457.585648,7896433,0.4949994798,0.3082026329,1440,0.08090311859,0.4337357378,1440,8.090311859,0.01859905693,2.224743801,1.255530211,0.02696866666
2023-02-09 00:00:00+00:00,21796.35,402894.6955,9052.973327,9784291,0.4946942364,0.5093263357,1440,0.09449924812,0.4139649797,1440,9.449924812,0.05759621559,,0,0.03424982104
2023-02-10 00:00:00+00:00,21625.19,338591.9425,7369.456395,6993675,0.4944585159,0.3765233225,1440,0.1018229608,0.4631075364,1440,10.18229608,0.01069778455,3.56655803,0.8298338831,0.02747703162
2023-02-11 00:00:00+00:00,21862.55,177021.5843,3842.000898,4207940,0.496764053,0.1942771613,1440,0.08058883887,0.4533471411,1440,8.058883887,0.02841302943,1.752572085,1.084046547,0.02978954039
2023-02-12 00:00:00+00:00,21783.54,204435.6516,4469.822441,4561903,0.4949936383,0.2488446411,1440,0.0810416564,0.4243363446,1440,8.10416564,0.008099848882,,0,0.02585056723
2023-02-13 00:00:00+00:00,21773.97,295730.7679,6404.813758,6503611,0.4978223495,0.3722395147,1440,0.07891586456,0.3192874814,1440,7.891586456,0.0006860762566,2.618466389,1.284233975,0.02518221087
2023-02-14 00:00:00+00:00,22199.84,361958.4011,7938.385477,7695927,0.5028387656,0.4703707612,1440,0.08887201227,0.4420926693,1440,8.887201227,0.02440025372,1.511826939,0,0.03199007858
2023-02-15 00:00:00+00:00,24324.05,375669.1611,8604.133694,8335550,0.5078887887,0.5330752925,1440,0.09880616285,0.4782427687,1440,9.880616285,0.1062053362,,0,0.03204764543
2023-02-16 00:00:00+00:00,23517.72,450080.6837,11074.98815,11006793,0.4985701093,0.6568467177,1440,0.1072795654,0.3580598096,1440,10.72795654,0.03043921387,,0,0.04069756035
2023-02-17 00:00:00+00:00,24569.97,496813.2138,11968.53225,10895009,0.5013714226,0.6778502882,1440,0.1364542258,0.3814576183,1440,13.64542258,0.03657155702,,0,0.0311904322
2023-02-18 00:00:00+00:00,24631.95,216917.2521,5339.92039,6296097,0.4954289553,0.3013893479,1440,0.09822920134,0.44518746,1440,9.822920134,0.004718076348,,0,0.03303573808
2023-02-19 00:00:00+00:00,24271.76,300395.9954,7408.745407,7660484,0.4982765512,0.4364685225,1440,0.1028029174,0.4063552905,1440,10.28029174,0.01988305079,,0,0.03223011997
2023-02-20 00:00:00+00:00,24842.2,346938.57,8561.226688,9808728,0.5028355405,0.5313824162,1440,0.102796433,0.3584177524,1440,10.2796433,0.02713429535,1.02899725,0,0.03079410923
2023-02-21 00:00:00+00:00,24452.16,376000.8287,9280.992344,10712371,0.4974177802,0.5059727433,1440,0.09236981638,0.31583305,1440,9.236981638,0.01705126328,,0,0.03621167747
2023-02-22 00:00:00+00:00,24182.21,379425.7537,9101.745946,11395957,0.4960225838,0.5693618634,1440,0.1085560477,0.3535249657,1440,10.85560477,0.01219690901,,0,0.03496598396
2023-02-23 00:00:00+00:00,23940.2,398400.4544,9596.083722,11396877,0.4971899041,0.5215226714,1440,0.1291049163,0.3730594282,1440,12.91049163,0.01048155147,,0,0.02451185856
2023-02-24 00:00:00+00:00,23185.29,343582.5745,8087.5241,11531424,0.4955522956,0.5374148094,1440,0.1157053226,0.4182663148,1440,11.57053226,0.03961784604,3.427038849,1.91598431,0.02682482891
2023-02-25 00:00:00+00:00,23157.07,191311.8101,4406.2863,9124568,0.4936451105,0.2960923925,1440,0.1152559077,0.4938635698,1440,11.52559077,0.002763988298,1.444740511,1.04181873,0.03343340803
2023-02-26 00:00:00+00:00,23554.85,202323.7362,4716.158181,9506015,0.499216724,0.324457097,1440,0.1386436059,0.5423330641,1440,13.86436059,0.03611331496,,0,0.02812962596
2023-02-27 00:00:00+00:00,23492.09,283706.0859,6659.785788,11754195,0.4982623055,0.4198687631,1440,0.1420217523,0.5060485621,1440,14.20217523,0.00400609779,,0,0.02793453735
2023-02-28 00:00:00+00:00,23141.57,264140.9989,6172.930936,9568743,0.4967075447,0.3711760628,1440,0.1285144549,0.5021889694,1440,12.85144549,0.02435342555,,0,0.02575623352
2023-03-01 00:00:00+00:00,23628.97,315287.4174,7441.571085,9390487,0.5010092949,0.4585015755,1440,0.1343918427,0.5305354081,1440,13.43918427,0.02800878202,,0,0.03151341116
2023-03-02 00:00:00+00:00,23465.32,239315.4522,5603.77001,7435815,0.4994328814,0.3482259379,1440,0.1255796797,0.5407556356,1440,12.55796797,0.01240221332,1.464884698,1.004268829,0.02603223167
2023-03-03 00:00:00+00:00,22354.34,319954.1978,7167.184766,8214639,0.490155512,0.5912491774,1440,0.1126817318,0.5358762457,1440,11.26817318,0.06767385301,,0,0.03806161882
2023-03-04 00:00:00+00:00,22346.57,121257.3813,2706.422996,4169260,0.4951725897,0.1943556083,1440,0.08571359471,0.4706785641,1440,8.571359471,0.001284514407,1.60777429,0.55384713,0.03134559534
2023-03-05 00:00:00+00:00,22430.24,154841.7579,3473.011455,4835978,0.4998287201,0.3103921078,1440,0.1181950528,0.5647747677,1440,11.81950528,0.01076070942,,0,0.0319445226
2023-03-06 00:00:00+00:00,22410,203751.8296,4569.102169,6471278,0.5011501652,0.2533488948,1440,0.08874671255,0.5708030062,1440,8.874671255,0.001975794333,1.518276621,0,0.03014459365
2023-03-07 00:00:00+00:00,22197.96,292519.8091,6517.594938,7813394,0.4973975699,0.3997461936,1440,0.09402791652,0.4652996635,1440,9.402791652,0.01458650797,2.407641448,0,0.0322468102
2023-03-08 00:00:00+00:00,21705.44,301460.5727,6641.171704,8018963,0.4976041262,0.3599902722,1440,0.09469384468,0.4443577224,1440,9.469384468,0.03378541226,1.571179022,0,0.02724536303
2023-03-09 00:00:00+00:00,20362.22,443658.2858,9403.028765,10076702,0.4911451069,0.5490120569,1440,0.09690107757,0.4667638463,1440,9.690107757,0.06793736242,1.211855425,0.7319291577,0.03193995308
2023-03-10 00:00:00+00:00,20150.69,618456.4671,12344.99279,12106261,0.4982659675,0.7263513328,1440,0.1098288621,0.3051009769,1440,10.98288621,0.008459050776,2.813468008,0,0.03348248645
2023-03-11 00:00:00+00:00,20455.73,427831.8213,8651.590672,10412300,0.4982132416,0.5872101243,1440,0.118061658,0.3346258269,1440,11.8061658,0.01736617973,,0,0.02780462334
2023-03-12 00:00:00+00:00,21997.11,430944.9429,8982.418414,9721933,0.5073480323,0.7218894787,1440,0.1289157063,0.4756825944,1440,12.89157063,0.08087804298,,0,0.03534542967
2023-03-13 00:00:00+00:00,24113.48,687889.3126,15824.99608,14820760,0.5039883073,1.026831089,1440,0.1567325438,0.4559783731,1440,15.67325438,0.05804736929,,0,0.03235900465
2023-03-14 00:00:00+00:00,24670.41,699360.9342,17465.3071,15223589,0.50294362,1.188789742,1440,0.1397080184,0.4788004462,1440,13.97080184,0.01307364905,,0,0.04003140668
2023-03-15 00:00:00+00:00,24285.66,581450.7298,14291.00574,12613034,0.5008040269,0.8848769516,1440,0.1757462589,0.4168759202,1440,17.57462589,0.01099887395,,0,0.02840771836
2023-03-16 00:00:00+00:00,24998.78,439421.33,10847.33015,10418081,0.5015762501,0.6316893901,1440,0.1328754272,0.4501605793,1440,13.28754272,0.02668027116,,0,0.03088782147
2023-03-17 00:00:00+00:00,27395.13,624460.6809,16476.68107,13113359,0.509275641,0.8808643185,1440,0.1210644165,0.4526227955,1440,12.10644165,0.05555623508,3.37831037,1.643400244,0.04087089508
2023-03-18 00:00:00+00:00,26907.49,371238.9717,10135.94507,9948603,0.5001837679,0.6793620664,1440,0.138672403,0.4921218627,1440,13.8672403,0.0177196835,,0,0.03669356829
2023-03-19 00:00:00+00:00,27972.87,372066.9905,10264.70799,9578297,0.5056900135,0.6046362535,1440,0.1174013774,0.4117832482,1440,11.74013774,0.03782905994,,0,0.03636988094
2023-03-20 00:00:00+00:00,27717.01,477378.2337,13300.42454,11775950,0.5022543437,0.7347342865,1440,0.1397428486,0.329450333,1440,13.97428486,0.006908657478,,0,0.03077733037
2023-03-21 00:00:00+00:00,28105.47,420929.7422,11760.49272,11530870,0.5000177445,0.579299252,1440,0.1227052598,0.4386782524,1440,12.27052598,0.01183446604,,0,0.02598530317
2023-03-22 00:00:00+00:00,27250.97,224113.413,6272.099822,3589327,0.4924112859,0.8575530097,1440,0.166168817,0.441422094,1440,16.6168817,0.04922610192,5.344462222,0,0.03517253517
2023-03-23 00:00:00+00:00,28295.41,128649.6082,3591.123573,2159091,0.5065854899,0.6921175733,1440,0.1978067589,0.534984913,1440,19.78067589,0.1047318008,,0,0.0478677851
2023-03-24 00:00:00+00:00,27454.47,86242.06544,2403.443392,1511137,0.4806188373,0.5293616693,1360,0.1530111769,0.3877066026,1359,15.30111769,0.1255307471,1.191247562,0,0.05435543647
2023-03-25 00:00:00+00:00,27462.95,50844.08102,1397.227639,1088721,0.4981297381,0.3655651421,1440,0.1953863479,0.3977988286,1440,19.53863479,0.00221028643,1.825528597,0,0.05144619018
2023-03-26 00:00:00+00:00,27968.05,49671.70353,1380.973403,1068196,0.5083006296,0.3937882793,1440,0.1836580435,0.4614347755,1440,18.36580435,0.1319718659,1.420874212,0.3342315346,0.04647448089
2023-03-27 00:00:00+00:00,27124.91,88039.46898,2407.130888,1575264,0.4901428404,0.5235488337,1440,0.1395263691,0.3422560975,1440,13.95263691,0.1271650557,,0,0.04369549863
2023-03-28 00:00:00+00:00,27261.07,78602.44341,2124.533607,1521981,0.4958193813,0.4810420883,1440,0.1518561695,0.256737502,1440,15.18561695,0.02356838814,,0,0.04016325784
2023-03-29 00:00:00+00:00,28348.6,89486.16008,2519.887866,1704217,0.5111637398,0.4951754521,1440,0.1503334068,0.4214644842,1440,15.03334068,0.1552369437,,0,0.03996579412
2023-03-30 00:00:00+00:00,28028.53,98865.43256,2808.471939,1843652,0.4966367771,0.5776874535,1440,0.1676490382,0.4240585203,1440,16.76490382,0.0404302642,,0,0.04677169052
2023-03-31 00:00:00+00:00,28465.36,78198.12139,2203.253312,1537349,0.506872421,0.4875220822,1440,0.1660042102,0.3708943075,1440,16.60042102,0.07019160874,2.288826996,0,0.04927106685
2023-04-01 00:00:00+00:00,28452.73,30238.44753,860.8042375,822781,0.5017247451,0.2863098102,1440,0.1597501121,0.4150865335,1440,15.97501121,0.005155593163,,0,0.06430344952
2023-04-02 00:00:00+00:00,28171.87,37365.65692,1053.600933,938464,0.4789697242,0.3018578274,1440,0.1767936044,0.3643441072,1440,17.67936044,0.09415473275,,0.2025418964,0.08845622078
2023-04-03 00:00:00+00:00,27800,79180.01405,2214.361049,1651062,0.5119324689,0.5855864247,1440,0.1511122969,0.2539595736,1440,15.11122969,0.06000801754,,0,0.0830423116
2023-04-04 00:00:00+00:00,28165.47,49722.55691,1397.141465,1102007,0.5044783273,0.3950403321,1440,0.1939173117,0.4053130682,1440,19.39173117,0.09348186434,,0,0.09920809796
2023-04-05 00:00:00+00:00,28170.01,60737.64732,1721.098539,1262730,0.5030963178,0.4339428878,1440,0.153810359,0.4120823169,1440,15.3810359,0.0009364791541,,0,0.09936380641
2023-04-06 00:00:00+00:00,28033.82,40118.94963,1122.713088,934548,0.4812848758,0.3316249525,1440,0.1961419831,0.4249192043,1440,19.61419831,0.0431659565,0.5958414404,0,0.09070395381
2023-04-07 00:00:00+00:00,27906.33,24762.09387,691.3237489,655634,0.4839305486,0.2400735443,1440,0.2000130683,0.4466353131,1440,20.00130683,0.06593283738,1.74531298,0.9239184639,0.07884195611
2023-04-08 00:00:00+00:00,27938.38,19479.96735,545.3245187,624159,0.4994485856,0.1595468121,1440,0.1597734201,0.5350243078,1440,15.97734201,0.02104849325,,0,0.07693963209
2023-04-09 00:00:00+00:00,28323.76,32531.16101,913.9159237,777589,0.5190625556,0.2670839445,1440,0.1496029126,0.5041257266,1440,14.96029126,0.1499006337,2.111913828,0.8521920575,0.07948376405
2023-04-10 00:00:00+00:00,29637.34,67754.0622,1955.300943,1285695,0.5335122661,0.4301732837,1440,0.1187601527,0.4258806423,1440,11.87601527,0.2318519029,,0,0.1041190869
2023-04-11 00:00:00+00:00,30200.42,67990.07621,2046.078278,1340458,0.5113529668,0.4428451665,1440,0.1275185056,0.3833796295,1440,12.75185056,0.09198464672,1.712135672,0,0.1277915017
2023-04-12 00:00:00+00:00,29888.07,62049.48451,1863.497606,1246556,0.5017992656,0.4390723611,1440,0.1756583627,0.4757462738,1440,17.56583627,0.05578986211,2.8863297,0,0.1037243097
2023-04-13 00:00:00+00:00,30373.84,51934.11731,1571.091101,1054144,0.5154155759,0.3080515884,1440,0.1450369017,0.4131950933,1440,14.50369017,0.1026185401,1.13256324,0,0.09094744822
2023-04-14 00:00:00+00:00,30466.93,75984.19452,2323.267494,1504180,0.5054549871,0.4266576281,1440,0.1623621482,0.4635718515,1440,16.23621482,0.01317162771,,0,0.1063396558
2023-04-15 00:00:00+00:00,30295.09,25429.81247,772.2110976,732418,0.4885739958,0.1947103989,1440,0.1285170252,0.3502657625,1440,12.85170252,0.07324655031,0.3144636487,0,0.09098954185
2023-04-16 00:00:00+00:00,30304.65,26431.99322,801.3229262,708233,0.4980228241,0.2215086064,1440,0.1604358988,0.4387601689,1440,16.04358988,0.003937400231,0.9958028901,0,0.09312561523
2023-04-17 00:00:00+00:00,29430.27,56441.81127,1675.287761,1137294,0.4762458381,0.3876421468,1440,0.1215393642,0.4552795096,1440,12.15393642,0.1747606008,1.879870232,0,0.1131699605
2023-04-18 00:00:00+00:00,30380.01,62004.89434,1861.001492,1141562,0.5228227711,0.3411962155,1440,0.1327686092,0.4069547697,1440,13.27686092,0.1706666542,,0,0.1126579402
2023-04-19 00:00:00+00:00,28797.1,86575.48656,2541.283888,1699891,0.4789784079,0.5517453611,1440,0.1169156233,0.3603522727,1440,11.69156233,0.2105634044,,1.653064375,0.1062037273
2023-04-20 00:00:00+00:00,28243.65,76879.09372,2198.854031,1434642,0.4802292023,0.4910882554,1440,0.1519429777,0.4078109606,1440,15.19429777,0.08825521742,2.814668979,0,0.1131656498
2023-04-21 00:00:00+00:00,27262.84,77684.7679,2164.667612,1463628,0.4945517269,0.4632561428,1440,0.1240309126,0.3425795961,1440,12.40309126,0.1632770342,,0,0.1177995255
2023-04-22 00:00:00+00:00,27816.85,36023.69686,989.3794753,859500,0.5166847984,0.2849563957,1440,0.1660185327,0.4466861805,1440,16.60185327,0.2033329971,0.6313228627,0,0.09489340781
2023-04-23 00:00:00+00:00,27590.6,34812.09581,959.3896988,873485,0.5058723498,0.3409829262,1440,0.1151544811,0.2586408098,1440,11.51544811,0.08512512902,,0,0.09900718278
2023-04-24 00:00:00+00:00,27510.93,53111.56874,1458.406516,1211080,0.4827814551,0.438945326,1440,0.1705483031,0.2697044127,1440,17.05483031,0.0198281804,1.83307272,0,0.09616115097
2023-04-25 00:00:00+00:00,28300.79,52325.14637,1446.329375,1087067,0.5128217269,0.3866683848,1440,0.1367123613,0.3211097734,1440,13.67123613,0.1957115695,0.4846468497,0,0.09708265869
2023-04-26 00:00:00+00:00,28415.29,129228.404,3719.701462,2261942,0.4994301036,0.8953846541,1440,0.20729336,0.3481287679,1440,20.729336,0.01085479886,,0,0.1091102502
2023-04-27 00:00:00+00:00,29472.77,95430.82431,2784.859692,1990148,0.5092901072,0.7617309591,1440,0.2629723522,0.3692991056,1440,26.29723522,0.1312073486,,0,0.07318616383
2023-04-28 00:00:00+00:00,29311.7,54298.16578,1590.683772,1129240,0.4909782129,0.4106494033,1440,0.1584737893,0.2904181537,1440,15.84737893,0.03445079782,,0,0.09689414425
2023-04-29 00:00:00+00:00,29230.45,20466.83058,599.46691,619319,0.4897973695,0.2291858879,1440,0.2350288013,0.4201213123,1440,23.50288013,0.04630413339,1.368205342,0,0.1002133533
2023-04-30 00:00:00+00:00,29233.21,39752.5372,1172.155268,949458,0.5004528999,0.38205772,1440,0.1544287957,0.3433425879,1440,15.44287957,0.0008055044321,,0,0.09471144733
2023-05-01 00:00:00+00:00,28068.26,64433.65958,1828.221139,1362793,0.4774201419,0.5305104701,1440,0.1856086476,0.3742035665,1440,18.56086476,0.22243475,,0,0.1050961845
2023-05-02 00:00:00+00:00,28669.86,50824.5224,1441.733922,1174697,0.4877442288,0.4291649012,1440,0.2090928734,0.3100122228,1440,20.90928734,0.1470936894,,0,0.08573561071
2023-05-03 00:00:00+00:00,29026.16,64615.79213,1845.961219,1502909,0.4997417646,0.5119106345,1440,0.2327529469,0.3930130787,1440,23.27529469,0.06690874909,,0,0.09245604445
2023-05-04 00:00:00+00:00,28838.16,42575.47501,1233.816136,961542,0.4807982153,0.3790325816,1440,0.1973514552,0.3477025625,1440,19.73514552,0.05266572577,2.118772257,0,0.100932985
2023-05-05 00:00:00+00:00,29505.61,58415.83048,1709.786815,1288027,0.4976730763,0.4511996587,1440,0.1551723337,0.315104133,1440,15.51723337,0.1338231436,0.8959055177,1.425565357,0.1127250105
2023-05-06 00:00:00+00:00,28848.2,49249.28459,1429.517893,1221021,0.4734271964,0.4019979561,1440,0.1625948937,0.3293609295,1440,16.25948937,0.1576252773,,0,0.1192247434
2023-05-07 00:00:00+00:00,28430.1,30003.41028,865.8385353,855425,0.4967438995,0.3359700553,1440,0.2799578135,0.473530222,1440,27.99578135,0.1686129187,0.6812075193,0,0.1003858312
2023-05-08 00:00:00+00:00,27668.79,68244.36179,1903.052695,1600637,0.4739962174,0.5297915045,1440,0.1910752643,0.4158411636,1440,19.10752643,0.142630732,,0,0.09374387377
2023-05-09 00:00:00+00:00,27628.27,40113.31069,1106.923908,1003698,0.5009334065,0.3549436821,1440,0.2330498401,0.3783669512,1440,23.30498401,0.01323974744,1.719944687,0,0.09216594468
2023-05-10 00:00:00+00:00,27598.75,71155.11355,1971.173412,1534579,0.4834345003,0.7600002928,1440,0.269946064,0.4724161,1440,26.9946064,0.005423378908,,0,0.1164760872
2023-05-11 00:00:00+00:00,26968.62,47635.31365,1295.799109,1257000,0.4885055948,0.4280448382,1440,0.1959039238,0.3140337618,1440,19.59039238,0.1782414713,3.294801555,0,0.09854000807
2023-05-12 00:00:00+00:00,26795.01,67207.93494,1777.052128,1351633,0.4932047464,0.5489461389,1440,0.1976704773,0.4725003411,1440,19.76704773,0.03634272527,,0,0.1119645029
2023-05-13 00:00:00+00:00,26775.28,22814.90421,612.0628521,605049,0.4803570232,0.2890034281,1440,0.2475679224,0.4576376805,1440,24.75679224,0.01203475023,1.396333326,0.3971103307,0.1018448723
2023-05-14 00:00:00+00:00,26917.62,21594.8036,580.801698,629537,0.4941999023,0.2590749905,1440,0.2148887101,0.4294058857,1440,21.48887101,0.09128790406,1.845010077,0,0.09239072144
2023-05-15 00:00:00+00:00,27162.14,40430.08333,1104.633264,935914,0.4773981333,0.3562637944,1440,0.1866937733,0.3651881555,1440,18.66937733,0.08186428435,,0,0.1009689394
2023-05-16 00:00:00+00:00,27033.84,33270.45451,900.2734046,815642,0.4800355016,0.3225837144,1440,0.1631364482,0.2871958331,1440,16.31364482,0.05259154978,,0,0.1108185543
2023-05-17 00:00:00+00:00,27405.61,42958.97785,1159.714528,1016823,0.503597227,0.3688990004,1440,0.2184662009,0.4636625723,1440,21.84662009,0.1177731421,,0,0.09847842717
2023-05-18 00:00:00+00:00,26821.28,49198.65143,1330.745573,1057318,0.4809053308,0.4116681397,1440,0.2043809397,0.4424290103,1440,20.43809397,0.1619553363,,0,0.08834231543
2023-05-19 00:00:00+00:00,26880.26,28754.13544,772.8647572,756295,0.4737491812,0.3325043324,1440,0.2076951521,0.349032429,1440,20.76951521,0.02842134946,,0,0.1119190311
2023-05-20 00:00:00+00:00,27102.43,14434.54718,389.2256537,481382,0.4690097719,0.1667433646,1440,0.1447834045,0.284105516,1440,14.47834045,0.211476388,1.120483043,0.3610965782,0.1028463212
2023-05-21 00:00:00+00:00,26747.78,21347.87279,575.2135703,568937,0.461659093,0.2458898245,1440,0.1944408701,0.4060430442,1440,19.44408701,0.2289916859,1.584000464,0.5911605694,0.1000079837
2023-05-22 00:00:00+00:00,26849.27,26458.83828,709.5949967,717111,0.4777110437,0.2837990355,1440,0.2081896961,0.4016185427,1440,20.81896961,0.05337063081,0.6167394954,0,0.1020410748
2023-05-23 00:00:00+00:00,27219.61,38700.83858,1054.565782,816399,0.4900720983,0.2841096095,1440,0.1596493229,0.4661012484,1440,15.96493229,0.1299021565,1.291925216,0,0.1026921881
2023-05-24 00:00:00+00:00,26329.01,54393.0657,1442.636235,1012767,0.4908513901,0.3760392078,1440,0.2252277013,0.5257655167,1440,22.52277013,0.2305937942,,0,0.09756602033
2023-05-25 00:00:00+00:00,26473.79,37435.44895,984.1177897,753125,0.4747662795,0.3429410983,1440,0.2236566855,0.5607042954,1440,22.36566855,0.05572314515,,0,0.08372316307
2023-05-26 00:00:00+00:00,26705.92,35061.18713,932.8177246,655755,0.470816192,0.2441986844,1440,0.1505337941,0.4654988612,1440,15.05337941,0.09358823805,0.326873101,0,0.1036293745
2023-05-27 00:00:00+00:00,26854.27,15095.6867,403.337263,415694,0.4737976418,0.1741931873,1440,0.1796417595,0.4600584213,1440,17.96417595,0.1373435286,1.20994151,0,0.1189411081
2023-05-28 00:00:00+00:00,28065,43916.00855,1205.762342,843861,0.5316184105,0.3721532469,1440,0.1733137684,0.5811595901,1440,17.33137684,0.3657305166,1.340110555,0,0.1105495705
2023-05-29 00:00:00+00:00,27736.4,42385.41945,1182.678582,805579,0.4765755199,0.3210143192,1440,0.1634065736,0.3476828791,1440,16.34065736,0.09958427089,,0,0.1026275408
2023-05-30 00:00:00+00:00,27694.4,32686.75371,908.653906,745633,0.464913846,0.311674994,1440,0.2546321293,0.5197378573,1440,25.46321293,0.01667745298,1.905812511,0,0.1010193241
2023-05-31 00:00:00+00:00,27210.35,46588.80573,1265.952179,908537,0.4714151371,0.3547481204,1440,0.1086731061,0.4793741438,1440,10.86731061,0.1392849695,,0,0.101836859
2023-06-01 00:00:00+00:00,26817.93,39217.8088,1055.13251,814389,0.4748019377,0.3693468491,1440,0.2145883756,0.4484496192,1440,21.45883756,0.1376767546,,0,0.09402909458
2023-06-02 00:00:00+00:00,27242.59,36380.90269,983.8570616,811087,0.4984669439,0.335664085,1440,0.2195452198,0.3864759713,1440,21.95452198,0.1596864471,,0,0.09630222996
2023-06-03 00:00:00+00:00,27069.22,16595.34117,450.5886725,466520,0.4667446557,0.1820464943,1440,0.2075302902,0.5125115932,1440,20.75302902,0.1416872835,,0,0.09446058746
2023-06-04 00:00:00+00:00,27115.21,19258.41049,523.7472374,504474,0.4938997601,0.2141661401,1440,0.186077748,0.5154729662,1440,18.6077748,0.03241136004,,0,0.09406619589
2023-06-05 00:00:00+00:00,25728.2,65805.60305,1722.665798,1420829,0.4647529992,0.5168640394,1440,0.1884198595,0.4739008377,1440,18.84198595,0.3048017701,,0,0.1100926032
2023-06-06 00:00:00+00:00,27230.08,68392.60438,1797.636024,1345725,0.5129763403,0.5111404383,1440,0.1762930789,0.3334797851,1440,17.62930789,0.3156065925,,0,0.09448362089
2023-06-07 00:00:00+00:00,26339.34,59619.44364,1589.291468,1311928,0.4712474241,0.5213745223,1440,0.2078417179,0.3328859763,1440,20.78417179,0.209266873,,0,0.1057439713
2023-06-08 00:00:00+00:00,26498.61,31075.51083,823.0236382,848252,0.4702933924,0.3308027982,1440,0.2032318505,0.3967951111,1440,20.32318505,0.07324989773,,0,0.1012216501
2023-06-09 00:00:00+00:00,26477.81,27934.7097,741.1582151,746911,0.4566746441,0.2725717148,1440,0.2252715887,0.5011782612,1440,22.52715887,0.01059497216,,0,0.118528199
2023-06-10 00:00:00+00:00,25841.21,64944.60108,1673.795235,1713871,0.485923856,0.5293623623,1440,0.1996202991,0.2871269012,1440,19.96202991,0.1453972312,,0,0.08786206544
2023-06-11 00:00:00+00:00,25925.55,30014.29595,776.1114719,833902,0.4753104192,0.3074896854,1440,0.2181782302,0.3501681629,1440,21.81782302,0.04198449074,1.445477338,0,0.07036064547
2023-06-12 00:00:00+00:00,25905.19,29900.50893,773.3036989,858037,0.4755762242,0.3484989381,1440,0.2381732166,0.3171899019,1440,23.81732166,0.01015945228,2.959790934,0,0.09789471024
2023-06-13 00:00:00+00:00,25934.25,41065.60853,1068.985237,1007138,0.4899556493,0.3897201797,1440,0.2201660345,0.3940808962,1440,22.01660345,0.01048802327,2.140253714,0,0.08435173155
2023-06-14 00:00:00+00:00,25128.6,45077.31608,1152.808417,957418,0.459790853,0.4729921484,1440,0.144898328,0.4859251694,1440,14.4898328,0.273747561,,0,0.107721896
2023-06-15 00:00:00+00:00,25598.49,48664.86063,1224.436975,943268,0.4939049638,0.3715445504,1440,0.1633375145,0.2823228912,1440,16.33375145,0.15130812,1.9215268,0,0.1184641563
2023-06-16 00:00:00+00:00,26345,51596.91662,1335.158159,926194,0.4662228095,0.4005800532,1440,0.1904891958,0.3442407882,1440,19.04891958,0.2152938819,,0,0.09906049063
2023-06-17 00:00:00+00:00,26516.99,27842.2195,738.4918099,666967,0.4972179599,0.3381111409,1440,0.2197112376,0.6749091201,1440,21.97112376,0.08811412506,0.8286409974,0,0.109391336
2023-06-18 00:00:00+00:00,26339.97,21538.31022,571.0130139,555956,0.4813318791,0.2477995952,1440,0.1993976542,0.3816660936,1440,19.93976542,0.1173020948,,0,0.1020353228
2023-06-19 00:00:00+00:00,26844.35,35872.65974,954.1939873,732735,0.4904347739,0.3304637968,1440,0.2007419364,0.4222046879,1440,20.07419364,0.1987836163,,0,0.09558361251
2023-06-20 00:00:00+00:00,28307.99,69666.95525,1912.797984,1189024,0.5031449199,0.4852275835,1440,0.1527377133,0.3165893719,1440,15.27377133,0.2775448683,,0,0.1039731159
2023-06-21 00:00:00+00:00,29993.89,108926.4041,3210.301129,1872873,0.5127036917,0.6835004395,1440,0.1912511347,0.4190253129,1440,19.12511347,0.1801999095,,0,0.1113906937
2023-06-22 00:00:00+00:00,29884.92,59054.5646,1775.822104,1146092,0.4724940961,0.4671989284,1440,0.1811020148,0.3608330633,1440,18.11020148,0.02049579685,1.422359809,0,0.1030137981
2023-06-23 00:00:00+00:00,30688.5,73931.89635,2265.077496,1338533,0.490847918,0.5911305835,1440,0.1745415991,0.4285847652,1440,17.45415991,0.1171438341,2.714209632,0,0.1198398054
2023-06-24 00:00:00+00:00,30527.43,30513.30135,933.2443977,776343,0.4751227769,0.3140760739,1440,0.1521833187,0.2760143588,1440,15.21833187,0.05638788603,0.4501943531,0,0.1136895341
2023-06-25 00:00:00+00:00,30462.66,30223.44801,926.3166444,789910,0.4839942393,0.3265302024,1440,0.2518088481,0.4504635981,1440,25.18088481,0.02292901055,1.500740714,0,0.1147308532
2023-06-26 00:00:00+00:00,30267.99,45180.41489,1367.837658,954783,0.4930805282,0.4094577677,1440,0.1980097681,0.3550437623,1440,19.80097681,0.04686925244,,0,0.1101390503
2023-06-27 00:00:00+00:00,30692.44,42699.64157,1306.206257,824373,0.4953506491,0.3693699485,1440,0.1561644948,0.3470695377,1440,15.61644948,0.1066114304,,0,0.1234257591
2023-06-28 00:00:00+00:00,30077.41,40463.51937,1224.103638,895470,0.4739269984,0.3830108413,1440,0.1460940906,0.3342861603,1440,14.60940906,0.1653616403,,0,0.1273489236
2023-06-29 00:00:00+00:00,30447.31,36330.62903,1107.94039,758428,0.4908912685,0.3302913441,1440,0.1927552221,0.4143512569,1440,19.27552221,0.1103241399,,0,0.1044692325
2023-06-30 00:00:00+00:00,30472,89419.07618,2726.355506,1559366,0.4956415838,0.7448503106,1440,0.252306168,0.5055874598,1440,25.2306168,0.002973128283,2.242813911,0,0.1017746307
2023-07-01 00:00:00+00:00,30585.9,17501.75075,533.8593381,567975,0.4629330446,0.186915682,1440,0.1700966948,0.3572937402,1440,17.00966948,0.06988524894,,0,0.08313665575
2023-07-02 00:00:00+00:00,30617.03,23286.41019,711.0314234,591533,0.4565000493,0.314323547,1440,0.2639196056,0.495960233,1440,26.39196056,0.01430698578,,0,0.1176100252
2023-07-03 00:00:00+00:00,31156.2,43761.64311,1352.63534,781855,0.477265976,0.3089749574,1440,0.1462820619,0.4106057772,1440,14.62820619,0.1290582298,0.3673983985,0,0.1418287235
2023-07-04 00:00:00+00:00,30766.51,33206.11943,1028.794009,779472,0.4248423454,0.2719843575,1440,0.146891663,0.3562821949,1440,14.6891663,0.1223422911,1.146069422,0,0.1451069684
2023-07-05 00:00:00+00:00,30504.81,33215.67122,1013.69479,827926,0.4702333744,0.262843714,1440,0.1425699449,0.4076759977,1440,14.25699449,0.0842697893,,0,0.167720226
2023-07-06 00:00:00+00:00,29895.43,71319.6261,2181.763649,1397042,0.4760629609,0.4998781594,1440,0.172294944,0.4161985581,1440,17.2294944,0.09248825005,,0,0.1390368822
2023-07-07 00:00:00+00:00,30344.7,34070.53895,1027.461795,912948,0.4366195414,0.3470145463,1440,0.1695235991,0.3397112322,1440,16.95235991,0.1451756853,,0,0.1425380621
2023-07-08 00:00:00+00:00,30284.63,13094.59042,395.7597176,480214,0.4575106581,0.1630856139,1440,0.1465731635,0.4308134211,1440,14.65731635,0.05006951831,,0,0.1510203766
2023-07-09 00:00:00+00:00,30160.71,15388.50196,465.7815143,473168,0.4560126092,0.1911095326,1440,0.143623881,0.3764218642,1440,14.3623881,0.0880292366,0.5889342812,0,0.1346270806
2023-07-10 00:00:00+00:00,30411.57,41262.87652,1254.289038,896853,0.4743788206,0.374662004,1440,0.1589321144,0.3888875021,1440,15.89321144,0.06603776231,,0.7091659257,0.1449811382
2023-07-11 00:00:00+00:00,30622.1,28476.83311,868.9662442,691213,0.4800449803,0.2747981712,1440,0.1974322565,0.4496525765,1440,19.74322565,0.07939137382,,0,0.1439072523
2023-07-12 00:00:00+00:00,30380,38108.99669,1166.497472,784195,0.4789231214,0.3410494652,1440,0.1829444303,0.4931834761,1440,18.29444303,0.06804535392,2.212170787,0,0.1292715062
2023-07-13 00:00:00+00:00,31454.23,70772.51836,2194.92721,1301632,0.5098708173,0.4781003614,1440,0.1107914072,0.2920840994,1440,11.07914072,0.1583149363,,0,0.1328315963
2023-07-14 00:00:00+00:00,30312.01,60749.48424,1869.443274,1274387,0.469366618,0.454196002,1440,0.1304837775,0.3242632542,1440,13.04837775,0.1978635576,2.980711335,1.116629663,0.1360373808
2023-07-15 00:00:00+00:00,30289.52,14118.55329,427.9210943,488354,0.4554680411,0.1274817476,1440,0.1145222333,0.3773347062,1440,11.45222333,0.01734491543,,0,0.1411946236
2023-07-16 00:00:00+00:00,30231.99,15760.1281,477.189328,494225,0.464618287,0.2021413611,1440,0.1979890089,0.4081074342,1440,19.79890089,0.03984043054,1.692578151,0.6018435937,0.1252503446
2023-07-17 00:00:00+00:00,30138,30882.76839,929.6476442,816466,0.4647322659,0.3369444671,1440,0.1657253358,0.3652359635,1440,16.57253358,0.03349442442,,0,0.1181562464
2023-07-18 00:00:00+00:00,29859.13,30003.8601,897.1570955,754775,0.4589808166,0.3441336395,1440,0.2180832552,0.4676683371,1440,21.80832552,0.1036181771,2.955617688,1.039320459,0.1521156467
2023-07-19 00:00:00+00:00,29909.21,25657.36137,769.2548653,617415,0.4778738949,0.274563061,1440,0.2077254356,0.4036960147,1440,20.77254356,0.02178476964,1.306598069,0,0.1356220314
2023-07-20 00:00:00+00:00,29800,37540.68193,1125.950644,749723,0.4811136613,0.3100049301,1440,0.1440499686,0.3347773124,1440,14.40499686,0.03248869061,0.4384093228,0,0.1342569008
2023-07-21 00:00:00+00:00,29901.72,23881.40865,713.1234178,555611,0.4843260534,0.215776723,1440,0.09167433836,0.2525887317,1440,9.167433836,0.04778429974,1.103513431,0.5299602947,0.1191149049
2023-07-22 00:00:00+00:00,29794,14660.40467,437.7857003,423988,0.4587530427,0.1518061618,1440,0.07066197108,0.2487519483,1440,7.066197108,0.08243697466,,0,0.1371845724
2023-07-23 00:00:00+00:00,30083.75,18292.78637,548.9403211,519434,0.4859487653,0.2000491649,1440,0.1750370803,0.415759734,1440,17.50370803,0.1763056481,,0,0.1506771156
2023-07-24 00:00:00+00:00,29176.5,39628.99691,1162.562414,869107,0.4554157124,0.4509882598,1440,0.1716085117,0.538870502,1440,17.16085117,0.2633971972,,0,0.1363945287
2023-07-25 00:00:00+00:00,29228.91,21565.7478,629.5313511,533797,0.4756289763,0.1901995195,1440,0.1464902195,0.4375754284,1440,14.64902195,0.02850846486,0.4705767384,0,0.133503686
2023-07-26 00:00:00+00:00,29351.96,33931.63366,995.5691721,750401,0.4711810466,0.2870534373,1440,0.1354651252,0.2980354606,1440,13.54651252,0.04219733222,0.8154686038,0,0.1385596567
2023-07-27 00:00:00+00:00,29222.78,22476.47626,659.5941573,583045,0.4620367254,0.1866479918,1440,0.1579917308,0.4256345685,1440,15.79917308,0.06687115284,,0,0.1276653635
2023-07-28 00:00:00+00:00,29314.14,23993.61627,702.7050768,543177,0.4760583516,0.1788914972,1440,0.1196119071,0.3856396042,1440,11.96119071,0.04442050385,,0,0.1093925972
2023-07-29 00:00:00+00:00,29352.9,10851.36844,318.2767339,339750,0.5016042216,0.08129239348,1440,0.06905165413,0.3059647517,1440,6.905165413,0.04151592873,,0,0.1311253509
2023-07-30 00:00:00+00:00,29281.09,15706.97441,459.8303797,454846,0.491527925,0.1738550845,1440,0.1613252202,0.4302803406,1440,16.13252202,0.05326820108,,0,0.1332439879
2023-07-31 00:00:00+00:00,29232.25,22605.48964,663.0252042,563115,0.4879003276,0.2071797674,1440,0.1295147771,0.2648411728,1440,12.95147771,0.02517797657,,0,0.1297661104
2023-08-01 00:00:00+00:00,29705.99,44719.65162,1299.160215,900141,0.4881914275,0.3372215925,1440,0.1253274532,0.4611509316,1440,12.53274532,0.1237426833,,0,0.1231012181
2023-08-02 00:00:00+00:00,29186.01,48181.65141,1419.729745,945158,0.4764015705,0.3337232439,1440,0.1703412332,0.4032932616,1440,17.03412332,0.124384406,,0,0.1300774179
2023-08-03 00:00:00+00:00,29193.64,26476.91994,773.3027055,651970,0.4872580462,0.2084235985,1440,0.1370501727,0.3633248152,1440,13.70501727,0.003380208734,,0,0.09462492218
2023-08-04 00:00:00+00:00,29113.99,23551.95217,686.6434534,544850,0.4475055381,0.192793121,1440,0.1395587495,0.3910894192,1440,13.95587495,0.03978866547,,0,0.1183204138
2023-08-05 00:00:00+00:00,29072.13,11645.52018,338.4785601,331924,0.471554393,0.08024524418,1440,0.07681448296,0.3045554048,1440,7.681448296,0.04250878886,,0,0.1271284685
2023-08-06 00:00:00+00:00,29088.42,13178.1972,383.2094989,338654,0.4910569156,0.1090546493,1440,0.0968470708,0.3233745363,1440,9.68470708,0.01461794491,,0,0.1092822752
2023-08-07 00:00:00+00:00,29211.06,30966.87746,899.4925957,671438,0.496514161,0.2390400383,1440,0.1291451289,0.3197611067,1440,12.91451289,0.04677356844,0.3517780745,0,0.1143617904
2023-08-08 00:00:00+00:00,29770.42,45700.53392,1352.934532,877168,0.529307193,0.2999624082,1440,0.1211732871,0.3165038817,1440,12.11732871,0.1401980507,,0,0.1406591578
2023-08-09 00:00:00+00:00,29581.99,38003.88725,1130.39685,750252,0.4920774987,0.2482721842,1440,0.1113535615,0.3113200742,1440,11.13535615,0.05617100653,,0,0.1417579787
2023-08-10 00:00:00+00:00,29455.75,23463.45373,692.8634721,513691,0.4775113527,0.184135705,1440,0.1128844101,0.3335727618,1440,11.28844101,0.06172345864,,0,0.1166917661
2023-08-11 00:00:00+00:00,29426.03,20637.0443,607.1760513,437828,0.4750651255,0.1443253569,1440,0.09957300047,0.3360908941,1440,9.957300047,0.01662582764,0.633811075,0,0.112126708
2023-08-12 00:00:00+00:00,29430.17,8971.48068,263.9494055,310852,0.4661428162,0.04844915432,1440,0.05929476078,0.3317104139,1440,5.929476078,0.005329879991,,0,0.1227372542
2023-08-13 00:00:00+00:00,29303.84,11101.70947,326.2646252,341726,0.4735369894,0.07472174927,1440,0.07685762324,0.3869019655,1440,7.685762324,0.1318492064,,0,0.1179640991
2023-08-14 00:00:00+00:00,29430.93,31443.11532,924.6134767,671592,0.478200405,0.2047754764,1440,0.09175266756,0.2821416218,1440,9.175266756,0.04680438699,,0,0.1376124575
2023-08-15 00:00:00+00:00,29200,27503.87691,806.6839573,591162,0.4636306202,0.1635989335,1440,0.08151831363,0.3707182749,1440,8.151831363,0.0976522814,,0,0.1313742344
2023-08-16 00:00:00+00:00,28730.51,32996.69854,959.870747,768028,0.4473738641,0.2174938099,1440,0.08415919364,0.2328800847,1440,8.415919364,0.1688673711,0.8743280713,0,0.1260880637
2023-08-17 00:00:00+00:00,26623.41,100271.5403,2755.821274,1976577,0.4736737319,1.30463616,1440,0.2582256968,0.4669471242,1440,25.82256968,0.2763920908,,0,0.1405537423
2023-08-18 00:00:00+00:00,26054,69790.65711,1834.219524,1293122,0.4803256928,0.5275669999,1440,0.2372554492,0.420143427,1440,23.72554492,0.117868098,3.289233391,0.03772641425,0.1045882916
2023-08-19 00:00:00+00:00,26100.01,26160.75343,680.6238808,615764,0.4951040884,0.2497822463,1440,0.2103161039,0.4464068976,1440,21.03161039,0.02592313089,,0,0.1038321561
2023-08-20 00:00:00+00:00,26189.99,19056.91209,497.8807522,451543,0.5199756001,0.1949739547,1440,0.1821430433,0.3987437607,1440,18.21430433,0.06912456866,,0,0.1085183068
2023-08-21 00:00:00+00:00,26126.92,30267.24233,788.2051563,565987,0.4642666975,0.2635994178,1440,0.1877605988,0.3727989397,1440,18.77605988,0.03058945083,0.7797528768,0,0.1092992367
2023-08-22 00:00:00+00:00,26056,34247.06688,886.7823442,603624,0.4799514346,0.3787757164,1440,0.2054924535,0.5071218637,1440,20.54924535,0.03065163004,,0,0.1146601632
2023-08-23 00:00:00+00:00,26432.72,44023.69978,1156.326252,673711,0.4987237636,0.3865557098,1440,0.2163603317,0.4505465607,1440,21.63603317,0.1241394345,,0,0.1120375462
2023-08-24 00:00:00+00:00,26180.05,30205.22116,792.9669659,575619,0.4630965904,0.273813338,1440,0.154215367,0.3346652433,1440,15.4215367,0.1211269417,,0,0.1269925047
2023-08-25 00:00:00+00:00,26060.01,27753.33772,722.6110792,611438,0.4777320506,0.2985472453,1440,0.2325682199,0.4323507632,1440,23.25682199,0.06359873299,1.820787188,0,0.1120750183
2023-08-26 00:00:00+00:00,26017.37,10022.22322,261.0415305,329412,0.4671524648,0.1024505928,1440,0.1178238761,0.3675021359,1440,11.78238761,0.06273191637,,0,0.1076405628
2023-08-27 00:00:00+00:00,26101.77,12099.64216,315.548363,349090,0.5099726553,0.1260084563,1440,0.1326463738,0.3518220848,1440,13.26463738,0.1026383471,0.789625348,0,0.1080194638
2023-08-28 00:00:00+00:00,26120,22692.62655,591.0089392,523057,0.4808789087,0.2509155534,1440,0.1972175114,0.4244819162,1440,19.72175114,0.01181329487,1.029001464,0,0.1122710409
2023-08-29 00:00:00+00:00,27716.34,74251.99488,2023.326051,1137083,0.5110374579,0.7124175168,1440,0.2164201403,0.3871814145,1440,21.64201403,0.2931847121,,1.43718748,0.1025227095
2023-08-30 00:00:00+00:00,27299.99,35448.25848,969.0864512,690292,0.471548613,0.3555335489,1440,0.2334534332,0.4336593511,1440,23.34534332,0.1561862212,3.132912331,1.109924511,0.1028911788
2023-08-31 00:00:00+00:00,25940.78,51032.80401,1360.373186,944690,0.4820059263,0.5121963128,1440,0.2568734358,0.4567021817,1440,25.68734358,0.3754123397,5.199864693,2.23813277,0.1070563792
2023-09-01 00:00:00+00:00,25805.05,41032.15056,1059.444592,881179,0.4864719501,0.3970166994,1440,0.2197880499,0.4043242479,1440,21.97880499,0.04951687573,1.761559367,0,0.1295141716
2023-09-02 00:00:00+00:00,25869.51,16250.77698,419.8129699,567728,0.4698184074,0.1602566959,1440,0.2099374259,0.537708409,1440,20.99374259,0.05942755777,0.7160033541,0,0.1110301329
2023-09-03 00:00:00+00:00,25971.21,17474.47667,453.1006901,496412,0.4911829488,0.2130433574,1440,0.1662239583,0.4185253307,1440,16.62239583,0.08659359247,0.3159205309,0,0.1161843157
2023-09-04 00:00:00+00:00,25826.02,21777.59609,563.5328906,596830,0.4673320489,0.2523817379,1440,0.2034276509,0.4640946881,1440,20.34276509,0.09948143342,0.9805136727,0,0.1529309824
2023-09-05 00:00:00+00:00,25792.1,21323.39337,548.8937076,566736,0.4655290182,0.2333254299,1440,0.1642460591,0.3374958629,1440,16.42460591,0.02394393179,,0,0.1417163054
2023-09-06 00:00:00+00:00,25759.95,27262.52386,700.7631808,636302,0.4671873267,0.3121755479,1440,0.1499790969,0.2877387242,1440,14.99790969,0.01779892668,,0,0.1466989796
2023-09-07 00:00:00+00:00,26255,27687.49567,718.9230089,631929,0.4878083493,0.3068929421,1440,0.2361554229,0.3812816511,1440,23.61554229,0.264777822,0.6081694772,0,0.1302786169
2023-09-08 00:00:00+00:00,25910.5,28999.76471,754.1845371,646852,0.4910005165,0.3048225906,1440,0.2063790344,0.448080493,1440,20.63790344,0.1751316088,,0,0.1321823992
2023-09-09 00:00:00+00:00,25901.61,10980.62277,284.1094738,359038,0.4746947053,0.1084694719,1440,0.110192589,0.478649898,1440,11.0192589,0.01207854902,,0,0.1277163593
2023-09-10 00:00:00+00:00,25841.61,18738.26914,483.5774592,489773,0.4668259728,0.2207120382,1440,0.1639521756,0.3961648418,1440,16.39521756,0.04795809682,1.915542165,0,0.1197505837
2023-09-11 00:00:00+00:00,25162.52,41682.32,1057.371885,864138,0.4717804199,0.4230169386,1440,0.1846518617,0.4414632163,1440,18.46518617,0.2518546035,0.9295584999,0,0.1325614679
2023-09-12 00:00:00+00:00,25840.1,56434.38537,1464.393037,1047056,0.4911990822,0.5378020284,1440,0.2271971957,0.435267533,1440,22.71971957,0.1814537655,1.559881701,0,0.1292483837
2023-09-13 00:00:00+00:00,26222,31610.82753,825.4378815,714880,0.4836001324,0.363347425,1440,0.1925772893,0.3020923976,1440,19.25772893,0.1777384408,2.471180178,0,0.1282552563
2023-09-14 00:00:00+00:00,26522.73,38333.1725,1015.26732,799278,0.5071444235,0.3480152218,1440,0.1700054111,0.367049347,1440,17.00054111,0.112318676,2.701565082,1.110284895,0.1550278108
2023-09-15 00:00:00+00:00,26600,26227.29369,695.203258,654094,0.4804304744,0.2595352155,1440,0.1943896251,0.4580179264,1440,19.43896251,0.04184552587,0.7121646439,0.7641474236,0.1244664178
2023-09-16 00:00:00+00:00,26559.67,13960.93351,370.8898665,526416,0.4662233736,0.1668944784,1440,0.1629961632,0.3555057748,1440,16.29961632,0.04091014861,,0,0.1295723889
2023-09-17 00:00:00+00:00,26527.51,12998.10277,344.7037276,476775,0.4892940687,0.1275784868,1440,0.0992367456,0.2589538995,1440,9.92367456,0.03514879598,,0,0.1388734305
2023-09-18 00:00:00+00:00,26762.51,43000.43256,1158.780348,938705,0.501197657,0.3822106715,1440,0.1482103869,0.2417558162,1440,14.82103869,0.0761120937,,0,0.1271569541
2023-09-19 00:00:00+00:00,27210.26,36190.52187,981.5392556,898076,0.4932549921,0.3893760977,1440,0.201264942,0.3394682,1440,20.1264942,0.1690414356,,0,0.127124794
2023-09-20 00:00:00+00:00,27125,34207.21867,927.206076,867288,0.4964867511,0.3594169711,1440,0.2114474863,0.3852090504,1440,21.14474863,0.03384680365,,0,0.1437031729
2023-09-21 00:00:00+00:00,26568.08,34476.82662,920.7681434,823416,0.4895688981,0.2928749694,1440,0.1737496047,0.3193345723,1440,17.37496047,0.2253044569,2.576710794,1.34737984,0.1174644897
2023-09-22 00:00:00+00:00,26580.14,18198.2292,484.3316189,567149,0.4662045244,0.2141834947,1440,0.2496834083,0.4789625504,1440,24.96834083,0.0093701332,,0,0.1191578479
2023-09-23 00:00:00+00:00,26575.96,9440.7026,250.8739574,421717,0.4647108892,0.08907587007,1440,0.1152711552,0.406056073,1440,11.52711552,0.006268990157,,0,0.1205709381
2023-09-24 00:00:00+00:00,26248.38,15706.65771,416.3683014,545045,0.4805009162,0.261417827,1440,0.1956005383,0.4582544509,1440,19.56005383,0.2978799026,2.446157292,0,0.1267975053
2023-09-25 00:00:00+00:00,26304.81,26266.2039,688.2525964,873488,0.4817819171,0.2791435592,1440,0.2281989084,0.3757919709,1440,22.81989084,0.03120277873,0.8105216524,0,0.1234781355
2023-09-26 00:00:00+00:00,26221.67,18495.35066,485.217905,697727,0.4765392991,0.2047643484,1440,0.1777394691,0.3492743178,1440,17.77394691,0.06524169897,,0,0.1005394495
2023-09-27 00:00:00+00:00,26372.99,34771.57978,918.797815,939690,0.4835487823,0.3088080735,1440,0.1859061096,0.3837724208,1440,18.59061096,0.06262762189,1.26740234,0.8286962478,0.1309933559
2023-09-28 00:00:00+00:00,27021.39,44517.83491,1193.42004,1158974,0.5045886096,0.3793404475,1440,0.1938469804,0.3665470307,1440,19.38469804,0.2035192422,,0,0.1185911075
2023-09-29 00:00:00+00:00,26906.96,28478.76219,767.8273149,878610,0.5059684632,0.3209624541,1440,0.209516935,0.3788559265,1440,20.9516935,0.05527004967,,0,0.1310364343
2023-09-30 00:00:00+00:00,26962.56,12804.62307,345.4060567,534908,0.4858591062,0.1391179306,1440,0.1615226568,0.3952375558,1440,16.15226568,0.05976293076,,0,0.1299913352
2023-10-01 00:00:00+00:00,27992.57,24602.81468,674.657122,883593,0.5209154768,0.5203307845,1440,0.3260772482,0.739342029,1440,32.60772482,0.5556879127,6.326940211,4.135969967,0.1129560005
2023-10-02 00:00:00+00:00,27494.51,57071.14241,1600.944483,1464158,0.4980382169,0.515809465,1440,0.1886909635,0.2985150862,1440,18.86909635,0.1121386133,4.020233413,1.168190997,0.1167358462
2023-10-03 00:00:00+00:00,27426.46,28928.96555,794.3018154,1202377,0.4688047088,0.3274450145,1440,0.1948352545,0.2885984728,1440,19.48352545,0.03119856317,0.8726525447,0,0.1257063212
2023-10-04 00:00:00+00:00,27778.57,29816.142,820.4213853,1188381,0.5056892287,0.3150076873,1440,0.2098196404,0.3461528539,1440,20.98196404,0.1554886246,,0,0.1105545867
2023-10-05 00:00:00+00:00,27410.39,30681.49619,849.415594,1210397,0.4884375246,0.3445042028,1440,0.2266795759,0.3555362178,1440,22.66795759,0.1570811934,1.226237506,0,0.1029519111
2023-10-06 00:00:00+00:00,27931.09,37983.24277,1052.864394,1326700,0.5026227006,0.4208810803,1440,0.2266008981,0.3696818587,1440,22.66008981,0.1787340026,1.127578503,1.466890594,0.1029417781
2023-10-07 00:00:00+00:00,27956.67,13348.83825,372.8202795,641623,0.4788694544,0.1559632729,1440,0.1570385265,0.3441773124,1440,15.70385265,0.02455355243,0.5883933593,0,0.09489054581
2023-10-08 00:00:00+00:00,27917.05,19693.56921,549.8399515,822730,0.467974221,0.2179493113,1440,0.1370901636,0.2345822793,1440,13.70901636,0.02579292884,,0,0.1284170379
2023-10-09 00:00:00+00:00,27590.12,31534.74639,870.0146344,1156525,0.478121176,0.3275970095,1440,0.1846562232,0.3408382047,1440,18.46562232,0.1353985922,1.223076053,0,0.1266637371
2023-10-10 00:00:00+00:00,27390.12,22776.84383,626.2587243,1002272,0.4764146978,0.2826935234,1440,0.2427593064,0.3560420833,1440,24.27593064,0.1161720055,,0,0.1095112394
2023-10-11 00:00:00+00:00,26875.52,37349.44706,1007.065586,1336479,0.4674788725,0.365155684,1440,0.1441012246,0.3638986288,1440,14.41012246,0.188334599,2.493742253,1.670123856,0.1114786099
2023-10-12 00:00:00+00:00,26759.63,23428.64112,626.9090684,1066082,0.4750108798,0.2594256704,1440,0.1709960976,0.2792283918,1440,17.09960976,0.06893227038,1.582608127,0,0.1438735727
2023-10-13 00:00:00+00:00,26862,24115.76499,647.5537964,1035322,0.4648268008,0.2879048851,1440,0.1547479987,0.2783624062,1440,15.47479987,0.05896405752,,0,0.1329193436
2023-10-14 00:00:00+00:00,26852.48,10417.25576,280.0590191,517837,0.4203460384,0.1179879949,1440,0.12030627,0.3026687229,1440,12.030627,0.01265686097,0.1103449858,0,0.1344495382
2023-10-15 00:00:00+00:00,27154.15,15274.6917,412.6739653,682942,0.5108248718,0.1809095018,1440,0.1673453612,0.3568127588,1440,16.73453612,0.2707151037,,0,0.1542381091
2023-10-16 00:00:00+00:00,28500.78,78399.22445,2210.785548,2289339,0.5196230194,1.042089567,1440,0.2716954879,0.5458152195,1440,27.16954879,0.218933791,,0,0.1387134478
2023-10-17 00:00:00+00:00,28395.91,38428.44532,1090.741746,1345810,0.4942710493,0.3924373653,1440,0.1919486275,0.3155988809,1440,19.19486275,0.03379658495,0.7606346123,0,0.1424014004
2023-10-18 00:00:00+00:00,28320,32162.47591,914.7735252,1215235,0.4847308542,0.3810735733,1440,0.2324354291,0.3879625143,1440,23.24354291,0.02926245472,1.544385191,0,0.1148530713
2023-10-19 00:00:00+00:00,28713.71,35895.50179,1023.984017,1330256,0.5133578446,0.3547570573,1440,0.2118218012,0.3268983953,1440,21.18218012,0.1348306223,3.118266092,1.763586487,0.1091764535
2023-10-20 00:00:00+00:00,29669.04,59422.0992,1753.411193,1915748,0.4958888977,0.4887072739,1440,0.126108237,0.2114903158,1440,12.6108237,0.1866611149,4.510803443,1.961502902,0.1353507094
2023-10-21 00:00:00+00:00,29909.8,27517.51897,821.9645084,1152137,0.50281148,0.2912503541,1440,0.1285270535,0.2239098089,1440,12.85270535,0.09832672756,,0,0.1109121371
2023-10-22 00:00:00+00:00,29992.46,22852.54563,683.8548279,1008299,0.488412478,0.2907762241,1440,0.2501868664,0.3894308714,1440,25.01868664,0.04035696955,2.103029135,0.7655662543,0.1086105602
2023-10-23 00:00:00+00:00,33069.99,93513.64246,2941.620023,2839938,0.5115748848,1.111507529,1440,0.2374601457,0.2796158387,1440,23.74601457,0.3320626291,,0,0.1166134867
2023-10-24 00:00:00+00:00,33922.73,115265.0242,3933.194868,2850160,0.49806366,0.9591664886,1440,0.2200546879,0.2593011864,1440,22.00546879,0.06472871908,,0,0.1167370669
2023-10-25 00:00:00+00:00,34496.05,54887.02529,1888.210826,1643976,0.4764423583,0.5730281033,1440,0.2070712727,0.2367460585,1440,20.70712727,0.0887588045,1.801014183,0,0.1247601647
2023-10-26 00:00:00+00:00,34151.66,39744.66255,1363.077907,1382785,0.4661866379,0.4381064149,1440,0.2466151627,0.2484416305,1440,24.66151627,0.07361010522,2.610425558,1.180446965,0.1143150959
2023-10-27 00:00:00+00:00,33892.02,32330.40106,1096.889423,1112240,0.4426274906,0.4061499036,1440,0.2164015765,0.3601935152,1440,21.64015765,0.06957497542,4.528213836,2.186680203,0.1295349844
2023-10-28 00:00:00+00:00,34081,16880.13144,575.9365233,607438,0.4924906906,0.270919976,1440,0.2423962458,0.460100122,1440,24.23962458,0.09654633076,2.727728939,0.6159914511,0.1425351933
2023-10-29 00:00:00+00:00,34525.89,20685.52176,711.6529852,717480,0.486038548,0.2733074424,1440,0.1968592763,0.3257712164,1440,19.68592763,0.1822437817,1.498009391,0.7866704125,0.1205113357
2023-10-30 00:00:00+00:00,34474.73,33657.95976,1159.771908,1117727,0.4527181065,0.3634979302,1440,0.2572492742,0.4463397619,1440,25.72492742,0.0127860098,3.301389074,1.218830072,0.1258543554
2023-10-31 00:00:00+00:00,34639.77,32737.89822,1125.442444,1179053,0.4839588325,0.3249864473,1440,0.2275623303,0.3834358292,1440,22.75623303,0.0424353292,1.001024257,0,0.1331900726
2023-11-01 00:00:00+00:00,35421.43,53473.28165,1856.34882,1624635,0.4820912819,0.4795699248,1440,0.1687635555,0.2762503035,1440,16.87635555,0.1202067199,3.346063818,1.256937263,0.1323697616
2023-11-02 00:00:00+00:00,34941.59,48015.57732,1686.141698,1450837,0.4853290286,0.4282382218,1440,0.2204539477,0.3238477149,1440,22.04539477,0.080889963,1.269011262,0,0.1167255049
2023-11-03 00:00:00+00:00,34716.78,39071.20644,1347.962832,1237373,0.490613381,0.3959019654,1440,0.2155351617,0.2533086685,1440,21.55351617,0.04788460443,2.275446237,1.574520723,0.1076156657
2023-11-04 00:00:00+00:00,35062.07,18377.55545,639.9585984,794787,0.5021977224,0.2303202628,1440,0.1931971708,0.3764341006,1440,19.31971708,0.1546471266,,0,0.09823543992
2023-11-05 00:00:00+00:00,35011.88,24528.73376,859.350974,1038468,0.483935781,0.3280235846,1440,0.3150871532,0.4673823743,1440,31.50871532,0.0166694048,,0,0.1005784023
2023-11-06 00:00:00+00:00,35046.09,22346.47086,782.4277023,988246,0.4819677048,0.2893299664,1440,0.2621584533,0.2892345559,1440,26.21584533,0.01248191834,0.6485804785,0,0.1016868459
2023-11-07 00:00:00+00:00,35399.12,38688.73692,1358.031361,1352796,0.5007986877,0.3999386029,1440,0.2095227396,0.342967808,1440,20.95227396,0.07380469276,,0,0.1097775191
2023-11-08 00:00:00+00:00,35624.72,33401.34137,1185.49216,1132568,0.5147345524,0.3837398939,1440,0.1854996353,0.3435210128,1440,18.54996353,0.05358802063,,0,0.1169801904
2023-11-09 00:00:00+00:00,36701.09,82537.88885,3033.417923,2138765,0.5107570953,0.8003372436,1440,0.1994688429,0.3673489165,1440,19.94688429,0.09812916235,,2.181453075,0.123896097
2023-11-10 00:00:00+00:00,37301.63,43414.04898,1605.069175,1297729,0.4926646856,0.4387897081,1440,0.2168433152,0.3124137139,1440,21.68433152,0.1011206918,,0,0.1123755094
2023-11-11 00:00:00+00:00,37130,22984.97235,851.9246127,923300,0.4667683631,0.2781994991,1440,0.2130110943,0.3232657869,1440,21.30110943,0.05413339595,1.876818901,0.9499350562,0.09847615894
2023-11-12 00:00:00+00:00,37064.13,17687.18874,655.5708131,810885,0.480939093,0.2220809446,1440,0.2475180246,0.4156713933,1440,24.75180246,0.02708498607,,0,0.0868665624
2023-11-13 00:00:00+00:00,36462.93,32798.18252,1208.037462,1217191,0.4708323429,0.3595500781,1440,0.2108426586,0.2726783724,1440,21.08426586,0.1353726851,,0,0.09419221731
2023-11-14 00:00:00+00:00,35551.19,45503.68416,1639.130785,1404428,0.4660103141,0.5759403534,1440,0.230887653,0.4519554566,1440,23.0887653,0.1544873577,5.418391436,3.237864298,0.1115533011
2023-11-15 00:00:00+00:00,37858.2,53569.13385,1963.249657,1545427,0.5253424944,0.6482698663,1440,0.2396036793,0.30553608,1440,23.96036793,0.3202545901,4.13087849,2.422242773,0.09991300239
2023-11-16 00:00:00+00:00,36163.51,47490.39566,1744.503339,1542446,0.4677587746,0.5439222797,1440,0.2666337374,0.2901958223,1440,26.66337374,0.2625217198,,0,0.1091359199
2023-11-17 00:00:00+00:00,36613.92,38283.61112,1391.225051,1349322,0.4807112906,0.5249459565,1440,0.3533464221,0.3711148959,1440,35.33464221,0.08897120248,,0,0.1080707484
2023-11-18 00:00:00+00:00,36568.1,17102.24186,624.4340695,784498,0.473712606,0.2214533183,1440,0.2768616332,0.5242639958,1440,27.68616332,0.02005368339,,0,0.1010634395
2023-11-19 00:00:00+00:00,37359.86,21246.34648,781.5318394,862400,0.4977445388,0.2616376511,1440,0.2645914198,0.4622451317,1440,26.45914198,0.2740846795,,0.6026907723,0.09975204727
2023-11-20 00:00:00+00:00,37448.78,36022.70291,1343.722642,1485050,0.4883372179,0.4356659339,1440,0.2722370008,0.4071012474,1440,27.22370008,0.01769164676,,0,0.09617237562
2023-11-21 00:00:00+00:00,35741.65,47646.54804,1756.747496,1936895,0.4695286773,0.5432455432,1440,0.2825603731,0.3131968911,1440,28.25603731,0.2655900028,,0,0.09692679992
2023-11-22 00:00:00+00:00,37408.34,45051.30697,1657.141022,1648374,0.5115658854,0.4206869159,1440,0.1793964929,0.2931328598,1440,17.93964929,0.2750339179,,0.6827135051,0.1135110713
2023-11-23 00:00:00+00:00,37294.28,23827.92882,888.8266489,992284,0.4652670991,0.2854922167,1440,0.2066184731,0.3254534613,1440,20.66184731,0.03435664911,,0,0.1329883123
2023-11-24 00:00:00+00:00,37713.57,44680.80646,1688.715728,1379414,0.5001962617,0.450630928,1440,0.1700576777,0.2608704693,1440,17.00576777,0.06620423301,3.65956916,2.315436705,0.12324089
2023-11-25 00:00:00+00:00,37780.67,11396.14464,430.1652518,569448,0.4522504165,0.1400798575,1440,0.2213719799,0.4242227917,1440,22.13719799,0.04132410792,,0,0.1050868437
2023-11-26 00:00:00+00:00,37447.43,21264.53723,797.3211936,848020,0.4798842458,0.2294495426,1440,0.229569739,0.3960846136,1440,22.9569739,0.1111159902,,0,0.1009341988
2023-11-27 00:00:00+00:00,37242.7,30001.07376,1112.557435,1238017,0.4819373578,0.3478531876,1440,0.2450248928,0.3233721704,1440,24.50248928,0.04927503188,,0,0.0896477146
2023-11-28 00:00:00+00:00,37818.87,37544.46667,1414.360252,1272779,0.4839211631,0.3746515724,1440,0.2433023421,0.5054454684,1440,24.33023421,0.1085454143,,0,0.09203339019
2023-11-29 00:00:00+00:00,37854.64,32994.19107,1252.586506,1131353,0.4724760397,0.3383697872,1440,0.2075961907,0.3017521504,1440,20.75961907,0.007547399887,,0,0.1113898537
2023-11-30 00:00:00+00:00,37723.96,24740.29147,934.491059,1007791,0.4642004422,0.2604803723,1440,0.1697059601,0.3209880554,1440,16.97059601,0.03700543902,,0,0.1152802401
2023-12-01 00:00:00+00:00,38682.52,43415.66324,1669.750778,1523417,0.5161333799,0.3573151259,1440,0.1218663099,0.2825196235,1440,12.18663099,0.1502762113,0.4817883914,0,0.1297505717
2023-12-02 00:00:00+00:00,39450.35,26696.92161,1043.421977,1034690,0.493189966,0.313489119,1440,0.1995755927,0.5538233648,1440,19.95755927,0.1883715435,,0,0.1236125982
2023-12-03 00:00:00+00:00,39972.26,26710.65335,1059.860641,1151524,0.4991752222,0.2942742133,1440,0.1250742218,0.2962588026,1440,12.50742218,0.1240049284,1.141223383,0,0.1169566811
2023-12-04 00:00:00+00:00,41991.1,79272.33059,3285.736844,2112219,0.4868737776,0.5362164011,1440,0.09324139691,0.2341571019,1440,9.324139691,0.149957163,,0,0.161071924
2023-12-05 00:00:00+00:00,44073.32,67490.74644,2890.205389,2072700,0.5158604693,0.5905135672,1440,0.1752815114,0.3036535623,1440,17.52815114,0.1674514892,,0,0.1202259561
2023-12-06 00:00:00+00:00,43762.69,51431.10492,2256.979506,1876282,0.4878881167,0.4950301122,1440,0.2496322069,0.3195365336,1440,24.96322069,0.03133826783,,0,0.09891928469
2023-12-07 00:00:00+00:00,43273.14,47103.26845,2046.945852,1414759,0.4805542686,0.4451860906,1440,0.2110425185,0.3593519856,1440,21.10425185,0.05495752941,2.533992534,1.092619499,0.1129978216
2023-12-08 00:00:00+00:00,44170.99,42900.37556,1875.581755,1311268,0.4852796354,0.3717176926,1440,0.1354007742,0.2973711278,1440,13.54007742,0.1094919989,2.638350749,1.433367537,0.1233224914
2023-12-09 00:00:00+00:00,43713.6,24925.97008,1096.487107,987352,0.465298149,0.2824110712,1440,0.2179157855,0.4461796638,1440,21.79157855,0.09493018384,2.085367501,1.126183592,0.1124999059
2023-12-10 00:00:00+00:00,43789.51,18956.61758,830.4851626,830667,0.4664284856,0.2158272009,1440,0.1676551272,0.3663687278,1440,16.76551272,0.02089169753,0.8600459265,0,0.1038713037
2023-12-11 00:00:00+00:00,41253.4,76663.89804,3205.540836,2087142,0.4760942715,0.8641938215,1440,0.2325409833,0.3138875594,1440,23.25409833,0.186117602,,0,0.1300211564
2023-12-12 00:00:00+00:00,41492.39,42722.69773,1773.961284,1526411,0.5007855945,0.488616387,1440,0.2843986604,0.3178547778,1440,28.43986604,0.03256273602,,0,0.110855456
2023-12-13 00:00:00+00:00,42869.03,45865.99773,1919.703389,1724659,0.4873975268,0.5127118563,1440,0.319520753,0.4132620418,1440,31.9520753,0.1700242707,,0,0.09706757387
2023-12-14 00:00:00+00:00,43022.26,42047.05709,1798.740625,1599536,0.4894467022,0.5289212516,1440,0.3357840541,0.3883310995,1440,33.57840541,0.0198361137,,0,0.09459011316
2023-12-15 00:00:00+00:00,41940.3,33421.7932,1416.898939,1323628,0.4883381464,0.3797245726,1440,0.2282041979,0.2803254027,1440,22.82041979,0.1797621337,,0,0.085109956
2023-12-16 00:00:00+00:00,42278.03,24118.85747,1020.469628,1180886,0.5055589853,0.2645316929,1440,0.2459443194,0.3664201925,1440,24.59443194,0.07859506093,,0,0.08908113419
2023-12-17 00:00:00+00:00,41374.65,27722.11452,1161.963643,1227634,0.4778085752,0.3509729196,1440,0.2942418776,0.471700762,1440,29.42418776,0.1858852595,,0,0.07519121145
2023-12-18 00:00:00+00:00,42657.8,46734.0925,1936.003306,1741647,0.4976195635,0.4702925196,1440,0.2296119052,0.323504229,1440,22.96119052,0.15775679,,0,0.1071594415
2023-12-19 00:00:00+00:00,42275.99,40927.86444,1747.830242,1609188,0.492663366,0.4696197613,1440,0.2657081561,0.3046647117,1440,26.57081561,0.05143994154,,0,0.1059662041
2023-12-20 00:00:00+00:00,43668.93,48710.2947,2115.81387,1934588,0.4909051971,0.4811473198,1440,0.1866443456,0.3195343177,1440,18.66443456,0.153215522,,0,0.1098560179
2023-12-21 00:00:00+00:00,43861.8,34624.29384,1514.529919,1500702,0.492685729,0.4429578118,1440,0.332594505,0.4067402363,1440,33.2594505,0.02909758673,3.116635426,1.227304035,0.1109802475
2023-12-22 00:00:00+00:00,43969.04,32783.19638,1436.074498,1404109,0.4895563741,0.39063917,1440,0.2775853826,0.3935464514,1440,27.75853826,0.01700446649,0.670871079,0.7779919698,0.09042452721
2023-12-23 00:00:00+00:00,43702.16,16557.1293,722.9438253,849658,0.4690007247,0.2278002667,1440,0.2237770912,0.3820157661,1440,22.37770912,0.08421430373,,0,0.08860242317
2023-12-24 00:00:00+00:00,42991.5,25144.33496,1093.460635,1137678,0.4709317689,0.3672259471,1440,0.2264152593,0.5474326801,1440,22.64152593,0.1499377896,,0,0.08898939496
2023-12-25 00:00:00+00:00,43576.13,27021.23992,1172.053387,1168428,0.5066843469,0.331259257,1440,0.2746222292,0.4228089757,1440,27.46222292,0.115243058,,0,0.09368233418
2023-12-26 00:00:00+00:00,42508.93,41010.04282,1746.333612,1475816,0.5144146382,0.4096468503,1440,0.1708660859,0.3108561401,1440,17.08660859,0.1419851951,2.200389157,1.139471021,0.1131757112
2023-12-27 00:00:00+00:00,43428.85,36191.21136,1554.08299,1439770,0.5245149846,0.3756578894,1440,0.1887934842,0.2626146862,1440,18.87934842,0.1377648133,,0,0.1373515911
2023-12-28 00:00:00+00:00,42563.76,35150.52485,1508.408742,1391826,0.4956631281,0.4103517767,1440,0.2879973005,0.3349642195,1440,28.79973005,0.1333907663,1.714989477,0.9911320545,0.1001683488
2023-12-29 00:00:00+00:00,42066.95,42597.18912,1803.086285,1571137,0.4975760541,0.4680151064,1440,0.2254812563,0.3305187118,1440,22.54812563,0.06511496613,,0,0.0875576647
2023-12-30 00:00:00+00:00,42140.28,22906.57818,964.875791,936545,0.5119794143,0.3229518687,1440,0.2973873937,0.4157406715,1440,29.73873937,0.01805057326,1.426952125,0.635203243,0.1023935779
2023-12-31 00:00:00+00:00,42283.58,23585.91603,1001.519242,1016484,0.508657312,0.3312563039,1440,0.2912472755,0.4664136405,1440,29.12472755,0.03389628485,,0,0.1040874737
2024-01-01 00:00:00+00:00,44179.55,27174.29903,1169.995682,1114623,0.5274002389,0.3231673332,1440,0.2243430915,0.3543839601,1440,22.43430915,0.3749003692,,0,0.09813524021
2024-01-02 00:00:00+00:00,44946.91,65146.40661,2944.331822,2247532,0.5190945476,0.5731907988,1440,0.1799915331,0.2305252342,1440,17.99915331,0.05848526665,0.1829070117,0,0.1044353426
2024-01-03 00:00:00+00:00,42845.23,81194.55173,3507.104564,2658041,0.4816085659,1.153015836,1440,0.4099064065,0.5749605718,1440,40.99064065,0.1365448174,,0,0.09363210089
2024-01-04 00:00:00+00:00,44151.1,48038.06334,2095.095359,1819944,0.4913999222,0.5742572507,1440,0.323403209,0.3944172655,1440,32.3403209,0.1433038423,,1.123984823,0.0965946334
2024-01-05 00:00:00+00:00,44145.11,48075.25327,2100.953924,2064845,0.4995306863,0.8773166088,1440,0.4643331767,0.5541728112,1440,46.43331767,0.0006458002788,10.4933383,5.562760407,0.08989310935
2024-01-06 00:00:00+00:00,43968.32,17835.06144,781.2128835,956642,0.507347326,0.2993967552,1440,0.3103884084,0.3292335316,1440,31.03884084,0.05136612094,1.433148762,0,0.07126161073
2024-01-07 00:00:00+00:00,43929.02,23023.8508,1014.635096,1109259,0.5044127314,0.336473971,1440,0.3012954525,0.3715861609,1440,30.12954525,0.008813267705,0.5977342822,0,0.0748486404
2024-01-08 00:00:00+00:00,46951.04,72814.57589,3298.772151,2364464,0.5318825912,0.6569423655,1440,0.1842806768,0.3424849083,1440,18.42806768,0.2016817291,0.8885781527,0,0.1073562394
2024-01-09 00:00:00+00:00,46110,69927.66617,3251.442073,2637745,0.4980211152,1.086418046,1440,0.3818775787,0.4326852516,1440,38.18775787,0.05559228801,8.469001915,4.961342702,0.1076767528
2024-01-10 00:00:00+00:00,46653.99,89911.41203,4123.809482,3133588,0.5217446076,0.9631305788,1440,0.1229907842,0.1173318498,1440,12.29907842,0.02844119743,6.71248134,2.216058997,0.09967384178
2024-01-11 00:00:00+00:00,46339.16,87470.3296,4105.139605,2998451,0.5038985048,0.7537155776,1440,0.1814217413,0.2365293312,1440,18.14217413,0.01649410954,,0,0.1225494042
2024-01-12 00:00:00+00:00,42782.73,86327.93707,3827.483736,2809192,0.4831295879,0.882534919,1440,0.2140385128,0.3054178666,1440,21.40385128,0.208630215,4.475425793,2.693710389,0.1154088835
2024-01-13 00:00:00+00:00,42847.99,36118.47464,1547.370612,1434243,0.4913855975,0.4791119093,1440,0.2709937041,0.3131155498,1440,27.09937041,0.009850385094,,0,0.1188795009
2024-01-14 00:00:00+00:00,41732.35,28228.40894,1202.212782,1235727,0.4849833534,0.4503043773,1440,0.2412072078,0.3097551538,1440,24.12072078,0.2194464166,1.869728231,1.691485914,0.08216488882
2024-01-15 00:00:00+00:00,42511.1,40269.89303,1718.982911,1657611,0.4947805619,0.4366806195,1440,0.1296440339,0.1847058867,1440,12.96440339,0.1075555246,2.168705843,1.021617787,0.09508316037
2024-01-16 00:00:00+00:00,43137.95,45045.74589,1931.94715,1716580,0.5342248462,0.4735668298,1440,0.1178127295,0.2013587346,1440,11.78127295,0.07576761004,1.197743737,0,0.1250440885
2024-01-17 00:00:00+00:00,42776.1,33266.21388,1419.888431,1438172,0.5004538644,0.4068651466,1440,0.3330248159,0.3555438066,1440,33.30248159,0.0593256804,2.246459603,1.053359046,0.1008232988
2024-01-18 00:00:00+00:00,41327.5,43907.51641,1839.426541,1466087,0.480217172,0.484526798,1440,0.1585214569,0.1966141754,1440,15.85214569,0.1872942283,,0,0.0817572769
2024-01-19 00:00:00+00:00,41659.03,48342.74559,1993.846467,1641428,0.5036433058,0.5203895263,1440,0.241930095,0.2547696384,1440,24.1930095,0.04007336586,1.783245471,1.358908007,0.09954289145
2024-01-20 00:00:00+00:00,41696.04,15923.99493,662.7680082,807324,0.4745898472,0.2359049588,1440,0.3026118385,0.4645305436,1440,30.26118385,0.0133984806,1.031005134,0,0.09443883124
2024-01-21 00:00:00+00:00,41580.33,11730.16301,489.151571,657817,0.4754034914,0.181709145,1440,0.2972608714,0.5463402679,1440,29.72608714,0.05681145732,1.247293534,0.2021372192,0.0859999632
2024-01-22 00:00:00+00:00,39568.02,55426.19911,2247.452154,2147250,0.4833118684,0.623450985,1440,0.1722202252,0.2149275463,1440,17.22202252,0.2207210622,2.428877263,0.3627128505,0.08158284571
2024-01-23 00:00:00+00:00,39897.6,57956.63351,2275.851991,2043925,0.5333983342,0.6014158856,1440,0.1092665044,0.1942683279,1440,10.92665044,0.03644769303,2.110888328,1.633688124,0.139044314
2024-01-24 00:00:00+00:00,40084.88,39293.82861,1569.704924,1675615,0.5261146084,0.4454606183,1440,0.1351385752,0.1885942916,1440,13.51385752,0.02983385011,,0,0.1617370275
2024-01-25 00:00:00+00:00,39961.09,31022.11853,1238.813296,1291233,0.5056150235,0.3711178071,1440,0.2338730457,0.330523086,1440,23.38730457,0.02496724225,1.220390276,0,0.1051733979
2024-01-26 00:00:00+00:00,41823.51,47384.96726,1951.700659,1624861,0.5207296098,0.472061991,1440,0.2647462436,0.4055037762,1440,26.47462436,0.2333984503,4.185448462,2.491385052,0.1049532635
2024-01-27 00:00:00+00:00,42120.63,16224.41667,678.4187024,751148,0.4613817515,0.2201160104,1440,0.1579031484,0.2649488966,1440,15.79031484,0.1043459265,,0,0.1101887875
2024-01-28 00:00:00+00:00,42031.06,27294.99838,1154.365892,1032493,0.4752221641,0.3273086317,1440,0.1205572931,0.2520201145,1440,12.05572931,0.01844108228,,0,0.1303457688
2024-01-29 00:00:00+00:00,43302.7,31542.74207,1343.46228,1197856,0.5071495127,0.3842056754,1440,0.282340512,0.3926842142,1440,28.2340512,0.2218604897,,0,0.1191664863
2024-01-30 00:00:00+00:00,42941.1,37619.24546,1633.251086,1316610,0.5134951457,0.4218359214,1440,0.287867939,0.4855128783,1440,28.7867939,0.05134286781,3.197207205,1.173294652,0.1045508063
2024-01-31 00:00:00+00:00,42580,39871.13688,1711.665577,1499559,0.5088881291,0.4844077973,1440,0.2970918155,0.3735602504,1440,29.70918155,0.04933644697,,0,0.09727212256
2024-02-01 00:00:00+00:00,43082.94,35231.04664,1497.121441,1392269,0.5147404,0.4213853158,1440,0.2532176092,0.3580358051,1440,25.32176092,0.07843342097,1.933216194,0.6307007276,0.1076633574
2024-02-02 00:00:00+00:00,43200,29672.14418,1277.919437,1086342,0.5272814464,0.3500160598,1440,0.2681537794,0.4562381236,1440,26.81537794,0.02123295167,2.292272765,1.456365499,0.1215277851
2024-02-03 00:00:00+00:00,43011.09,12033.40998,518.77535,609962,0.4729985706,0.1740244337,1440,0.237021652,0.4746175405,1440,23.7021652,0.08447791191,,0,0.1204455624
2024-02-04 00:00:00+00:00,42582.88,17066.89404,730.9995577,931235,0.4937703773,0.2356001414,1440,0.2738769862,0.5297347245,1440,27.38769862,0.1368768934,,0,0.1036818248
2024-02-05 00:00:00+00:00,42708.7,29467.75905,1262.620641,1317397,0.5084902993,0.3268462497,1440,0.2400317707,0.381101079,1440,24.00317707,0.02336689178,,0,0.08518990652
2024-02-06 00:00:00+00:00,43098.95,24675.85433,1061.049583,1120760,0.5191707602,0.3181595077,1440,0.2685966317,0.4148785928,1440,26.85966317,0.08572632664,,0,0.1044474658
2024-02-07 00:00:00+00:00,44349.6,34392.59915,1496.013692,1378809,0.5162702971,0.3378763256,1440,0.1551902906,0.3232225552,1440,15.51902906,0.1912085085,,0,0.1015208137
2024-02-08 00:00:00+00:00,45288.65,45439.62231,2042.912128,1863650,0.5002577666,0.3748323996,1440,0.1597440528,0.3071018249,1440,15.97440528,0.1025631958,,0,0.120815498
2024-02-09 00:00:00+00:00,47132.77,73503.481,3453.043306,2323884,0.5082883651,0.6010970013,1440,0.1371120977,0.2828596584,1440,13.71120977,0.1155851811,3.933402161,2.089907659,0.1181300011
2024-02-10 00:00:00+00:00,47751.09,24802.35936,1176.079378,1323421,0.5136889977,0.3037274752,1440,0.1796971864,0.2661176745,1440,17.96971864,0.1108205902,,0,0.1266275798
2024-02-11 00:00:00+00:00,48299.99,29958.80837,1443.314886,1407270,0.5254342144,0.3312452345,1440,0.1964699743,0.3116247146,1440,19.64699743,0.07918895482,,0,0.1272299751
2024-02-12 00:00:00+00:00,49917.27,59009.96705,2898.220863,1939394,0.5219022333,0.4830270193,1440,0.1244923296,0.2188034808,1440,12.44923296,0.1136410336,,0,0.1338754786
2024-02-13 00:00:00+00:00,49699.59,55551.56706,2745.02537,1741811,0.5114129965,0.5362845098,1440,0.2524468612,0.3707017697,1440,25.24468612,0.01592098762,1.508954209,0,0.1103979582
2024-02-14 00:00:00+00:00,51795.17,57046.37401,2919.604457,1859392,0.5200070787,0.5346145798,1440,0.1737791051,0.2669044353,1440,17.37791051,0.141458265,,0,0.1263414784
2024-02-15 00:00:00+00:00,51880,53816.03055,2802.825738,1786569,0.4965543963,0.4850421374,1440,0.2119315848,0.3211202335,1440,21.19315848,0.005838599779,,0,0.09649765382
2024-02-16 00:00:00+00:00,52124.11,37772.25318,1965.003864,1583711,0.4847446826,0.4000267914,1440,0.252449865,0.364234581,1440,25.2449865,0.02388924658,2.303162023,0,0.09869484732
2024-02-17 00:00:00+00:00,51642.64,25674.00622,1319.908545,1427773,0.4929310923,0.3310425564,1440,0.2778389401,0.4302784676,1440,27.78389401,0.07030727876,,0,0.09665879954
2024-02-18 00:00:00+00:00,52137.67,21992.10363,1139.209588,1375422,0.5129726155,0.2917117807,1440,0.2912150521,0.3679750388,1440,29.12150521,0.08374255617,,0,0.1033075845
2024-02-19 00:00:00+00:00,51774.73,29534.99432,1539.600522,1542990,0.5168906374,0.3382474049,1440,0.2895868564,0.3991055321,1440,28.95868564,0.04537233934,2.046992904,0.33291939,0.0840643518
2024-02-20 00:00:00+00:00,52258.82,49614.47318,2574.874999,1971912,0.5037693443,0.4892855066,1440,0.1971724938,0.3102129803,1440,19.71724938,0.03614345564,1.577522575,0,0.0895636406
2024-02-21 00:00:00+00:00,51849.39,43079.40049,2210.278289,1824860,0.5162498242,0.4460755978,1440,0.2068235161,0.2392305639,1440,20.68235161,0.03558606428,2.096933378,0.8455193851,0.110056166
2024-02-22 00:00:00+00:00,51288.42,35309.44574,1820.949707,1688184,0.5049772639,0.4169928502,1440,0.2435827916,0.2960585133,1440,24.35827916,0.05973901507,1.634421883,0.5562952616,0.1034105735
2024-02-23 00:00:00+00:00,50744.15,30545.79544,1559.143577,1487039,0.4783247203,0.3624316383,1440,0.2124027855,0.3319942914,1440,21.24027855,0.06842638175,1.136511946,0.7566982465,0.1164598882
2024-02-24 00:00:00+00:00,51568.22,16560.4211,847.7933936,855015,0.510986781,0.2169562951,1440,0.2540427956,0.417547779,1440,25.40427956,0.1900138767,1.218017066,0,0.1136738524
2024-02-25 00:00:00+00:00,51728.85,18721.63159,966.9511145,923992,0.5097940676,0.2403581139,1440,0.2594676291,0.4182372454,1440,25.94676291,0.03216358751,1.33554675,0.4866568543,0.09161205255
2024-02-26 00:00:00+00:00,54476.47,51256.72199,2710.403073,1808909,0.5306393865,0.5007070318,1440,0.1762547033,0.3428416667,1440,17.62547033,0.1909428634,3.120248964,2.175799212,0.106675882
2024-02-27 00:00:00+00:00,57037.34,67194.98562,3795.949115,2414285,0.5204295905,0.6546356373,1440,0.222893878,0.3015826691,1440,22.2893878,0.1210165741,,0,0.1226361315
2024-02-28 00:00:00+00:00,62432.1,118763.4698,7162.581994,3895062,0.5226071573,1.311412253,1440,0.3075610619,0.2862606899,1440,30.75610619,0.1261743673,5.172689956,0,0.1067479306
2024-02-29 00:00:00+00:00,61130.98,78425.07603,4872.212871,3169405,0.5031945305,0.8451134257,1440,0.3670022866,0.3162897193,1440,36.70022866,0.04322633558,,0,0.1028968682
2024-03-01 00:00:00+00:00,62387.9,47737.93473,2956.537378,1947444,0.5068443504,0.5654590543,1440,0.3414555991,0.3649505506,1440,34.14555991,0.06883921423,1.716936058,0,0.09263252337
2024-03-02 00:00:00+00:00,61987.28,25534.73659,1582.566974,1641808,0.4970240114,0.3568013841,1440,0.3762658121,0.4382033499,1440,37.62658121,0.04070692562,0.9258381865,0,0.09209083551
2024-03-03 00:00:00+00:00,63113.97,28994.90903,1804.536273,1992011,0.514062175,0.4100286413,1440,0.3120179135,0.3491307629,1440,31.20179135,0.09982030962,3.999081587,1.953153171,0.08550243753
2024-03-04 00:00:00+00:00,68245.71,84835.16005,5568.877537,3887853,0.5342016962,0.8657574013,1440,0.2081779323,0.2356982861,1440,20.81779323,0.1403737733,6.107392872,4.056820681,0.1167904755
2024-03-05 00:00:00+00:00,63724.01,132696.7813,8674.526591,5310706,0.4973130819,1.392003239,1440,0.333739897,0.3048126205,1440,33.3739897,0.07902812861,5.004633247,0,0.1119028686
2024-03-06 00:00:00+00:00,66074.04,78738.85491,5197.743037,3302981,0.5123814158,0.9339403699,1440,0.4204755452,0.3167071142,1440,42.04755452,0.06967354205,,0,0.09615510446
2024-03-07 00:00:00+00:00,66823.17,53059.8869,3548.088039,2428227,0.5264930751,0.6326250136,1440,0.4314844351,0.4114082801,1440,43.14844351,0.03177470549,5.850197358,3.134899622,0.08770700371
2024-03-08 00:00:00+00:00,68124.19,74261.93284,5044.395324,2943927,0.5078175741,0.7992140983,1440,0.2184894778,0.2904369068,1440,21.84894778,0.03822556536,,0,0.1067729814
2024-03-09 00:00:00+00:00,68313.27,19872.89743,1355.964037,1345341,0.5034792755,0.2594058424,1440,0.3329676734,0.4712718522,1440,33.29676734,0.02044062027,0.5128707235,0.5486776226,0.1051500857
2024-03-10 00:00:00+00:00,68955.88,38404.66835,2659.307501,2139518,0.4996475654,0.4389406856,1440,0.288974605,0.3892051513,1440,28.8974605,0.03520782078,,0,0.09069259866
2024-03-11 00:00:00+00:00,72078.1,75292.82573,5352.704378,3043414,0.5237664423,0.6538096383,1440,0.1449559079,0.1992786127,1440,14.49559079,0.08273084115,,1.561889921,0.1163805637
2024-03-12 00:00:00+00:00,71452.01,68783.54669,4909.667979,3047890,0.5018236859,0.7542147875,1440,0.2850385572,0.3110703671,1440,28.50385572,0.01776946598,6.668636855,1.266201274,0.1029028103
2024-03-13 00:00:00+00:00,73072.41,52659.71165,3829.764501,2501197,0.5086826608,0.5038190896,1440,0.2519187306,0.3559578033,1440,25.19187306,0.05855407502,,0,0.09173444943
2024-03-14 00:00:00+00:00,71388.94,71757.62875,5132.189849,2994869,0.4971840479,0.7723882006,1440,0.3446779026,0.3559655438,1440,34.46779026,0.04541513979,6.556410024,2.535397813,0.0941474686
2024-03-15 00:00:00+00:00,69499.85,103334.0355,7065.279918,3904445,0.4823644497,1.161735505,1440,0.426280716,0.4034451551,1440,42.6280716,0.03795795977,11.36970003,4.41563858,0.1032689019
2024-03-16 00:00:00+00:00,65300.63,55926.95336,3788.544203,2729019,0.4870674568,0.7358385107,1440,0.3593901316,0.3163476331,1440,35.93901316,0.1645035849,4.856870577,2.189601647,0.09337731942
2024-03-17 00:00:00+00:00,68393.48,49742.21589,3322.963634,2449156,0.5091911146,0.6608437942,1440,0.4394103724,0.4341424387,1440,43.94103724,0.1392606707,,1.575727774,0.1044068482
2024-03-18 00:00:00+00:00,67609.99,55691.08088,3768.277912,2464515,0.5122844042,0.6437321649,1440,0.2109975066,0.2301751545,1440,21.09975066,0.03057562505,,0,0.1010868646
2024-03-19 00:00:00+00:00,61937.4,101005.3249,6484.805949,3593832,0.4772548814,1.00522251,1440,0.329616183,0.3265505671,1440,32.9616183,0.1351336591,,0,0.09966947523
2024-03-20 00:00:00+00:00,67840.51,90420.58592,5769.770052,3549793,0.5034676821,1.037720444,1440,0.3436010361,0.3409352233,1440,34.36010361,0.1577797915,1.944706123,2.167392718,0.1020758026
2024-03-21 00:00:00+00:00,65501.27,53357.48002,3551.223143,2388390,0.4994632027,0.7345769453,1440,0.3584305011,0.3369397439,1440,35.84305011,0.09881096165,1.524458326,1.224410385,0.0958128277
2024-03-22 00:00:00+00:00,63796.64,51482.37821,3310.481978,2492881,0.4774231577,0.7530441011,1440,0.4195877732,0.4166755859,1440,41.95877732,0.07965307636,4.989706671,1.80661426,0.0984459281
2024-03-23 00:00:00+00:00,63990.01,26410.11409,1706.152173,1753566,0.4827320392,0.5233527459,1440,0.4896763734,0.4590805144,1440,48.96763734,0.01773847074,2.840410201,0.6625323613,0.09773208032
2024-03-24 00:00:00+00:00,67209.99,31395.78015,2059.312949,1880774,0.5315891528,0.5376392197,1440,0.2349936726,0.2675760395,1440,23.49936726,0.2384043659,3.577914781,1.490066374,0.09905452194
2024-03-25 00:00:00+00:00,69880.01,53431.14486,3679.964074,2632220,0.5205875293,0.6216854036,1440,0.2986967096,0.4023914866,1440,29.86967096,0.1058644334,1.723469877,1.230830621,0.1098913671
2024-03-26 00:00:00+00:00,69988,38934.38417,2738.537345,2176807,0.5008132805,0.5687183787,1440,0.3320530146,0.3506332608,1440,33.20530146,0.005638668455,3.250130441,2.506857592,0.09502305908
2024-03-27 00:00:00+00:00,69469.99,49119.35685,3426.458582,2453366,0.5069759927,0.65155706,1440,0.3671789195,0.4076604746,1440,36.71789195,0.02168109681,2.606707679,0.4594858861,0.08364838972
2024-03-28 00:00:00+00:00,70780.6,35439.03239,2500.571208,1799897,0.5081196527,0.4756237651,1440,0.2805950484,0.3385383013,1440,28.05950484,0.07474328679,,0,0.08366383573
2024-03-29 00:00:00+00:00,69850.54,25445.08353,1779.608477,1522607,0.4652801743,0.3498967537,1440,0.3243905591,0.4293437558,1440,32.43905591,0.07432609754,,0,0.08244685746
2024-03-30 00:00:00+00:00,69582.18,13644.61142,954.5559197,1110488,0.4708007779,0.2235973265,1440,0.2404279683,0.3480082517,1440,24.04279683,0.04032573022,,0,0.08091511021
2024-03-31 00:00:00+00:00,71280.01,19396.34433,1367.523707,1181926,0.522906776,0.2859603707,1440,0.2488369069,0.42764815,1440,24.88369069,0.1762852318,,0,0.08015439943
2024-04-01 00:00:00+00:00,69649.8,41445.32039,2876.486469,1893438,0.4876581976,0.4654896294,1440,0.2015120226,0.3130371097,1440,20.15120226,0.08043178711,2.743306238,0,0.09926211888
2024-04-02 00:00:00+00:00,65463.99,71799.82793,4750.030718,2662410,0.49471113,0.782915769,1440,0.2235689372,0.3352272126,1440,22.35689372,0.130482542,4.91719317,0,0.1219379869
2024-04-03 00:00:00+00:00,65963.28,39887.21778,2630.556596,2172096,0.5169221775,0.5322447763,1440,0.2586063898,0.3309668114,1440,25.86063898,0.02888363286,3.072476178,1.191278513,0.1282279401
2024-04-04 00:00:00+00:00,68487.79,41510.48453,2795.469451,2000945,0.5062172116,0.5165290195,1440,0.2946975191,0.3751854649,1440,29.46975191,0.1343504492,,0,0.1303914273
2024-04-05 00:00:00+00:00,67820.62,37915.23073,2555.458935,1901980,0.4982162621,0.5778297755,1440,0.340800685,0.3837111602,1440,34.0800685,0.0383070241,0.4296780469,1.309284067,0.1046922084
2024-04-06 00:00:00+00:00,68896,20134.28919,1373.131968,1171460,0.4953670838,0.3339883087,1440,0.2386253405,0.3622461492,1440,23.86253405,0.1145690513,,0,0.1025834237
2024-04-07 00:00:00+00:00,69360.39,21534.74433,1496.213373,1269048,0.5177634714,0.3641766975,1440,0.2413673961,0.3196239622,1440,24.13673961,0.04489890434,,0,0.1181258073
2024-04-08 00:00:00+00:00,71620,45723.87624,3270.85331,2037025,0.5535380408,0.4859201767,1440,0.1982375229,0.3405853455,1440,19.82375229,0.09801237243,,0,0.1386158843
2024-04-09 00:00:00+00:00,69146,39293.90242,2749.007422,1804157,0.480902542,0.5619455433,1440,0.331012632,0.4559604669,1440,33.1012632,0.1278794416,3.243350617,1.869934877,0.1089976746
2024-04-10 00:00:00+00:00,70631.08,42006.02377,2901.564971,1852170,0.4825343194,0.586332106,1440,0.2491194643,0.3302739303,1440,24.91194643,0.07323655785,3.750763243,2.026896425,0.1119379339
2024-04-11 00:00:00+00:00,70006.23,31917.25595,2247.473275,1658995,0.4984291652,0.5179954939,1440,0.4129105883,0.4429742473,1440,41.29105883,0.0395378947,3.230696744,0.7530809775,0.1044896032
2024-04-12 00:00:00+00:00,67116.52,56072.86229,3843.551585,2496617,0.4625386253,0.6810035309,1440,0.1997164876,0.421880094,1440,19.97164876,0.1096746688,3.229281119,0,0.1233380369
2024-04-13 00:00:00+00:00,63924.51,71395.22019,4614.468628,3341340,0.4653206393,1.126625654,1440,0.3649616271,0.4239803623,1440,36.49616271,0.1055968983,,0,0.1302296577
2024-04-14 00:00:00+00:00,65661.84,61599.17818,3946.124835,2657953,0.4826735878,0.8841166805,1440,0.4960867495,0.4644223921,1440,49.60867495,0.06795294127,4.626764288,1.772097389,0.1040937324
2024-04-15 00:00:00+00:00,63419.99,52389.53069,3398.072232,2539048,0.4811396427,0.7329936945,1440,0.3929733202,0.3760055001,1440,39.29733202,0.102230974,,0,0.1021668234
2024-04-16 00:00:00+00:00,63793.39,53435.29331,3355.338198,2604354,0.487342069,0.813003842,1440,0.4053954532,0.4101347065,1440,40.53954532,0.01749590709,1.732787049,1.428273763,0.09979377845
2024-04-17 00:00:00+00:00,61277.37,50610.54509,3128.625247,2458327,0.4810607486,0.7657530606,1440,0.2173667739,0.1888299006,1440,21.73667739,0.1286155101,,0,0.1061663992
2024-04-18 00:00:00+00:00,63470.08,43601.60918,2726.741449,2142511,0.4786568075,0.677170334,1440,0.3228688907,0.3122299974,1440,32.28688907,0.1289378097,3.885354923,1.526114595,0.1089251834
2024-04-19 00:00:00+00:00,63818.01,69774.30271,4419.893235,2828284,0.5007789516,0.9516177396,1440,0.3964356502,0.3635963645,1440,39.64356502,0.01236868148,6.601124813,3.84032981,0.109708764
2024-04-20 00:00:00+00:00,64940.59,23137.42975,1486.949581,1376712,0.5105080611,0.4945177833,1440,0.4516929779,0.405369925,1440,45.16929779,0.1172696993,3.244866235,1.629621582,0.08266569651
2024-04-21 00:00:00+00:00,64941.15,19316.42152,1254.396628,1390153,0.5039607186,0.414918859,1440,0.3459349917,0.3761733346,1440,34.59349917,6.874403923e-05,4.506918844,2.177527571,0.09391058443
2024-04-22 00:00:00+00:00,66819.32,31397.99371,2071.690435,1816591,0.5244301633,0.4888352352,1440,0.2215873143,0.3114941162,1440,22.15873143,0.1376208753,2.048450141,1.183327992,0.1121326913
2024-04-23 00:00:00+00:00,66414,22599.90004,1502.139969,1433915,0.480275311,0.36688109,1440,0.2984537183,0.3723131047,1440,29.84537183,0.04050476506,1.88844755,0.3562443309,0.1164036233
2024-04-24 00:00:00+00:00,64289.59,33595.69637,2195.714862,1784897,0.5030260276,0.4850906956,1440,0.3517087294,0.4744294636,1440,35.17087294,0.1480618336,,0,0.1052507837
2024-04-25 00:00:00+00:00,64498.34,31341.46338,2007.704069,1375324,0.4724932404,0.5013654191,1440,0.3618911441,0.4592540575,1440,36.18911441,0.01614663389,2.010216732,0,0.1045362588
2024-04-26 00:00:00+00:00,63770.01,27085.19346,1736.631357,1025561,0.5010204742,0.4194218591,1440,0.3194830349,0.3959428645,1440,31.94830349,0.06539367061,,0,0.1107149658
2024-04-27 00:00:00+00:00,63461.98,20933.06052,1320.337708,912422,0.4731249518,0.4067118465,1440,0.3323834195,0.4056254204,1440,33.23834195,0.03667266857,,0,0.107919885
2024-04-28 00:00:00+00:00,63118.62,16949.20005,1078.450016,790652,0.4685376352,0.3116034507,1440,0.2678291298,0.2827820193,1440,26.78291298,0.05030528222,1.247424256,0,0.102471384
2024-04-29 00:00:00+00:00,63866,28150.22947,1765.038325,1152296,0.4968554301,0.4718775029,1440,0.3752685642,0.4632665858,1440,37.52685642,0.06669161262,3.5595348,1.587462792,0.09471610517
2024-04-30 00:00:00+00:00,60672,54947.65535,3372.142467,1985671,0.4801918475,0.6912189174,1440,0.1959051166,0.2146281965,1440,19.59051166,0.1521431323,4.695973718,2.797562839,0.1083930461
2024-05-01 00:00:00+00:00,58364.97,81166.46823,4705.572362,2401089,0.4706817311,0.9072913335,1440,0.242453054,0.3196895527,1440,24.2453054,0.08238408116,2.520647444,2.327989039,0.1366830583
2024-05-02 00:00:00+00:00,59060.61,47583.81961,2778.840305,1572898,0.4884171529,0.6079433979,1440,0.1760751749,0.1859209828,1440,17.60751749,0.0426376558,,0,0.1378256541
2024-05-03 00:00:00+00:00,62882.01,43628.40143,2658.193708,1558661,0.5075923622,0.5891104798,1440,0.3215606792,0.3838212468,1440,32.15606792,0.235859066,4.823441144,1.847890672,0.120082955
2024-05-04 00:00:00+00:00,63892.04,24368.69282,1547.468698,1113509,0.519978896,0.4731442785,1440,0.2632719472,0.3903882934,1440,26.32719472,0.1029724914,3.854605907,2.124439738,0.1217007981
2024-05-05 00:00:00+00:00,64012,18526.75029,1182.57224,992921,0.4833515997,0.4087689836,1440,0.2991197326,0.3701181273,1440,29.91197326,0.01586187919,3.098433224,1.450824343,0.1348913466
2024-05-06 00:00:00+00:00,63165.19,34674.91949,2218.131198,1392557,0.4954462927,0.5254804074,1440,0.2945163125,0.3686497583,1440,29.45163125,0.06003796133,3.144701152,0,0.1324461527
2024-05-07 00:00:00+00:00,62312.08,25598.79472,1624.531632,1272898,0.4883973229,0.4754308406,1440,0.3436956232,0.3894955656,1440,34.36956232,0.08370443843,0.8827449488,0,0.1189208415
2024-05-08 00:00:00+00:00,61193.03,26121.19004,1623.561041,1415152,0.4850308034,0.5155030487,1440,0.3400442016,0.3555415608,1440,34.00442016,0.1116189221,3.778009922,2.048106433,0.1189546342
2024-05-09 00:00:00+00:00,63074.01,30660.8061,1895.849913,1381957,0.4931381993,0.4314706874,1440,0.3081784183,0.4108141245,1440,30.81784183,0.1596935731,,0,0.1093441514
2024-05-10 00:00:00+00:00,60799.99,36529.34025,2255.550468,1500643,0.4945841238,0.5193754745,1440,0.2481550168,0.2920007825,1440,24.81550168,0.162794736,1.50908639,0,0.119268395
2024-05-11 00:00:00+00:00,60825.99,13374.56936,814.9280135,753281,0.4652931532,0.2830354905,1440,0.2835969027,0.3834775673,1440,28.35969027,0.005246355922,1.146987652,0,0.1201681638
2024-05-12 00:00:00+00:00,61483.99,12753.13236,781.0416325,727113,0.5031635287,0.2694639302,1440,0.3349381786,0.4894308139,1440,33.49381786,0.1377602746,,0,0.1243846689
2024-05-13 00:00:00+00:00,62940.08,32733.41839,2041.896627,1371433,0.5107290791,0.4724260087,1440,0.2441569301,0.3425652993,1440,24.41569301,0.1146304209,2.935584433,0.2777196431,0.13331214
2024-05-14 00:00:00+00:00,61577.49,29088.72041,1800.171876,1127939,0.4749543547,0.4872904208,1440,0.2825680692,0.2750691354,1440,28.25680692,0.1215816184,2.042562215,0,0.1182171516
2024-05-15 00:00:00+00:00,66206.5,43559.74719,2794.259632,1729454,0.5004124759,0.6017050276,1440,0.2736994852,0.5515045705,1440,27.36994852,0.2593970257,,0,0.1183186837
2024-05-16 00:00:00+00:00,65235.21,31106.3671,2045.507647,1269793,0.5029553139,0.4151435317,1440,0.2669271518,0.34479733,1440,26.69271518,0.07225243872,,0,0.09910884483
2024-05-17 00:00:00+00:00,67024,26292.23409,1745.971822,1117254,0.5058944479,0.3843569066,1440,0.2422656342,0.3559027625,1440,24.22656342,0.1549361222,,0,0.1102814604
2024-05-18 00:00:00+00:00,66915.2,14441.25774,967.1459447,734067,0.4785687206,0.2509588214,1440,0.2068236099,0.3790184668,1440,20.68236099,0.01679806552,,0,0.1287986527
2024-05-19 00:00:00+00:00,66274.01,18025.30409,1204.989223,823729,0.4822207174,0.311491774,1440,0.2335706872,0.4111826871,1440,23.35706872,0.07990388315,0.4059473228,0,0.1282936019
2024-05-20 00:00:00+00:00,71446.62,50816.7011,3485.474764,1930939,0.5272386708,0.5317575339,1440,0.2092596848,0.39271966,1440,20.92596848,0.2156170629,,0,0.1399615153
2024-05-21 00:00:00+00:00,70148.34,49607.4336,3509.345769,2137448,0.4976326594,0.4906380143,1440,0.2440070062,0.3589989971,1440,24.40070062,0.05225604989,,0,0.1179237567
2024-05-22 00:00:00+00:00,69166.62,27673.18026,1931.700812,1371973,0.4742782429,0.4535545493,1440,0.3319445677,0.3607923149,1440,33.19445677,0.07296039996,3.704580027,0,0.1247103385
2024-05-23 00:00:00+00:00,67969.65,40513.17374,2766.790261,1827855,0.4885114979,0.6039387074,1440,0.3199498252,0.4069769415,1440,31.99498252,0.06309511254,4.494875163,2.020350231,0.1177827661
2024-05-24 00:00:00+00:00,68549.99,28095.83664,1906.438697,1165907,0.5105489142,0.383898487,1440,0.2158089323,0.2622107392,1440,21.58089323,0.04459612643,,0,0.1088038791
2024-05-25 00:00:00+00:00,69290.57,12130.39418,837.339789,703803,0.4824212489,0.2063546737,1440,0.26192848,0.4765173035,1440,26.192848,0.1283297642,,0,0.1237617658
2024-05-26 00:00:00+00:00,68507.67,11872.11797,818.914879,722849,0.4998788628,0.2245418216,1440,0.3390591583,0.527927449,1440,33.90591583,0.138758159,,0,0.1152876917
2024-05-27 00:00:00+00:00,69436.43,23136.92737,1604.722198,1219341,0.5061009854,0.3554107685,1440,0.2875087016,0.4079504864,1440,28.75087016,0.08391451153,,0,0.1113686691
2024-05-28 00:00:00+00:00,68398.39,32622.97042,2224.860226,1459351,0.476446429,0.4710602526,1440,0.2770939054,0.4230020725,1440,27.70939054,0.06770030416,,0,0.1442465363
2024-05-29 00:00:00+00:00,67652.42,23159.83149,1573.095222,1221044,0.5072817367,0.3766108258,1440,0.3165583687,0.4292156144,1440,31.65583687,0.0697107197,2.124702061,0,0.116905717
2024-05-30 00:00:00+00:00,68352.17,28478.2184,1945.001082,1272851,0.494215135,0.397083284,1440,0.2864679256,0.4469846573,1440,28.64679256,0.05290580444,1.276330348,0,0.1207381515
2024-05-31 00:00:00+00:00,67540.01,26690.32184,1812.659052,1177860,0.4967381772,0.3868144939,1440,0.2581200141,0.4026385446,1440,25.81200141,0.06594261611,1.862307017,0,0.1109305521
2024-06-01 00:00:00+00:00,67766.85,8837.66133,598.305208,638484,0.4792297749,0.1491737943,1440,0.1692419894,0.2721923743,1440,16.92419894,0.05604120207,,0,0.1043382909
2024-06-02 00:00:00+00:00,67765.63,15426.32529,1046.827665,812348,0.5030513505,0.2406600591,1440,0.1765923406,0.2681056255,1440,17.65923406,0.0001719773488,,0,0.1253319673
2024-06-03 00:00:00+00:00,68809.9,29633.374,2047.757076,1253789,0.516602421,0.4124953093,1440,0.2399006035,0.3362467934,1440,23.99006035,0.07467924713,,0,0.1352119285
2024-06-04 00:00:00+00:00,70537.84,29619.78489,2069.902137,1254515,0.5038175461,0.3932653135,1440,0.2141460566,0.3505260298,1440,21.41460566,0.1198205125,1.368485629,0,0.1165801201
2024-06-05 00:00:00+00:00,71108,28703.18082,2040.073766,1055115,0.4950752326,0.3870748816,1440,0.2540383692,0.3690093796,1440,25.40383692,0.03946202721,1.751742756,0,0.132448772
2024-06-06 00:00:00+00:00,70799.06,21842.00449,1551.467659,900226,0.4709911631,0.3036852512,1440,0.2653722777,0.4221110853,1440,26.53722777,0.02806455075,1.271064025,0,0.1246634065
2024-06-07 00:00:00+00:00,69355.6,35598.45045,2507.250591,1516415,0.4865037745,0.4654408228,1440,0.2101920996,0.3466169039,1440,21.01920996,0.08215704695,3.137142278,0,0.1427886645
2024-06-08 00:00:00+00:00,69310.46,9773.82967,678.2673905,714103,0.488266168,0.1411422739,1440,0.22915312,0.4904940649,1440,22.915312,0.009598877563,,0,0.1243233182
2024-06-09 00:00:00+00:00,69648.14,9890.56709,687.3446561,575583,0.4937727954,0.1647911641,1440,0.1868009794,0.3650203152,1440,18.68009794,0.07070924486,1.138312126,0.2670577729,0.123584064
2024-06-10 00:00:00+00:00,69540,17122.66941,1192.46655,936731,0.491278682,0.2466795137,1440,0.2476675614,0.409851731,1440,24.76675614,0.01303070796,,0,0.1556034666
2024-06-11 00:00:00+00:00,67314.24,41436.01588,2793.79902,1782415,0.4788062457,0.5206758719,1440,0.2551962643,0.4679671281,1440,25.51962643,0.1164375897,4.793910233,2.129617194,0.1352731474
2024-06-12 00:00:00+00:00,68263.99,37175.32356,2550.285139,1670745,0.5104431917,0.5791015594,1440,0.3253656187,0.4582021946,1440,32.53656187,0.05493734941,5.234955977,1.620332912,0.1357979094
2024-06-13 00:00:00+00:00,66773.01,29079.55571,1958.897961,1518202,0.4775224288,0.4344791312,1440,0.2707881376,0.3327064431,1440,27.07881376,0.1127339872,1.982935945,0,0.1429271312
2024-06-14 00:00:00+00:00,66043.99,28408.18797,1884.451554,1736314,0.4794184206,0.4493335701,1440,0.2428698317,0.3548733782,1440,24.28698317,0.05825526158,2.737157892,1.979837334,0.1316755262
2024-06-15 00:00:00+00:00,66228.25,11451.80242,758.175888,700886,0.4798389484,0.167087282,1440,0.182032723,0.3065961925,1440,18.2032723,0.03674706576,,0,0.1326492495
2024-06-16 00:00:00+00:00,66676.87,9392.52223,624.6536726,703295,0.5057269542,0.1908280277,1440,0.2665900519,0.4913829378,1440,26.65900519,0.108076001,0.6629970547,0.4470047337,0.1141473835
2024-06-17 00:00:00+00:00,66504.33,27386.16851,1812.061227,1542620,0.500869419,0.40843611,1440,0.2531194348,0.3199462092,1440,25.31194348,0.01429895307,,0,0.1298725538
2024-06-18 00:00:00+00:00,65175.32,42350.10244,2755.141806,2151711,0.4740582066,0.5835748046,1440,0.2333333158,0.3419474457,1440,23.33333158,0.07326733097,3.031855354,0,0.1359502628
2024-06-19 00:00:00+00:00,64974.37,20060.79576,1307.731954,1078458,0.5129298919,0.3117805215,1440,0.237694688,0.3282895414,1440,23.7694688,0.02361328874,,0,0.1374287738
2024-06-20 00:00:00+00:00,64869.99,24265.29031,1584.896152,1282687,0.4874814679,0.3519973081,1440,0.1459734372,0.1813846203,1440,14.59734372,0.01014433262,,0,0.1199160197
2024-06-21 00:00:00+00:00,64143.56,25993.56442,1665.54154,1362617,0.482552504,0.4023593264,1440,0.2117208285,0.2885393498,1440,21.17208285,0.06761414526,,0,0.1517497878
2024-06-22 00:00:00+00:00,64262.01,7308.95542,470.0272473,562832,0.513929862,0.1312001057,1440,0.2206229676,0.4106856572,1440,22.06229676,0.03925168332,,0,0.1373977398
2024-06-23 00:00:00+00:00,63210.01,8224.45447,526.848525,592759,0.4832757789,0.178792318,1440,0.2330125538,0.3806988346,1440,23.30125538,0.3132960786,,0,0.1228499091
2024-06-24 00:00:00+00:00,60293.3,52161.35414,3180.853461,2190787,0.4696119317,0.655836243,1440,0.171181915,0.3278053169,1440,17.1181915,0.148518908,,0,0.1423522897
2024-06-25 00:00:00+00:00,61806.01,31189.24361,1914.901309,1277481,0.4924801887,0.4530495044,1440,0.288997255,0.3585456133,1440,28.8997255,0.1294041754,,0,0.1364901342
2024-06-26 00:00:00+00:00,60864.99,22485.66463,1381.716993,1112152,0.5085474109,0.3596585647,1440,0.2749063166,0.3021558576,1440,27.49063166,0.1110392102,,0,0.1347747648
2024-06-27 00:00:00+00:00,61706.47,18344.28631,1126.705165,1062176,0.5068752658,0.3451064696,1440,0.3337883852,0.3639039611,1440,33.37883852,0.1218655556,,0,0.1238078413
2024-06-28 00:00:00+00:00,60427.84,24821.19255,1519.872032,1479626,0.5101100221,0.3740764925,1440,0.2418031593,0.300644851,1440,24.18031593,0.137767268,,0,0.1304953649
2024-06-29 00:00:00+00:00,60986.68,11509.55904,701.3458725,767669,0.4745350444,0.1946751678,1440,0.2351493535,0.4459558397,1440,23.51493535,0.1312555493,,0,0.1247693426
2024-06-30 00:00:00+00:00,62772.01,17326.30136,1070.250013,1108912,0.474679843,0.2970733327,1440,0.2564718865,0.4130540304,1440,25.64718865,0.2695986309,,0,0.1543848594
2024-07-01 00:00:00+00:00,62899.99,24547.10538,1550.980814,1461508,0.5046870638,0.3610611553,1440,0.2360712837,0.3666902822,1440,23.60712837,0.01313189191,1.443998082,0,0.1568437577
2024-07-02 00:00:00+00:00,62135.47,18573.11875,1160.792333,1308816,0.5089710262,0.311306378,1440,0.2616410123,0.3395391937,1440,26.16410123,0.1053504833,1.204342019,0,0.1191024077
2024-07-03 00:00:00+00:00,60208.58,32160.11127,1945.901233,1839372,0.4681406353,0.4419199161,1440,0.2541406426,0.4197462065,1440,25.41406426,0.1618896879,1.717886537,1.347643475,0.127563727
2024-07-04 00:00:00+00:00,57050.01,54568.77276,3168.619756,2523236,0.4578257299,0.7747163699,1440,0.2150253845,0.3903251254,1440,21.50253845,0.1700633703,8.348238378,4.332712238,0.1624963211
2024-07-05 00:00:00+00:00,56628.79,81348.24756,4515.040084,3749255,0.4662257978,0.8883204015,1440,0.2277706443,0.3005685618,1440,22.77706443,0.01641344999,0.5866700244,1.567082298,0.1436115
2024-07-06 00:00:00+00:00,58230.13,21651.31558,1235.398733,1411065,0.5119090325,0.3953342722,1440,0.3021801857,0.3956529227,1440,30.21801857,0.2257198788,,0,0.1336822646
2024-07-07 00:00:00+00:00,55857.81,19118.93918,1094.135752,1289229,0.4750090282,0.4382689642,1440,0.3125417766,0.3113553079,1440,31.25417766,0.3801499374,0.910680402,0,0.1396943824
2024-07-08 00:00:00+00:00,56714.62,48090.2049,2699.942701,2554389,0.4983115978,0.8700172717,1440,0.4091608455,0.3560148398,1440,40.91608455,0.05638146032,2.367053647,1.629186575,0.1348274646
2024-07-09 00:00:00+00:00,58050,27732.20788,1592.351322,1757693,0.5099936533,0.5685718667,1440,0.4567778501,0.4165300345,1440,45.67778501,0.1461529375,,0,0.1134556995
2024-07-10 00:00:00+00:00,57725.85,24951.73799,1452.293496,1766696,0.4979024557,0.5294769672,1440,0.3618616561,0.4236185216,1440,36.18616561,0.03855713765,2.327921063,0,0.1081161113
2024-07-11 00:00:00+00:00,57339.89,29761.05735,1728.929618,2157661,0.5046628946,0.5774227926,1440,0.4009280669,0.4374195418,1440,40.09280669,0.03880168388,2.583486366,0,0.1163292969
2024-07-12 00:00:00+00:00,57889.1,23652.4569,1360.201319,1749738,0.4857349703,0.4688651397,1440,0.4042028867,0.3841717998,1440,40.42028867,0.07008204622,,0,0.1076195734
2024-07-13 00:00:00+00:00,59204.02,15357.74519,900.4292811,1114391,0.5137057779,0.3695480911,1440,0.358681009,0.4997433175,1440,35.8681009,0.2494402861,,0,0.1215081679
2024-07-14 00:00:00+00:00,60797.91,21178.33907,1273.562989,1456088,0.4948197408,0.4223593323,1440,0.3506824569,0.420917863,1440,35.06824569,0.2085956378,,0,0.121373769
2024-07-15 00:00:00+00:00,64724.14,38690.9782,2435.540879,2600425,0.4930488452,0.55723969,1440,0.2884358739,0.3701069182,1440,28.84358739,0.2569401554,,0,0.108490977
2024-07-16 00:00:00+00:00,65043.99,42530.52915,2725.231969,2484783,0.5077540398,0.6049331962,1440,0.2936229099,0.3945540447,1440,29.36229099,0.01808863139,,0,0.1270240571
2024-07-17 00:00:00+00:00,64087.99,29567.52954,1922.412273,1868671,0.494331801,0.5093814924,1440,0.2866794875,0.3072269177,1440,28.66794875,0.07702212242,0.7934773781,0.9936258948,0.1354355902
2024-07-18 00:00:00+00:00,63987.92,22568.7225,1449.872438,1696742,0.5001768226,0.4190221903,1440,0.3161042674,0.3514515502,1440,31.61042674,0.01077796427,,0,0.1374518075
2024-07-19 00:00:00+00:00,66660,35634.72739,2331.517674,2184889,0.5043133709,0.4675411006,1440,0.26636469,0.3869801112,1440,26.636469,0.175468356,,0,0.1388482574
2024-07-20 00:00:00+00:00,67139.96,14386.92434,961.8788018,995093,0.4774220242,0.3307057984,1440,0.3884819542,0.5384312523,1440,38.84819542,0.07458655798,,0,0.1150551682
2024-07-21 00:00:00+00:00,68165.34,21819.11191,1465.757868,1322942,0.5230302057,0.4313106462,1440,0.2917378414,0.4134293348,1440,29.17378414,0.1034060882,,0,0.116894144
2024-07-22 00:00:00+00:00,67532.01,21451.04303,1448.41837,1558140,0.4784825794,0.4231552882,1440,0.3777837824,0.4084853399,1440,37.77837824,0.06444627481,0.49638104,0,0.1315834189
2024-07-23 00:00:00+00:00,65936.01,31406.15316,2088.544473,1772089,0.4829896837,0.5076940499,1440,0.3284250857,0.3497205561,1440,32.84250857,0.1145150689,2.00799815,0,0.1179321899
2024-07-24 00:00:00+00:00,65376,23082.56277,1526.490826,1391053,0.4690880999,0.4230529086,1440,0.3475124056,0.4418358771,1440,34.75124056,0.05587657309,,0,0.09614489182
2024-07-25 00:00:00+00:00,65799.95,35126.42934,2266.419771,1830360,0.471993678,0.5345155776,1440,0.3172628312,0.3705760215,1440,31.72628312,0.02852013515,1.680203673,0,0.1209544091
2024-07-26 00:00:00+00:00,67907.99,24244.36023,1630.839589,1406982,0.5132955117,0.4105704647,1440,0.2491069064,0.3089057958,1440,24.91069064,0.193364341,1.522544,0,0.1051486316
2024-07-27 00:00:00+00:00,67896.5,31710.21921,2162.335067,1690591,0.4994897101,0.6789255022,1440,0.3906250679,0.4303846354,1440,39.06250679,0.0007825514582,,0.7915720149,0.1231726806
2024-07-28 00:00:00+00:00,68249.88,10868.69394,736.7556761,821210,0.4971606496,0.3036626236,1440,0.4326751312,0.4164930797,1440,43.26751312,0.07046011514,,0,0.1222685769
2024-07-29 00:00:00+00:00,66784.69,36467.29633,2499.265962,1952812,0.4989740121,0.5378760952,1440,0.1742098542,0.2797241132,1440,17.42098542,0.08683274807,,0.9070697145,0.128213774
2024-07-30 00:00:00+00:00,66188,23132.25441,1533.270725,1622083,0.4797122383,0.488630888,1440,0.240781914,0.2979176159,1440,24.0781914,0.05853294453,,0,0.1298555438
2024-07-31 00:00:00+00:00,64628,22625.43905,1489.443333,1609976,0.4781558058,0.4947897346,1440,0.3197543773,0.3523966091,1440,31.97543773,0.1601364999,3.549841687,1.649546856,0.1206431974
2024-08-01 00:00:00+00:00,65354.02,35542.26854,2270.877793,2397257,0.4751225404,0.5715586841,1440,0.2550202798,0.2780487489,1440,25.50202798,0.04919331071,2.230432322,0.8177463819,0.1447697072
2024-08-02 00:00:00+00:00,61498.33,38820.42937,2469.588786,2457735,0.468886054,0.7566751581,1440,0.2996623196,0.3161025687,1440,29.96623196,0.2462310061,5.705998607,2.798791654,0.134991786
2024-08-03 00:00:00+00:00,60697.99,28034.71567,1711.555901,1669555,0.4618544401,0.6229507817,1440,0.3035453522,0.2679037637,1440,30.35453522,0.07653525146,2.624928713,2.056065554,0.1447846488
2024-08-04 00:00:00+00:00,58161,31616.52003,1874.490042,1886195,0.4604119836,0.5945660304,1440,0.3027325229,0.3139375342,1440,30.27325229,0.2277715852,,0,0.1248205127
2024-08-05 00:00:00+00:00,54018.81,162065.5919,8580.928177,7568497,0.4773577312,2.101724524,1440,0.3791241532,0.3878020329,1440,37.91241532,0.08610106769,8.81584309,0,0.1236046082
2024-08-06 00:00:00+00:00,56022.01,55884.77676,3119.018848,3433824,0.49985335,0.8973591137,1440,0.425500901,0.298640508,1440,42.5500901,0.1167428982,,0,0.09530708533
2024-08-07 00:00:00+00:00,55134.16,44269.37684,2490.553854,2397504,0.4946342459,0.7530346822,1440,0.4011907257,0.3185820435,1440,40.11907257,0.06414300757,,0,0.09814154881
2024-08-08 00:00:00+00:00,61685.99,48349.52949,2836.312292,2603042,0.5310557435,0.9182185611,1440,0.3222992031,0.4173922818,1440,32.22992031,0.3958920575,4.133025506,0,0.1178577976
2024-08-09 00:00:00+00:00,60837.99,30972.48017,1878.350556,1827809,0.4850451319,0.6560343636,1440,0.4052372527,0.3148543338,1440,40.52372527,0.07369449364,,0,0.1341593183
2024-08-10 00:00:00+00:00,60923.51,9995.20621,607.3722212,800499,0.4895985573,0.3548077093,1440,0.4496077237,0.334906414,1440,44.96077237,0.02312772126,1.23458299,0,0.1173382692
2024-08-11 00:00:00+00:00,58712.59,19189.84512,1152.081498,1319469,0.4739353107,0.5097191278,1440,0.4575880331,0.3993871425,1440,45.75880331,0.3208536786,,0,0.09914518889
2024-08-12 00:00:00+00:00,59346.64,37009.91743,2186.851067,2293837,0.4939018304,0.7978581619,1440,0.4877612314,0.3853478222,1440,48.77612314,0.04911775684,3.972194815,0,0.100533228
2024-08-13 00:00:00+00:00,60587.15,27858.95851,1668.247897,1713485,0.4898683992,0.5720586633,1440,0.4370862095,0.4108107502,1440,43.70862095,0.12400626,,0,0.09813831393
2024-08-14 00:00:00+00:00,58683.39,28422.76326,1705.464264,1729342,0.4666645561,0.586261994,1440,0.3655704038,0.3153339217,1440,36.55704038,0.1871988907,3.326676796,0,0.09241547892
2024-08-15 00:00:00+00:00,57541.06,37686.17622,2194.915865,2507858,0.4578661154,0.7010485458,1440,0.3591090058,0.4392944619,1440,35.91090058,0.08956125817,2.861946235,1.177841979,0.1354152934
2024-08-16 00:00:00+00:00,58874.6,27610.84344,1614.6549,1999539,0.5057258852,0.6206716324,1440,0.4535721775,0.3819234419,1440,45.35721775,0.1418939634,2.766661998,0,0.1422832104
2024-08-17 00:00:00+00:00,59491.99,7721.72931,457.7377058,807159,0.501397154,0.2448206691,1440,0.3575864841,0.2704330646,1440,35.75864841,0.2279017711,0.6186793246,0,0.1175986624
2024-08-18 00:00:00+00:00,58427.35,13634.85717,813.1665807,1099730,0.4884966859,0.3540960248,1440,0.3185406362,0.4039017773,1440,31.85406362,0.2220649489,,0,0.1177996197
2024-08-19 00:00:00+00:00,59438.5,22809.31251,1336.2879,1636295,0.4976172673,0.4781145025,1440,0.2900746147,0.3511959221,1440,29.00746147,0.1284009414,2.016165848,0,0.1165406269
2024-08-20 00:00:00+00:00,59013.8,31477.44548,1890.62015,1904519,0.5096099746,0.5304172691,1440,0.2726974533,0.4067436785,1440,27.26974533,0.03792855852,2.500451956,0,0.1341072605
2024-08-21 00:00:00+00:00,61156.03,27983.6422,1682.529555,1981525,0.5058994729,0.5224198013,1440,0.3657024964,0.3969242504,1440,36.57024964,0.2119258605,1.387298393,0,0.1109352539
2024-08-22 00:00:00+00:00,60375.84,21241.20588,1288.544248,1718280,0.4834628419,0.4405817389,1440,0.3109245018,0.3402191543,1440,31.09245018,0.09964300681,2.989932,1.53353792,0.1144277421
2024-08-23 00:00:00+00:00,64037.24,38118.07089,2375.916933,2555682,0.5344678491,0.5652232555,1440,0.2701481918,0.4302842397,1440,27.01481918,0.2478022838,,0,0.1237087533
2024-08-24 00:00:00+00:00,64157.01,15857.15616,1015.774255,1551856,0.4819922805,0.3111022109,1440,0.3316808134,0.4302583194,1440,33.16808134,0.01839553505,0.556501663,0,0.1340415259
2024-08-25 00:00:00+00:00,64220,12305.47977,789.935123,1263065,0.5132447046,0.289676436,1440,0.3261665927,0.4441749434,1440,32.61665927,0.01242289911,,0,0.1219025591
2024-08-26 00:00:00+00:00,62834,19470.05276,1238.341818,2152841,0.4620262822,0.4277457903,1440,0.3516621465,0.4014849121,1440,35.16621465,0.1761901286,0.4052978254,0,0.1091648006
2024-08-27 00:00:00+00:00,59415,35135.94178,2158.144643,2995281,0.4517639999,0.6749487718,1440,0.3391283766,0.4448948585,1440,33.91283766,0.2592486499,4.554934067,2.95124956,0.1094286301
2024-08-28 00:00:00+00:00,59034.9,36868.54275,2183.054413,3664134,0.4647840772,0.6231413656,1440,0.2815027967,0.3192867378,1440,28.15027967,0.02939883338,,0,0.13880979
2024-08-29 00:00:00+00:00,59359.01,27020.90743,1617.931684,2743900,0.4867484904,0.4904315408,1440,0.2832457525,0.2905991276,1440,28.32457525,0.03384028157,,0,0.123784894
2024-08-30 00:00:00+00:00,59123.99,28519.32195,1680.918972,2845696,0.4832985691,0.5022818074,1440,0.2516041714,0.235475415,1440,25.16041714,0.02360111745,2.363631425,0,0.1017950152
2024-08-31 00:00:00+00:00,58973.99,8798.409,519.8491849,895944,0.4768965378,0.2093041433,1440,0.270812523,0.3397308693,1440,27.0812523,0.04886542177,1.630399015,0.2611282734,0.09324584217
2024-09-01 00:00:00+00:00,57301.86,20705.15741,1202.176847,2153180,0.4661401562,0.4943037993,1440,0.3742101563,0.4117429977,1440,37.42101563,0.2392610986,4.130128366,0.2010317625,0.1111092561
2024-09-02 00:00:00+00:00,59132.13,22895.01461,1333.092369,1966119,0.493349959,0.4460631606,1440,0.3415433002,0.3800661308,1440,34.15433002,0.2358527308,,0,0.1436095313
2024-09-03 00:00:00+00:00,57487.73,22828.18447,1335.076816,2208758,0.4809752635,0.4081591778,1440,0.2376882969,0.2807971222,1440,23.76882969,0.2112455062,2.345466358,1.012343246,0.1486725969
2024-09-04 00:00:00+00:00,57970.9,35560.82146,2027.63087,3177549,0.4741666288,0.6187966715,1440,0.2628615411,0.3821994858,1440,26.28615411,0.04127786225,,1.608398647,0.1466652307
2024-09-05 00:00:00+00:00,56180,27806.91413,1577.770853,3368058,0.4659233182,0.5743213734,1440,0.2960391462,0.3521738131,1440,29.60391462,0.1988903443,3.899935389,0.5934935055,0.1596975987
2024-09-06 00:00:00+00:00,53962.97,54447.76826,2988.914919,5287281,0.4651281274,0.7939511902,1440,0.2446830227,0.3063294927,1440,24.46830227,0.134706916,9.251042137,4.453336568,0.1450946226
2024-09-07 00:00:00+00:00,54160.86,16694.04774,905.6933426,1920923,0.4806447756,0.3339933348,1440,0.3095981368,0.3568067758,1440,30.95981368,0.04041585145,2.550527218,0.8724899049,0.1172816581
2024-09-08 00:00:00+00:00,54869.95,16274.14779,885.7431729,1796092,0.4935288129,0.3978263344,1440,0.3390492128,0.4723718483,1440,33.90492128,0.14685219,0.1864188081,0,0.1157948823
2024-09-09 00:00:00+00:00,57042,32384.51737,1809.71539,3355912,0.506811057,0.5683129876,1440,0.2915786932,0.3979511828,1440,29.15786932,0.2145199129,2.105744841,0.3490262701,0.126177774
2024-09-10 00:00:00+00:00,57635.99,23626.78126,1349.36546,2843148,0.4947933843,0.4638069719,1440,0.3032223526,0.3243211486,1440,30.32223526,0.07677208784,,0,0.1518890325
2024-09-11 00:00:00+00:00,57338,33026.56757,1875.738697,4045103,0.4838319279,0.5911364461,1440,0.3640980664,0.4181132923,1440,36.40980664,0.02763507941,2.734708206,0,0.1423152798
2024-09-12 00:00:00+00:00,58132.32,31074.40631,1802.848638,3706764,0.4757292555,0.5223949936,1440,0.2545066072,0.30245657,1440,25.45066072,0.07631373477,3.393142809,1.065929657,0.1404963237
2024-09-13 00:00:00+00:00,60498,29825.23333,1760.671734,3378012,0.5161782689,0.4060794995,1440,0.1802287484,0.283922368,1440,18.02287484,0.2265528231,,0,0.1453035936
2024-09-14 00:00:00+00:00,59993.03,12137.90901,728.5270243,1288784,0.4589110839,0.2537647539,1440,0.22980138,0.4452677933,1440,22.980138,0.1150529432,2.599427622,0.9521816144,0.1475200437
2024-09-15 00:00:00+00:00,59132,13757.92361,822.4108724,1552950,0.467457674,0.2947616333,1440,0.2931434384,0.4746165632,1440,29.31434384,0.1757777804,,0,0.1508389034
2024-09-16 00:00:00+00:00,58213.99,26477.5642,1543.273199,3145152,0.4856850994,0.4479739695,1440,0.2464898342,0.2569074329,1440,24.64898342,0.101385349,2.544551498,0.5551496197,0.1393803733
2024-09-17 00:00:00+00:00,60313.99,33116.25878,1983.378425,3918209,0.4949429837,0.4937013177,1440,0.2544897612,0.3657064617,1440,25.44897612,0.1786768433,,0,0.1484200988
2024-09-18 00:00:00+00:00,61759.99,36087.02469,2174.000497,5167671,0.5106987145,0.614669047,1440,0.2773300225,0.2875683247,1440,27.73300225,0.1089772536,,0,0.1541994263
2024-09-19 00:00:00+00:00,62947.99,34332.52608,2153.175931,4438284,0.5129138922,0.4974011925,1440,0.2302007646,0.3165759848,1440,23.02007646,0.08848829212,1.993181515,0,0.1509558163
2024-09-20 00:00:00+00:00,63201.05,25466.37794,1611.195964,3969296,0.4873611119,0.4615501063,1440,0.2933771731,0.2996191407,1440,29.33771731,0.02490128545,4.277250404,2.357919885,0.1379128516
2024-09-21 00:00:00+00:00,63348.96,8375.34608,528.6578523,1283611,0.4629942922,0.2099624336,1440,0.163725992,0.2350413609,1440,16.3725992,0.04421716146,1.846337473,0.6877079228,0.1287045281
2024-09-22 00:00:00+00:00,63578.76,14242.19892,897.4773384,2145736,0.4861028644,0.3110003304,1440,0.2474504629,0.3510764966,1440,24.74504629,0.04034600373,,0,0.1345737947
2024-09-23 00:00:00+00:00,63339.99,24078.05287,1531.015038,3999187,0.5121293028,0.4566397792,1440,0.2439819075,0.2964121258,1440,24.39819075,0.02457565065,,0,0.1654192836
2024-09-24 00:00:00+00:00,64262.7,23185.04759,1472.720339,3870157,0.4969967642,0.407935706,1440,0.2666433291,0.3619014515,1440,26.66433291,0.09820253036,,0,0.1204308154
2024-09-25 00:00:00+00:00,63152.01,17813.11168,1135.250828,3355531,0.4707027038,0.3504379908,1440,0.2595003331,0.3093574294,1440,25.95003331,0.1535756849,0.7344182864,0,0.1289185532
2024-09-26 00:00:00+00:00,65173.99,28373.30593,1831.204596,4361333,0.5301457869,0.4331747457,1440,0.1491240023,0.2537444433,1440,14.91240023,0.1721041208,,0,0.1501425586
2024-09-27 00:00:00+00:00,65769.95,22048.80487,1448.85221,3498529,0.503104691,0.3459468317,1440,0.2130659032,0.259961529,1440,21.30659032,0.06282617415,0.9562763128,0,0.1583599824
2024-09-28 00:00:00+00:00,65858,9127.23316,600.1184831,1341703,0.4931642767,0.1982762218,1440,0.1466063007,0.2166151435,1440,14.66063007,0.02229329692,0.2452230779,0,0.1493704875
2024-09-29 00:00:00+00:00,65602.01,8337.74111,547.9800137,1413449,0.4956903489,0.1989392996,1440,0.1916710547,0.257150805,1440,19.16710547,0.07107144821,,0,0.1498482029
2024-09-30 00:00:00+00:00,63327.59,30011.08752,1920.250262,3978584,0.4815530404,0.4181593504,1440,0.2113222399,0.3081849381,1440,21.13222399,0.1837533433,,0,0.1492648146
2024-10-01 00:00:00+00:00,60805.78,43671.48108,2723.672082,5607069,0.4797580559,0.5906183846,1440,0.1989302555,0.286149066,1440,19.89302555,0.1491965395,4.294172715,1.030188962,0.1667593913
2024-10-02 00:00:00+00:00,60649.28,31534.70118,1928.377638,5313210,0.4984770618,0.5754924584,1440,0.3429434851,0.302856573,1440,34.29434851,0.01336401266,,0.7587122037,0.1453316904
2024-10-03 00:00:00+00:00,60752.71,26221.43472,1590.773867,5244004,0.4922123743,0.5485012958,1440,0.3040397784,0.2634775141,1440,30.40397784,0.01071130466,1.55353558,0,0.1459391336
2024-10-04 00:00:00+00:00,62086,21294.65994,1311.145631,3798631,0.5019730256,0.403994471,1440,0.3256699856,0.3597837306,1440,32.56699856,0.1655714659,0.7844146529,0,0.1314189244
2024-10-05 00:00:00+00:00,62058,7807.46141,484.5884683,1183175,0.4726959464,0.1867514516,1440,0.1735741139,0.2980914307,1440,17.35741139,0.009308704086,,0,0.1453883007
2024-10-06 00:00:00+00:00,62819.91,8906.86177,555.6696345,1556553,0.5387194013,0.2287947824,1440,0.2006211613,0.2955287002,1440,20.06211613,0.2196022432,,0,0.1454500196
2024-10-07 00:00:00+00:00,62224,25966.1852,1646.315507,4809342,0.4914366146,0.4595550533,1440,0.2232192669,0.351606037,1440,22.32192669,0.05789463802,,0,0.1570419611
2024-10-08 00:00:00+00:00,62160.49,19702.22371,1230.076254,3798438,0.4879839764,0.4120590458,1440,0.2712461939,0.3189691602,1440,27.12461939,0.008301830874,2.418447926,0.3343990378,0.1636458368
2024-10-09 00:00:00+00:00,60636.02,20011.15684,1234.778808,3668363,0.472471521,0.383113315,1440,0.2631905185,0.3518875219,1440,26.31905185,0.2010925586,3.583444379,1.277067042,0.1590425494
2024-10-10 00:00:00+00:00,60326.39,23967.92481,1445.604382,3872577,0.4517609599,0.4304773142,1440,0.2050999538,0.2497348788,1440,20.50999538,0.03541392719,2.925232443,1.256832977,0.1537094622
2024-10-11 00:00:00+00:00,62540,23641.35209,1462.219577,3222180,0.5117967663,0.3734130434,1440,0.2132374873,0.3483072987,1440,21.32374873,0.2464520343,,0,0.1558867178
2024-10-12 00:00:00+00:00,63206.22,10911.30116,686.978509,1770837,0.4762875549,0.2445962471,1440,0.1874570689,0.2866820255,1440,18.74570689,0.1542459024,,0,0.1580686338
2024-10-13 00:00:00+00:00,62870.02,11909.21995,746.5643742,2242529,0.4916397711,0.266600425,1440,0.197449701,0.2551439233,1440,19.7449701,0.07143782511,0.8105963495,0.3395416115,0.1659826928
2024-10-14 00:00:00+00:00,66083.99,37669.95222,2450.094473,4977577,0.5293640656,0.4499867458,1440,0.1433436077,0.2631763302,1440,14.33436077,0.2034904727,,0,0.1737295107
2024-10-15 00:00:00+00:00,67074.14,43683.95423,2894.021862,6245619,0.4995125186,0.6065838565,1440,0.2332514551,0.3399709946,1440,23.32514551,0.05138892076,1.138096875,0,0.1743158336
2024-10-16 00:00:00+00:00,67620.01,29938.25544,2024.56041,5109685,0.5081416334,0.4916691102,1440,0.2039611863,0.2537335854,1440,20.39611863,0.04003521141,3.527996765,1.845612985,0.1326545856
2024-10-17 00:00:00+00:00,67421.78,25328.22861,1702.16444,3981960,0.4798577629,0.3844742443,1440,0.1864815926,0.2719751619,1440,18.64815926,0.01724765233,,0,0.1562119202
2024-10-18 00:00:00+00:00,68428,28725.635,1959.7359,4010969,0.494964811,0.3754375257,1440,0.1559052222,0.2456824137,1440,15.59052222,0.07559174924,1.269712661,0.6812849307,0.1885287181
2024-10-19 00:00:00+00:00,68378,8193.66737,559.628629,1152428,0.4968710696,0.1574466786,1440,0.1360466322,0.1845618795,1440,13.60466322,0.01306155702,,0,0.1778568632
2024-10-20 00:00:00+00:00,69031.99,12442.47378,854.0824298,1563795,0.5443391611,0.2136987297,1440,0.1338561354,0.2220773541,1440,13.38561354,0.1114515947,,0,0.174286875
2024-10-21 00:00:00+00:00,67377.5,31374.42184,2130.833594,3686777,0.4332703994,0.3668596675,1440,0.1043130371,0.1997250015,1440,10.43130371,0.1138469289,,0,0.2189139214
2024-10-22 00:00:00+00:00,67426,24598.96268,1654.285792,3669291,0.5041073777,0.3941565712,1440,0.2675753086,0.3738610308,1440,26.75753086,0.004349707416,,0,0.2063415937
2024-10-23 00:00:00+00:00,66668.65,25530.2407,1695.101431,3807365,0.4656571824,0.3632920379,1440,0.1874514112,0.3257255592,1440,18.74514112,0.06663832952,,0,0.1732513408
2024-10-24 00:00:00+00:00,68198.28,22589.83877,1526.736321,3797462,0.5091928835,0.3661498291,1440,0.237570643,0.3335250877,1440,23.7570643,0.1485817613,,0,0.1685694355
2024-10-25 00:00:00+00:00,66698.33,34479.71125,2320.667435,5332593,0.4649410166,0.5161683393,1440,0.2451776421,0.3820431243,1440,24.51776421,0.09583204006,,0,0.1893711237
2024-10-26 00:00:00+00:00,67092.76,11842.9077,792.8870471,2373501,0.51247464,0.2308261412,1440,0.1784671424,0.2471159585,1440,17.84671424,0.07436398907,,0,0.1540754838
2024-10-27 00:00:00+00:00,68021.7,8653.19592,585.0061485,1771989,0.5105323213,0.2155380131,1440,0.2054741054,0.2739235609,1440,20.54741054,0.2350510752,,0,0.1284992924
2024-10-28 00:00:00+00:00,69962.21,29046.75459,2005.10573,4432446,0.5239259936,0.3941302657,1440,0.08038768692,0.1350852423,1440,8.038768692,0.1402842094,1.730933308,0,0.1357155701
2024-10-29 00:00:00+00:00,72736.42,50128.60594,3602.465987,5645430,0.5365891322,0.4641773004,1440,0.1459111684,0.2993115846,1440,14.59111684,0.1079454545,,0,0.1722605225
2024-10-30 00:00:00+00:00,72344.74,26885.99056,1941.210537,4040734,0.5016446874,0.4073871775,1440,0.2745060629,0.3833431183,1440,27.45060629,0.02781498227,,0,0.1659812572
2024-10-31 00:00:00+00:00,70292.01,29352.10297,2091.144977,4525542,0.483956424,0.4174626317,1440,0.2012417524,0.2591156653,1440,20.12417524,0.1376500052,1.196965301,0,0.1357054057
2024-11-01 00:00:00+00:00,69496.01,38301.86755,2677.358022,4569271,0.4711039788,0.5547754481,1440,0.2043651248,0.2680143196,1440,20.43651248,0.04253744046,,0,0.1334398652
2024-11-02 00:00:00+00:00,69374.74,10521.67243,731.2324276,1603561,0.4968323396,0.215942107,1440,0.2280802194,0.2905510132,1440,22.80802194,0.02388456082,,0,0.1290845704
2024-11-03 00:00:00+00:00,68775.99,24995.70243,1709.666206,3668029,0.4911877073,0.4151406876,1440,0.2300593572,0.3523406556,1440,23.00593572,0.05070067366,1.968486558,0.5332480827,0.1223620602
2024-11-04 00:00:00+00:00,67850.01,29800.39187,2033.902307,5377048,0.5009075329,0.4606693315,1440,0.2076003308,0.2403708904,1440,20.76003308,0.06664611059,,0,0.124004641
2024-11-05 00:00:00+00:00,69372.01,33355.06888,2310.418908,4955644,0.511463091,0.503228696,1440,0.2666032722,0.4090264361,1440,26.66032722,0.09601695301,,0,0.1205207685
2024-11-06 00:00:00+00:00,75571.99,104126.9948,7702.28327,8434184,0.5113360329,0.8599487878,1440,0.1470923542,0.2594180011,1440,14.70923542,0.1111387842,,0,0.1451240712
2024-11-07 00:00:00+00:00,75857.89,44869.42234,3391.796662,5207722,0.4859759532,0.4790055914,1440,0.1359615232,0.2082032091,1440,13.59615232,0.01113277112,1.496511687,0.5361242665,0.1216878668
2024-11-08 00:00:00+00:00,76509.78,36521.09958,2784.449098,4877489,0.4806918147,0.4094690712,1440,0.1429619697,0.2419656422,1440,14.29619697,0.03073086998,2.270288302,1.140123895,0.1248246686
2024-11-09 00:00:00+00:00,76677.46,16942.07915,1294.709002,2585264,0.4741326728,0.2543376942,1440,0.1614226966,0.3245627725,1440,16.14226966,0.01690895138,1.021636025,0.3222191576,0.1284303915
2024-11-10 00:00:00+00:00,80370.01,61830.10044,4905.441474,7128598,0.5296936597,0.6397397988,1440,0.1513676128,0.299023781,1440,15.13676128,0.09587985902,,2.022895775,0.1586215083
2024-11-11 00:00:00+00:00,88647.99,82323.66578,6944.26871,9348890,0.5203521358,0.7469955381,1440,0.1963293824,0.3016488699,1440,19.63293824,0.14117003,,0,0.1261925686
2024-11-12 00:00:00+00:00,87952.01,97299.88791,8540.084566,11499058,0.5096545794,0.9241712209,1440,0.2764828799,0.3612277529,1440,27.64828799,0.009229456629,,0,0.132341182
2024-11-13 00:00:00+00:00,90375.2,86763.85413,7790.928962,11962100,0.5110691517,0.9119982176,1440,0.1930984392,0.2532695278,1440,19.30984392,0.0348848883,,0,0.1187437168
2024-11-14 00:00:00+00:00,87325.59,56729.51086,5073.860816,9828858,0.4925277087,0.8016775162,1440,0.2916578151,0.2622400218,1440,29.16578151,0.06765330718,,0,0.1142817044
2024-11-15 00:00:00+00:00,91032.07,47927.95068,4276.238971,8009111,0.517456109,0.6562695389,1440,0.2763507862,0.2897162342,1440,27.63507862,0.09720765199,,0,0.1081862626
2024-11-16 00:00:00+00:00,90586.92,22717.87689,2067.958512,4239455,0.5060470094,0.3764858074,1440,0.2740100889,0.2905581022,1440,27.40100889,0.02370468373,3.308642448,1.629030299,0.1127010374
2024-11-17 00:00:00+00:00,89855.99,23867.55609,2153.871725,4930719,0.4966064487,0.4290425946,1440,0.2673417264,0.2751902511,1440,26.73417264,0.03761391172,1.477033328,0.8963704422,0.1110492712
2024-11-18 00:00:00+00:00,90464.08,46545.03448,4239.909951,7161125,0.5076561065,0.647076749,1440,0.2508692576,0.3339054357,1440,25.08692576,0.0159073854,1.478934695,0.9427232667,0.1275029616
2024-11-19 00:00:00+00:00,92310.79,43660.04682,4025.108503,5647789,0.5068215528,0.5846866643,1440,0.2160136613,0.2822239181,1440,21.60136613,0.05020528075,3.749125516,1.524015088,0.113926292
2024-11-20 00:00:00+00:00,94286.56,42203.19871,3950.932315,7365987,0.4839753522,0.5350161138,1440,0.2219745903,0.250945978,1440,22.19745903,0.05360157515,3.647373569,2.229454264,0.1172204617
2024-11-21 00:00:00+00:00,98317.12,69228.36048,6722.807908,9048605,0.5116987169,0.5787109379,1440,0.1373054195,0.2318758318,1440,13.73054195,0.06226493107,,0,0.1478115277
2024-11-22 00:00:00+00:00,98892,46189.30924,4555.536773,7271311,0.4916650317,0.4848503437,1440,0.1245209645,0.1710191922,1440,12.45209645,0.01279799316,1.985526915,0,0.1261998817
2024-11-23 00:00:00+00:00,97672.4,24757.84367,2431.609866,3839138,0.451422541,0.285647042,1440,0.2118976683,0.3581165485,1440,21.18976683,0.051033367,2.057809868,1.070099755,0.1322348091
2024-11-24 00:00:00+00:00,97900.04,31200.97838,3034.172012,4964720,0.4847322919,0.4022421909,1440,0.2213490756,0.3228552572,1440,22.13490756,0.007672394346,1.82355112,0.4170984129,0.1286598963
2024-11-25 00:00:00+00:00,93010.01,50847.45096,4883.444806,8289691,0.4619096259,0.6157187996,1440,0.2232504215,0.2688116228,1440,22.32504215,0.1049255974,,0.6752344026,0.1509979062
2024-11-26 00:00:00+00:00,91965.16,57858.73138,5370.918649,10225809,0.5032994495,0.6599336971,1440,0.292463192,0.2479822702,1440,29.2463192,0.0210342268,,0,0.1206305224
2024-11-27 00:00:00+00:00,95863.11,41153.42734,3894.358512,6648690,0.4936789901,0.4830744594,1440,0.2191969375,0.2548243944,1440,21.91969375,0.1065937472,1.967277834,1.362384549,0.09087532838
2024-11-28 00:00:00+00:00,95643.98,28814.54357,2749.861591,4988161,0.5138270948,0.406885073,1440,0.2106811303,0.2310224621,1440,21.06811303,0.008322165185,1.129258135,0,0.1044198503
2024-11-29 00:00:00+00:00,97460,27701.78231,2690.451031,5094070,0.4996144856,0.3707299217,1440,0.2072819998,0.2073002751,1440,20.72819998,0.06991125685,,0,0.1268954599
2024-11-30 00:00:00+00:00,96407.99,14503.83306,1402.672951,3354759,0.4878651733,0.2369139159,1440,0.2036515542,0.2293409155,1440,20.36515542,0.07737338494,0.6050702919,0,0.128687849
2024-12-01 00:00:00+00:00,97185.18,16938.60452,1641.327627,3342200,0.4790769913,0.2770618002,1440,0.2116071822,0.2742389975,1440,21.16071822,0.04891862281,1.855230528,0,0.1260003135
2024-12-02 00:00:00+00:00,95840.62,37958.66981,3646.639622,7560103,0.4958533417,0.5034110041,1440,0.2271305955,0.2525716601,1440,22.71305955,0.03820401435,,0,0.1502914351
2024-12-03 00:00:00+00:00,95849.69,35827.32283,3413.995542,5361712,0.4839633637,0.4565270488,1440,0.2407706221,0.2442486174,1440,24.07706221,0.0002771878396,1.517365759,0.2173027541,0.1296959085
2024-12-04 00:00:00+00:00,98587.32,43850.53728,4241.994534,6648724,0.5024704938,0.469385838,1440,0.1809334439,0.2448010793,1440,18.09334439,0.06638720876,,0,0.10858869
2024-12-05 00:00:00+00:00,96945.63,109921.7297,11048.00294,12012364,0.5115920076,1.210395475,1440,0.2038732582,0.4181024886,1440,20.38732582,0.01519944114,,0,0.1477056498
2024-12-06 00:00:00+00:00,99740.84,45049.5331,4456.641685,6919102,0.4883430004,0.5711852921,1440,0.2350158634,0.2706941241,1440,23.50158634,0.06378102189,0.7783531296,0,0.1309179715
2024-12-07 00:00:00+00:00,99831.99,14931.9459,1487.953847,2634566,0.4538289949,0.3150369224,1440,0.397151164,0.3405101756,1440,39.7151164,0.006138974403,1.258189488,0,0.1497544092
2024-12-08 00:00:00+00:00,101109.59,14612.99688,1459.576946,2994709,0.489482191,0.3177777298,1440,0.3145581072,0.3597350439,1440,31.45581072,0.08712322498,,0,0.1345924426
2024-12-09 00:00:00+00:00,97276.47,53949.11595,5283.626996,8445872,0.4721501793,0.7134786906,1440,0.226518773,0.1903683957,1440,22.6518773,0.07314643442,0.7966593697,0,0.1167581547
2024-12-10 00:00:00+00:00,96593,51708.68933,4988.660195,11556189,0.4742548337,0.6745697907,1440,0.185293315,0.1458972939,1440,18.5293315,0.01413376629,,0,0.1156246945
2024-12-11 00:00:00+00:00,101125,37753.78291,3745.703763,8250511,0.5062498144,0.4866627092,1440,0.1303735632,0.1346723625,1440,13.03735632,0.1224098419,1.156127913,0.5899381836,0.115570085
2024-12-12 00:00:00+00:00,100004.29,29232.08745,2949.462584,8066322,0.4849426725,0.4944729806,1440,0.2407520289,0.1971512026,1440,24.07520289,0.03778413861,2.453312177,0,0.1304918859
2024-12-13 00:00:00+00:00,101424.25,21904.03923,2203.903393,5481660,0.4870833885,0.3786998085,1440,0.2544960993,0.304870832,1440,25.44960993,0.06397344555,,0,0.118704651
2024-12-14 00:00:00+00:00,101420,14191.70326,1441.594367,3374538,0.4784659484,0.2979911894,1440,0.2534633447,0.3179517239,1440,25.34633447,0.0002906786589,1.366563977,0.394560073,0.1192229425
2024-12-15 00:00:00+00:00,104463.99,22228.92177,2290.462904,3638809,0.569928424,0.3638130377,1440,0.1068101512,0.2061561164,1440,10.68101512,0.1291097459,1.793361009,0,0.155382112
2024-12-16 00:00:00+00:00,106058.66,41302.40274,4364.964401,8048054,0.4926856103,0.519342871,1440,0.2589454496,0.2997910552,1440,25.89454496,0.03470800026,1.931833324,0,0.1539945097
2024-12-17 00:00:00+00:00,106133.74,29064.93647,3103.833328,7212799,0.4881249427,0.4669729169,1440,0.3056705135,0.3475469501,1440,30.56705135,0.002279953873,2.082915292,1.432127518,0.1133818247
2024-12-18 00:00:00+00:00,100204.01,50307.99755,5194.263316,8762120,0.4633135164,0.6829281184,1440,0.2069741308,0.227497599,1440,20.69741308,0.1106832396,4.990599239,0,0.1373996626
2024-12-19 00:00:00+00:00,97461.86,55147.398,5487.546518,7273941,0.4877589537,0.7752693811,1440,0.2595401448,0.2313255524,1440,25.95401448,0.05056373688,0.8717478776,0,0.1338906295
2024-12-20 00:00:00+00:00,97805.44,62884.1357,6022.845239,7429007,0.4685320054,0.8447588155,1440,0.2694660772,0.2266962336,1440,26.94660772,0.005842881712,5.780099572,2.225986439,0.1358498665
2024-12-21 00:00:00+00:00,97291.99,23483.54143,2296.232055,3717638,0.4993685141,0.441516292,1440,0.361192969,0.3015212425,1440,36.1192969,0.02292249215,,0,0.1150666692
2024-12-22 00:00:00+00:00,95186.27,19353.83036,1857.819866,3633551,0.480183887,0.472410292,1440,0.4516941725,0.3368682832,1440,45.16941725,0.1177775886,,0,0.1106278177
2024-12-23 00:00:00+00:00,94881.47,32810.76703,3100.007213,5464919,0.4979945618,0.6669247542,1440,0.3288373384,0.2067823587,1440,32.88373384,0.01034604148,4.026644082,2.428541433,0.1229638329
2024-12-24 00:00:00+00:00,98663.58,23674.22488,2287.214425,3421549,0.5055816594,0.4881497077,1440,0.3853977834,0.3484426152,1440,38.53977834,0.1708954463,2.13883167,0.8798030736,0.11653826
2024-12-25 00:00:00+00:00,99429.6,14474.1651,1426.143976,3283028,0.4840712021,0.4156707856,1440,0.3396769904,0.2576035328,1440,33.96769904,0.05422997117,1.995413519,0.660775116,0.1065004071
2024-12-26 00:00:00+00:00,95791.6,21192.36727,2049.123567,5203490,0.4752594348,0.5228597683,1440,0.3774763756,0.2809202395,1440,37.74763756,0.1819063437,4.212698568,1.761457323,0.1168940887
2024-12-27 00:00:00+00:00,94299.03,26501.26429,2528.56785,5718866,0.488486754,0.5376694447,1440,0.2356204043,0.2214785629,1440,23.56204043,0.06210667906,1.1223702,0,0.1159162909
2024-12-28 00:00:00+00:00,95300,8385.8929,794.6516248,2732061,0.5012702654,0.2787777087,1440,0.4813492473,0.2983409198,1440,48.13492473,0.1328746719,1.22118236,0,0.125740187
2024-12-29 00:00:00+00:00,93738.2,13576.00578,1278.370864,2865838,0.4162775106,0.2999001013,1440,0.1613787956,0.2037791852,1440,16.13787956,0.1292584246,,0,0.1394491808
2024-12-30 00:00:00+00:00,92792.05,27619.4225,2573.12606,5560563,0.4740213688,0.531562258,1440,0.1805062763,0.2250510611,1440,18.05062763,0.03942606,2.329890379,0,0.1480458405
2024-12-31 00:00:00+00:00,93576,19612.03389,1845.718802,3347847,0.4939807775,0.465569094,1440,0.3020924806,0.2641469027,1440,30.20924806,0.0455810079,,0,0.132884339
2025-01-01 00:00:00+00:00,94591.79,10373.32613,975.4441941,1516556,0.5155276536,0.309722983,1440,0.3265436187,0.2755018678,1440,32.65436187,0.1106854245,,0,0.1191779473
2025-01-02 00:00:00+00:00,96984.79,21970.48948,2118.411853,3569079,0.4968469123,0.4433792234,1440,0.3049567279,0.2729685362,1440,30.49567279,0.1179349343,,0,0.1055483554
2025-01-03 00:00:00+00:00,98174.18,15253.82936,1486.610769,2851164,0.4896218381,0.3349614826,1440,0.3491701745,0.3023118601,1440,34.91701745,0.08199245001,,0,0.08832185417
2025-01-04 00:00:00+00:00,98220.5,8990.05651,881.2237516,1559982,0.4839571592,0.2154544195,1440,0.2906887737,0.2943743146,1440,29.06887737,0.005352820017,1.460424253,0,0.08765521611
2025-01-05 00:00:00+00:00,98363.61,8095.63723,793.931716,1685799,0.479012305,0.2185498964,1440,0.3473595084,0.4201865486,1440,34.73595084,0.01833869772,,0,0.08901198859
2025-01-06 00:00:00+00:00,102235.6,25263.43375,2540.561689,3853702,0.4963535624,0.4181465185,1440,0.248063642,0.3094754344,1440,24.8063642,0.1519704689,,0,0.1129141744
2025-01-07 00:00:00+00:00,96954.61,32059.87537,3170.42166,4480562,0.4621076769,0.5062117544,1440,0.2518687884,0.261640269,1440,25.18687884,0.1672869686,3.957956552,1.709210106,0.135719885
2025-01-08 00:00:00+00:00,95060.61,33704.67894,3205.849081,5171208,0.4688918989,0.5826906745,1440,0.2657977034,0.2331382961,1440,26.57977034,0.06153827637,3.7802162,0,0.1152441435
2025-01-09 00:00:00+00:00,92552.49,34544.83685,3217.669887,6027161,0.4435865972,0.5724254396,1440,0.2381455927,0.2248870899,1440,23.81455927,0.08309971522,,0,0.1384455926
2025-01-10 00:00:00+00:00,94726.11,31482.86424,2962.085343,5531444,0.4960615435,0.6903037146,1440,0.4441959599,0.3245491943,1440,44.41959599,0.07836955808,5.378521421,0,0.1163418614
2025-01-11 00:00:00+00:00,94599.99,7047.9043,665.6859949,1496191,0.4841689905,0.2230554958,1440,0.3194016866,0.2637194922,1440,31.94016866,0.02001401003,0.6159332293,0,0.104389951
2025-01-12 00:00:00+00:00,94545.06,8606.86622,813.2788297,1658863,0.4680368217,0.2532308715,1440,0.2965365737,0.3111721501,1440,29.65365737,0.007141758484,1.867437888,0.8546827291,0.1258845059
2025-01-13 00:00:00+00:00,94536.1,42619.56423,3930.666134,5740963,0.4569234991,0.7396529887,1440,0.2307124601,0.2209476806,1440,23.07124601,0.0002411146455,5.597127353,3.485941167,0.1673002614
2025-01-14 00:00:00+00:00,96560.86,27846.61753,2676.04847,4532923,0.5116849881,0.527345076,1440,0.3163406798,0.2979928568,1440,31.63406798,0.07919031075,1.870754469,0,0.1212981654
2025-01-15 00:00:00+00:00,100497.35,30509.99179,3006.242383,3487945,0.5078394919,0.4794301105,1440,0.2024950366,0.3548978221,1440,20.24950366,0.132916348,,0,0.1534518647
2025-01-16 00:00:00+00:00,99987.3,27832.85317,2765.162041,3762755,0.4855246779,0.5065427312,1440,0.3164038292,0.3182385723,1440,31.64038292,0.01840102314,2.164168405,0,0.1550785691
2025-01-17 00:00:00+00:00,104077.48,39171.85292,4040.993985,3886907,0.527756832,0.469179341,1440,0.17392241,0.2777615398,1440,17.392241,0.09921431209,,0,0.1460990337
2025-01-18 00:00:00+00:00,104556.23,24307.82998,2521.522119,3403162,0.4775215537,0.4521411215,1440,0.3548053639,0.4293870028,1440,35.48053639,0.01820087562,,0,0.141293366
2025-01-19 00:00:00+00:00,101331.57,43397.28298,4513.423971,5271920,0.4857334232,0.7952279022,1440,0.3892492119,0.4052083725,1440,38.92492119,0.06940850614,,0,0.128007513
2025-01-20 00:00:00+00:00,102260.01,89529.23173,9398.787064,11597937,0.5000660525,1.431715548,1440,0.4114542084,0.2708454859,1440,41.14542084,0.009704099166,5.284767212,0,0.1184614583
2025-01-21 00:00:00+00:00,106143.82,45941.02002,4768.512258,6842980,0.5055836244,0.8042091873,1440,0.3625717498,0.2951207894,1440,36.25717498,0.07817171792,,0.3480251712,0.1188514433
2025-01-22 00:00:00+00:00,103706.66,22248.69254,2331.144641,4364035,0.4720094469,0.4809209765,1440,0.3563402891,0.2591636083,1440,35.63402891,0.09964473955,,0,0.119275143
2025-01-23 00:00:00+00:00,103910.34,53953.12031,5610.760848,6961383,0.5012856774,1.018527087,1440,0.4666417113,0.3626212793,1440,46.66417113,0.003496985666,6.631144096,0,0.1239133543
2025-01-24 00:00:00+00:00,104870.5,23609.24017,2483.818574,4798886,0.503762951,0.5119736096,1440,0.3801874677,0.2849466801,1440,38.01874677,0.03703106103,2.753558053,0,0.08852726021
2025-01-25 00:00:00+00:00,104746.85,9068.32377,949.5115314,1770765,0.4921090703,0.2722459382,1440,0.4040597562,0.3583906092,1440,40.40597562,0.01242500857,1.655669004,0.38299981,0.08923311585
2025-01-26 00:00:00+00:00,102620,9812.51238,1024.352365,1813011,0.4730870434,0.291895147,1440,0.2740584957,0.3258245438,1440,27.40584957,0.200259617,2.869497979,1.549877439,0.1028012973
2025-01-27 00:00:00+00:00,102082.83,50758.1341,5092.886323,9368910,0.4635557384,0.78391557,1440,0.2519271714,0.2304682798,1440,25.19271714,0.01030516413,7.269265499,3.744024967,0.1459891755
2025-01-28 00:00:00+00:00,101335.52,22022.05765,2253.977324,5428644,0.4884487899,0.5148022444,1440,0.4433679489,0.3406962322,1440,44.33679489,0.03259815898,3.463280009,1.591779167,0.1214912017
2025-01-29 00:00:00+00:00,103733.24,23155.35802,2380.383695,5189699,0.504210378,0.5342031095,1440,0.350633873,0.3331879811,1440,35.0633873,0.09824303742,,0,0.1205882133
2025-01-30 00:00:00+00:00,104722.94,19374.07472,2038.112604,3990075,0.5234277501,0.3843306055,1440,0.2021526966,0.2123263457,1440,20.21526966,0.04659012542,2.383097453,0.7529217145,0.1339512644
2025-01-31 00:00:00+00:00,102429.56,21983.18193,2282.174002,4331904,0.4866174385,0.4022267814,1440,0.2767108218,0.2840302398,1440,27.67108218,0.09702526288,,0,0.1248406424
2025-02-01 00:00:00+00:00,100635.65,12290.95747,1250.354228,2588786,0.4577262043,0.3014540172,1440,0.259865484,0.2387387383,1440,25.9865484,0.1413101486,,0.3716184237,0.1397454352
2025-02-02 00:00:00+00:00,97700.59,34619.49939,3412.084313,7202339,0.4502424057,0.6564943541,1440,0.2716976061,0.2304137071,1440,27.16976061,0.08674747753,3.012895051,2.051640024,0.1558313591
2025-02-03 00:00:00+00:00,101328.52,75164.7385,7228.589181,10625262,0.488747386,1.068428371,1440,0.310168866,0.2306737296,1440,31.0168866,0.05043904526,5.393834335,4.234955118,0.1199970311
2025-02-04 00:00:00+00:00,97763.13,40267.98697,3989.698644,6618911,0.4741131349,0.7116796049,1440,0.4029704846,0.3358675206,1440,40.29704846,0.08978221843,,0,0.1398859726
2025-02-05 00:00:00+00:00,96612.43,26233.30444,2562.342154,4471763,0.4205551674,0.5048754332,1440,0.2732247753,0.2123033232,1440,27.32247753,0.04620813106,,0,0.1417763658
2025-02-06 00:00:00+00:00,96554.35,23515.20405,2289.071921,4242807,0.4789042215,0.5031539783,1440,0.3253908892,0.2502077436,1440,32.53908892,0.002627028219,1.685482351,0,0.1746276766
2025-02-07 00:00:00+00:00,96506.8,31794.22065,3107.592435,5012456,0.4796265921,0.5585261149,1440,0.2122183324,0.2286073533,1440,21.22183324,0.001585117941,,0,0.1450332263
2025-02-08 00:00:00+00:00,96444.74,10147.24294,977.0402675,1757892,0.4385946849,0.2548553389,1440,0.2170323481,0.2257744717,1440,21.70323481,0.006583867312,,0,0.1641016664
2025-02-09 00:00:00+00:00,96462.75,14120.91613,1359.495152,2293192,0.4719048459,0.3266161885,1440,0.2468882644,0.3024594694,1440,24.68882644,0.001373462974,,0,0.1762661939
2025-02-10 00:00:00+00:00,97430.82,20572.87537,1999.112053,3475919,0.4670043986,0.4121284181,1440,0.2321258697,0.2420490939,1440,23.21258697,0.0499504979,1.034885512,0,0.1743223336
2025-02-11 00:00:00+00:00,95778.2,18647.76379,1806.534846,3716586,0.4608863967,0.3686090934,1440,0.2282109876,0.2464084945,1440,22.82109876,0.09469779155,1.951095177,1.163763619,0.1717738561
2025-02-12 00:00:00+00:00,97869.99,29151.16625,2800.142168,4992737,0.4741047206,0.5510996337,1440,0.2448970875,0.3308386097,1440,24.48970875,0.07715630954,,0,0.1654587484
2025-02-13 00:00:00+00:00,96608.14,19921.77616,1916.988246,3909456,0.4443460301,0.380448145,1440,0.2339040216,0.2316865402,1440,23.39040216,0.0676945339,,0,0.1533262356
2025-02-14 00:00:00+00:00,97500.48,18173.02646,1768.073219,3499564,0.498613527,0.3666715657,1440,0.276805352,0.30907146,1440,27.6805352,0.0520017966,,0,0.1302097873
2025-02-15 00:00:00+00:00,97569.66,7349.37683,717.2453938,1694327,0.4869993882,0.1833231354,1440,0.1735453219,0.1731413793,1440,17.35453219,0.009888991601,1.060693873,0.546122316,0.1236632736
2025-02-16 00:00:00+00:00,96118.12,8191.4249,794.6942423,1596701,0.4541005595,0.2040740505,1440,0.2266633004,0.2688990645,1440,22.66633004,0.1886100571,0.7265677309,0.1756503264,0.1286273076
2025-02-17 00:00:00+00:00,95780,16492.0451,1584.593526,2831237,0.4857139064,0.2892108187,1440,0.1362091936,0.1655394307,1440,13.62091936,0.02223886959,,0,0.1375376471
2025-02-18 00:00:00+00:00,95671.74,23368.19471,2223.994803,4234248,0.4892322155,0.4105308252,1440,0.1723332688,0.2040931379,1440,17.23332688,0.005085164177,,0,0.1490806432
2025-02-19 00:00:00+00:00,96644.37,16438.50954,1576.817572,2784225,0.4363910276,0.3236961604,1440,0.2092869348,0.1945477875,1440,20.92869348,0.06414816571,,0,0.1870908926
2025-02-20 00:00:00+00:00,98305,17057.39177,1663.386825,2386973,0.4899007247,0.2833413117,1440,0.2034845629,0.2488737091,1440,20.34845629,0.1024231873,,0,0.1815131571
2025-02-21 00:00:00+00:00,96181.98,32249.2814,3143.975918,4528525,0.4748503277,0.4682580453,1440,0.1998200388,0.2898464257,1440,19.98200388,0.06944349796,,0,0.1523147035
2025-02-22 00:00:00+00:00,96551.01,11268.17708,1087.077134,1506418,0.4697548212,0.1862659004,1440,0.1450956117,0.2564526949,1440,14.50956117,0.03522700978,0.7489802093,0.3447403728,0.1686450172
2025-02-23 00:00:00+00:00,96258,10884.84913,1044.392012,1457368,0.4244369963,0.177950882,1440,0.160239587,0.2385897,1440,16.0239587,0.02910193768,,0,0.1752812463
2025-02-24 00:00:00+00:00,91552.88,31550.10299,2981.809595,4972684,0.4576414113,0.4892083607,1440,0.1880897193,0.2284109121,1440,18.80897193,0.1680702813,,0.2494215407,0.1681481817
2025-02-25 00:00:00+00:00,88680.4,78333.11111,6962.982501,10289145,0.457305375,0.9019977066,1440,0.2005622529,0.265486736,1440,20.05622529,0.04578186647,2.03771565,0,0.1813869415
2025-02-26 00:00:00+00:00,84250.09,56893.54409,4898.429926,8490006,0.4935038755,0.8423672825,1440,0.2929924342,0.2947591575,1440,29.29924342,0.1046238461,3.590147394,1.469416846,0.141929754
2025-02-27 00:00:00+00:00,84708.58,42505.45439,3618.738891,6357581,0.4788966494,0.6639079105,1440,0.2510595268,0.2264336587,1440,25.10595268,0.01499764949,,0,0.1372261578
2025-02-28 00:00:00+00:00,84349.94,83648.03969,6806.705237,11344216,0.4808821942,1.026981901,1440,0.2495527193,0.2309023185,1440,24.95527193,0.006233261779,,0,0.1297932652
2025-03-01 00:00:00+00:00,86064.53,25785.05464,2194.003508,3700728,0.4556169399,0.4167491827,1440,0.1191069978,0.1152147729,1440,11.91069978,0.09171938868,,0,0.1664707219
2025-03-02 00:00:00+00:00,94270,54889.09045,4972.549516,7403218,0.5333265695,0.827686414,1440,0.2599040405,0.3552333496,1440,25.99040405,0.1831367217,,0,0.1747360199
2025-03-03 00:00:00+00:00,86220.61,59171.10218,5321.123743,9797860,0.4717748271,0.9852770959,1440,0.3128416429,0.2325763554,1440,31.28416429,0.1677347972,9.410337579,4.234027909,0.1445076666
2025-03-04 00:00:00+00:00,87281.98,55609.10706,4704.90122,10326631,0.4960467333,1.100190819,1440,0.4420867427,0.307689636,1440,44.20867427,0.02600433481,,0,0.1218715942
2025-03-05 00:00:00+00:00,90606.01,38264.01163,3400.24367,8070266,0.5025684329,0.7675205122,1440,0.2524345329,0.2198106015,1440,25.24345329,0.1099230618,,1.093879514,0.1678540259
2025-03-06 00:00:00+00:00,89931.89,34342.44902,3105.145628,7643526,0.5032836796,0.7358782147,1440,0.4283242952,0.3461838169,1440,42.83242952,0.02405020966,,0,0.1267599201
2025-03-07 00:00:00+00:00,86801.75,57980.35713,5097.554827,9510442,0.4897247409,1.155709636,1440,0.4588863698,0.3503982776,1440,45.88863698,0.06949571805,,0,0.1404770045
2025-03-08 00:00:00+00:00,86222.45,12989.23054,1119.358969,2553974,0.4997652317,0.3907393768,1440,0.3992955336,0.2856576622,1440,39.92955336,0.05982172248,,0,0.1352320584
2025-03-09 00:00:00+00:00,80734.37,26115.39345,2173.55266,5189138,0.4630936288,0.6104851445,1440,0.3358702134,0.2302090692,1440,33.58702134,0.302574687,2.534829493,0,0.1240173507
2025-03-10 00:00:00+00:00,78595.86,47633.38405,3834.924948,8701538,0.4807252555,0.9276704985,1440,0.3057792086,0.213543477,1440,30.57792086,0.0700023001,,0,0.1419892971
2025-03-11 00:00:00+00:00,82932.99,48770.06853,3927.000827,6983310,0.4927031769,0.9248254938,1440,0.3304552754,0.2425616641,1440,33.04552754,0.1367809898,7.063185647,3.648435299,0.1468583192
2025-03-12 00:00:00+00:00,83680.12,31933.986,2638.600997,5253577,0.4931866952,0.6544829827,1440,0.3089357021,0.2649893408,1440,30.89357021,0.03398961057,,0,0.1678817247
2025-03-13 00:00:00+00:00,81115.78,27546.27412,2260.870111,4367093,0.4724116697,0.5557149844,1440,0.2774638588,0.2135846282,1440,27.74638588,0.1376634483,4.033028092,0,0.1529840343
2025-03-14 00:00:00+00:00,83983.2,26858.52755,2244.729596,3290987,0.5243357758,0.4982038575,1440,0.2343472186,0.2810663656,1440,23.43472186,0.1547592285,1.313599322,1.371906527,0.1624964166
2025-03-15 00:00:00+00:00,84338.44,11324.7332,953.4456718,1329670,0.4587561745,0.2315956595,1440,0.1807441591,0.2191313705,1440,18.07441591,0.04427072113,1.337079329,0.6101791649,0.1724232861
2025-03-16 00:00:00+00:00,82574.53,17596.12531,1468.056556,2767947,0.4833992155,0.4903189872,1440,0.3366395388,0.3294617447,1440,33.66395388,0.1439758709,2.550602007,0,0.1750058361
2025-03-17 00:00:00+00:00,84010.03,17214.74358,1437.716814,3014756,0.4872504241,0.4479918587,1440,0.3648040578,0.2760196133,1440,36.48040578,0.1198769942,2.745132619,0.3274178893,0.151954214
2025-03-18 00:00:00+00:00,82715.03,17610.89883,1450.813055,3126371,0.45694625,0.4364207693,1440,0.308808219,0.2446758835,1440,30.8808219,0.1070769915,,0,0.1501808045
2025-03-19 00:00:00+00:00,86845.94,28151.05374,2375.813942,3774761,0.4903634726,0.4978345259,1440,0.202381154,0.2724684486,1440,20.2381154,0.205127248,0.9926037573,0,0.1781589618
2025-03-20 00:00:00+00:00,84223.39,22090.30463,1885.241921,3252595,0.4600929136,0.449050802,1440,0.2588820711,0.2589921501,1440,25.88820711,0.1626479357,,0,0.188635189
2025-03-21 00:00:00+00:00,84088.79,11956.97443,1005.135519,2360005,0.457174149,0.3461985186,1440,0.3440504759,0.2373514606,1440,34.40504759,0.01591237418,1.602717603,0,0.1643340457
2025-03-22 00:00:00+00:00,83840.59,5420.22114,456.2354438,864481,0.4214204035,0.1537305318,1440,0.3221507417,0.4268267048,1440,32.21507417,0.06479125362,1.082163266,0.5749846769,0.1390185911
2025-03-23 00:00:00+00:00,86082.5,8461.97813,718.6923191,1206533,0.5229049357,0.2160489892,1440,0.2394257101,0.3067842994,1440,23.94257101,0.3671791151,,0,0.1322333708
2025-03-24 00:00:00+00:00,87498.16,30115.62111,2636.765918,2916713,0.4774915891,0.3873283878,1440,0.1813483205,0.2558693247,1440,18.13483205,0.06186224464,,0,0.1626776293
2025-03-25 00:00:00+00:00,87392.87,22643.25248,1979.571591,2802815,0.4169260997,0.3850242783,1440,0.2684800371,0.2904510227,1440,26.84800371,0.006082448294,,0,0.2094916671
2025-03-26 00:00:00+00:00,86909.17,18408.78485,1606.406956,2380154,0.4666781431,0.3654152116,1440,0.2749355533,0.307309793,1440,27.49355533,0.03455008753,,0,0.2050169855
2025-03-27 00:00:00+00:00,87232.01,17098.03897,1487.968808,2376381,0.4787130959,0.3487284474,1440,0.2256389359,0.2091893186,1440,22.56389359,0.02491853591,1.793175631,0,0.1625234404
2025-03-28 00:00:00+00:00,84424.38,27182.73169,2309.946561,3236085,0.4147794081,0.3914583019,1440,0.182201853,0.1816177888,1440,18.2201853,0.1416272083,1.138674581,0,0.1675187996
2025-03-29 00:00:00+00:00,82648.54,11696.39864,970.199918,2172387,0.4806269881,0.3388491859,1440,0.3746963444,0.3485756357,1440,37.46963444,0.2191204389,,0,0.1973369275
2025-03-30 00:00:00+00:00,82389.99,9864.49508,816.5847955,1907663,0.4789977603,0.3330960852,1440,0.5051070083,0.4029582978,1440,50.51070083,0.03836968705,0.741221568,0,0.1653202227
2025-03-31 00:00:00+00:00,82550.01,20569.13885,1696.009191,3964358,0.4819298422,0.5210928529,1440,0.427763187,0.3082726519,1440,42.7763187,0.01144063701,1.892236997,0,0.1409940516
2025-04-01 00:00:00+00:00,85158.34,20190.39697,1698.895703,3328693,0.5074900952,0.4269050612,1440,0.3229596843,0.2635602685,1440,32.29596843,0.1831075066,1.315805483,0,0.1365093219
2025-04-02 00:00:00+00:00,82516.29,39931.457,3417.27976,5338238,0.5193819522,0.7334518227,1440,0.2804299025,0.3506893215,1440,28.04299025,0.09222721268,2.240499601,0,0.1552775961
2025-04-03 00:00:00+00:00,83213.09,27337.84135,2259.299725,4117486,0.5103375845,0.5376676385,1440,0.2704538852,0.2308129091,1440,27.04538852,0.03721922636,,1.012680399,0.1636708675
2025-04-04 00:00:00+00:00,83889.87,32915.53976,2739.842666,4992586,0.4829386942,0.648566045,1440,0.2300072862,0.1457800968,1440,23.00072862,0.02956447144,1.749261322,0.5637294087,0.183144174
2025-04-05 00:00:00+00:00,83537.99,9360.40468,779.6265779,1575750,0.4304991844,0.2771432788,1440,0.2971790889,0.2815699872,1440,29.71790889,0.05391515475,1.549628755,0.4579480688,0.132141059
2025-04-06 00:00:00+00:00,78430,27942.71436,2239.085051,3948493,0.4471235235,0.6589647626,1440,0.2256688813,0.2267350958,1440,22.56688813,0.2817891674,7.434556085,3.850150373,0.1518332406
2025-04-07 00:00:00+00:00,79163.24,78387.53089,6084.614024,9736596,0.4984956446,1.199046487,1440,0.3264342155,0.2872895298,1440,32.64342155,0.01529356241,,0,0.1569568618
2025-04-08 00:00:00+00:00,76322.42,35317.32063,2775.277777,5512751,0.4446750215,0.6643889099,1440,0.2647989649,0.2000430539,1440,26.47989649,0.1316816454,3.807638004,1.68692971,0.1584953835
2025-04-09 00:00:00+00:00,82615.22,75488.28772,5980.231256,7741252,0.5231490973,0.9653529915,1440,0.2667376438,0.3150952745,1440,26.67376438,0.1324818162,2.565295045,1.061828458,0.1595957575
2025-04-10 00:00:00+00:00,79607.3,33284.80718,2690.294354,4529545,0.4909122355,0.6142705237,1440,0.2572570684,0.2976966862,1440,25.72570684,0.137858996,5.662226372,3.192723011,0.20556554
2025-04-11 00:00:00+00:00,83423.84,34435.43797,2830.363945,4423157,0.5232860313,0.5587895378,1440,0.2341480779,0.3141918145,1440,23.41480779,0.1654498275,,0,0.1722443897
2025-04-12 00:00:00+00:00,85276.9,18470.74437,1557.403253,2501196,0.5157738231,0.3905659706,1440,0.2117192838,0.3042101943,1440,21.17192838,0.1410648722,1.867700876,0,0.1995284559
2025-04-13 00:00:00+00:00,83760,24680.04181,2086.106375,3275879,0.472393004,0.5159254882,1440,0.1955959772,0.1793857052,1440,19.55959772,0.08603608407,2.647375171,0,0.2331401116
2025-04-14 00:00:00+00:00,84591.58,28659.09348,2429.132805,3921522,0.5302536628,0.5333801899,1440,0.2348002684,0.2459193753,1440,23.48002684,0.04066952572,2.81716645,0,0.2042180819
2025-04-15 00:00:00+00:00,83643.99,20910.99528,1780.972414,2910533,0.4992283045,0.4120174727,1440,0.1878480805,0.2583557359,1440,18.78480805,0.0632528416,1.661824911,0,0.1960135412
2025-04-16 00:00:00+00:00,84030.38,20867.24519,1753.910031,3264730,0.5011092219,0.447939387,1440,0.2520478644,0.2541252172,1440,25.20478644,0.02627741544,,0,0.1687182002
2025-04-17 00:00:00+00:00,84947.91,13728.84772,1161.659427,2003405,0.467950099,0.3264515094,1440,0.3389707225,0.3199056858,1440,33.89707225,0.09348561831,1.683699678,0.5126618761,0.1473793063
2025-04-18 00:00:00+00:00,84474.69,6529.96315,552.6484836,840009,0.4459119436,0.1790383307,1440,0.3546759573,0.3901289264,1440,35.46759573,0.1010820151,0.5288762601,0,0.135717047
2025-04-19 00:00:00+00:00,85077.01,9666.58153,823.2227523,875226,0.5603119214,0.1920506209,1440,0.1169589665,0.1785445921,1440,11.69589665,0.08630572262,,0,0.1353997083
2025-04-20 00:00:00+00:00,85179.24,8091.67725,685.2536449,944130,0.4749921458,0.2166545127,1440,0.2017515087,0.2649515423,1440,20.17515087,0.01752483715,,0,0.1538892063
2025-04-21 00:00:00+00:00,87516.23,31773.37262,2773.299591,3041395,0.5418498998,0.4354140503,1440,0.1456189633,0.2592398665,1440,14.56189633,0.09759681135,,0,0.2026081261
2025-04-22 00:00:00+00:00,93442.99,43872.74705,3967.785064,3268475,0.5191781231,0.6032305558,1440,0.1129683938,0.3522378793,1440,11.29683938,0.1651481992,5.928854197,1.862543791,0.1951764467
2025-04-23 00:00:00+00:00,93691.08,27404.16808,2560.279934,3016536,0.4790533214,0.5066300421,1440,0.2614960572,0.263272341,1440,26.14960572,0.01035617054,3.279365646,1.03649361,0.2183482375
2025-04-24 00:00:00+00:00,93980.47,19497.06071,1811.120137,2797383,0.4393062835,0.3598090116,1440,0.2002654139,0.2077055128,1440,20.02654139,0.01702817714,,0,0.1825546994
2025-04-25 00:00:00+00:00,94638.68,27500.66648,2596.877714,3331828,0.4753419838,0.3910779842,1440,0.2225953264,0.3116817452,1440,22.25953264,0.02687564847,,0,0.1593474652
2025-04-26 00:00:00+00:00,94628,9415.06875,889.6273618,1475983,0.441443896,0.2411279896,1440,0.2575741103,0.2432638062,1440,25.75741103,0.001268583192,,0,0.14779341
2025-04-27 00:00:00+00:00,93749.3,11162.841,1052.334792,1918160,0.4703181914,0.2592261835,1440,0.1335773148,0.1677171253,1440,13.35773148,0.08865255871,,0,0.1539931426
2025-04-28 00:00:00+00:00,95011.18,22157.53351,2092.532997,3424740,0.5247324083,0.3558210703,1440,0.1375716941,0.2036637351,1440,13.75716941,0.06389562675,,0,0.1822453318
2025-04-29 00:00:00+00:00,94256.82,16955.3402,1607.154803,3020875,0.4194952508,0.3429958373,1440,0.2321199844,0.2669555154,1440,23.21199844,0.04959935668,,0,0.2163946209
2025-04-30 00:00:00+00:00,94172,17661.2751,1664.825671,3214149,0.4752327424,0.3503000204,1440,0.1877643132,0.2290125733,1440,18.77643132,0.005407695147,,0,0.1821528905
2025-05-01 00:00:00+00:00,96489.91,21380.45343,2053.857614,2925716,0.5110215794,0.3209983401,1440,0.169253523,0.2574928531,1440,16.9253523,0.1183896373,,0,0.1914841275
2025-05-02 00:00:00+00:00,96887.14,14905.74811,1446.387652,2698263,0.499158798,0.303856355,1440,0.1744154067,0.2125411623,1440,17.44154067,0.02840422935,0.6800622274,0,0.1695546726
2025-05-03 00:00:00+00:00,95856.42,9723.34838,935.906145,1181239,0.4041205505,0.1777350104,1440,0.1096140754,0.186400004,1440,10.96140754,0.1142780086,0.4600023503,0,0.1731876437
2025-05-04 00:00:00+00:00,94277.62,11036.38342,1053.542404,1674726,0.3973525287,0.2417008055,1440,0.2255173245,0.303489693,1440,22.55173245,0.1576359247,,0,0.2163237493
2025-05-05 00:00:00+00:00,94733.68,17251.18189,1626.99938,2623300,0.4869027875,0.3172895356,1440,0.1874120873,0.2360135625,1440,18.74120873,0.02966044515,,0,0.2200383063
2025-05-06 00:00:00+00:00,96834.02,16122.64513,1526.847765,2512960,0.4655537153,0.318455703,1440,0.1698279181,0.2355879096,1440,16.98279181,0.1436213416,,0,0.174189181
2025-05-07 00:00:00+00:00,97030.5,16644.83854,1611.730125,2849139,0.4996590799,0.3408302135,1440,0.2405790795,0.2325494457,1440,24.05790795,0.01257644327,,0,0.1836628958
2025-05-08 00:00:00+00:00,103261.6,34962.02847,3508.645831,4991147,0.5304963957,0.4773313175,1440,0.1377565198,0.2409615399,1440,13.77565198,0.1773909797,,0,0.1745959
2025-05-09 00:00:00+00:00,102971.99,27617.39907,2847.518448,4406929,0.5259439447,0.4000639209,1440,0.2086788256,0.2496324766,1440,20.86788256,0.009863201067,2.054053726,0,0.1877681858
2025-05-10 00:00:00+00:00,104809.53,15324.78611,1588.386279,2227845,0.5388809162,0.2810186796,1440,0.2168727346,0.3699165181,1440,21.68727346,0.1113563722,,0,0.2057221421
2025-05-11 00:00:00+00:00,104118,17987.12197,1873.381777,3100176,0.5043583846,0.36127876,1440,0.2265824318,0.246947153,1440,22.65824318,0.0353362652,,0,0.1654819615
2025-05-12 00:00:00+00:00,102791.32,31272.77792,3242.348937,5298407,0.5262083852,0.4928267992,1440,0.2221078005,0.3164032132,1440,22.21078005,0.03955144226,,0,0.1702452894
2025-05-13 00:00:00+00:00,104103.72,21253.42409,2197.244118,3703531,0.5037295828,0.3779408214,1440,0.2284808743,0.2302117493,1440,22.84808743,0.05773958428,1.673552707,0,0.1700688534
2025-05-14 00:00:00+00:00,103507.82,16452.9081,1704.708279,3025221,0.4878185231,0.3125003265,1440,0.1665116034,0.1925948853,1440,16.65116034,0.03367464402,1.32477901,0,0.1934411401
2025-05-15 00:00:00+00:00,103763.71,17998.98604,1850.183475,4139477,0.470869878,0.3816701255,1440,0.2888597367,0.2436561541,1440,28.88597367,0.0133453227,,0,0.1812787299
2025-05-16 00:00:00+00:00,103463.9,15683.88024,1628.832372,3237442,0.4817148495,0.2999892617,1440,0.195399925,0.2221516595,1440,19.5399925,0.01776447605,,0,0.1559277367
2025-05-17 00:00:00+00:00,103126.65,11250.89622,1160.418363,2568597,0.4741946904,0.2383890932,1440,0.2251000243,0.2477621166,1440,22.51000243,0.02813567219,0.5160108103,0,0.1828068854
2025-05-18 00:00:00+00:00,106454.26,21599.98726,2262.214972,3193300,0.5400419407,0.3614792261,1440,0.1764974502,0.3090905601,1440,17.64974502,0.1403826126,,0,0.1888808334
2025-05-19 00:00:00+00:00,105573.74,30260.03524,3150.324505,4881371,0.4695403983,0.448787692,1440,0.1939330907,0.277755151,1440,19.39330907,0.02636472278,1.467926979,0,0.2041312842
2025-05-20 00:00:00+00:00,106849.99,23705.48275,2509.102445,3878351,0.5209960447,0.4057958751,1440,0.1950814799,0.2557381419,1440,19.50814799,0.04789051996,,0,0.1811038997
2025-05-21 00:00:00+00:00,109643.99,45531.04035,4914.709514,6835279,0.5196817208,0.5598105007,1440,0.110712023,0.1733717315,1440,11.0712023,0.0525214651,,0,0.2017856529
2025-05-22 00:00:00+00:00,111696.21,31630.77313,3509.432835,5794216,0.5243173432,0.468697666,1440,0.2710810061,0.3233162237,1440,27.10810061,0.0528407683,2.495873362,0.4054542785,0.1796346113
2025-05-23 00:00:00+00:00,107318.3,31737.72309,3469.704446,5251192,0.450861471,0.5127366136,1440,0.1997620485,0.2055872048,1440,19.97620485,0.1152363004,2.159761395,1.308407297,0.1678934989
2025-05-24 00:00:00+00:00,107761.91,16782.53129,1819.95882,2805418,0.5235746216,0.337166759,1440,0.1511535387,0.1743738152,1440,15.11535387,0.02266574122,2.086088272,1.20768613,0.1920930884
2025-05-25 00:00:00+00:00,109004.19,17710.04695,1904.366455,3151168,0.4442205683,0.3560396497,1440,0.2002196845,0.239131991,1440,20.02196845,0.06018833879,1.057304199,0.6085814219,0.223309521
2025-05-26 00:00:00+00:00,109434.79,14649.11593,1605.578282,2887863,0.4983995563,0.3221021026,1440,0.2823939274,0.2945563509,1440,28.23939274,0.02455517077,0.5192201419,0,0.2102358303
2025-05-27 00:00:00+00:00,108938.17,21276.65635,2327.603851,3735509,0.4685836226,0.4142981565,1440,0.2337570164,0.2898327886,1440,23.37570164,0.01954101067,,0,0.1577682231
2025-05-28 00:00:00+00:00,107781.78,15633.78829,1689.136749,2933262,0.4398980773,0.3196683339,1440,0.2431661312,0.251049675,1440,24.31661312,0.06317929021,2.386497516,0.870238622,0.1721114368
2025-05-29 00:00:00+00:00,105589.75,19834.70116,2128.639018,3774926,0.4768155307,0.4047139035,1440,0.2950736682,0.3773587628,1440,29.50736682,0.0965279935,1.238810121,0.1728589949,0.1617599513
2025-05-30 00:00:00+00:00,103985.48,23706.49799,2493.07855,4307572,0.4670022314,0.4275733623,1440,0.3050477463,0.3418693968,1440,30.50477463,0.0614101315,,0,0.1722585673
2025-05-31 00:00:00+00:00,104591.88,11289.35922,1174.000802,2343787,0.4676041968,0.2887072164,1440,0.332250916,0.3662639538,1440,33.2250916,0.04952846316,1.167648322,0.9668956863,0.1428057979
2025-06-01 00:00:00+00:00,105642.93,9709.70006,1016.188487,1939359,0.4779087584,0.247182031,1440,0.3881807225,0.463703034,1440,38.81807225,0.09839614722,0.3043545818,0,0.1432396309
2025-06-02 00:00:00+00:00,105857.99,13453.98813,1409.004207,2997656,0.4827308384,0.3094772358,1440,0.3605951495,0.3594885405,1440,36.05951495,0.01443328662,,0,0.1402067402
2025-06-03 00:00:00+00:00,105376.89,13259.52634,1402.493747,2470698,0.4721303159,0.2788166714,1440,0.2559495368,0.291523011,1440,25.59495368,0.0324787673,,0,0.1550493865
2025-06-04 00:00:00+00:00,104696.86,14034.89482,1476.928482,2274464,0.4973282087,0.2429624249,1440,0.1358349648,0.1815961149,1440,13.58349648,0.04383573886,,0,0.2334999225
2025-06-05 00:00:00+00:00,101508.68,22321.50154,2301.567893,3963295,0.4482386712,0.4405115985,1440,0.263038,0.3713080583,1440,26.3038,0.134364122,3.490840933,0.5822691931,0.2080745054
2025-06-06 00:00:00+00:00,104288.44,15839.07385,1642.382405,2709327,0.4833367697,0.2979266,1440,0.2525306313,0.3255332358,1440,25.25306313,0.1644940276,,0,0.1697754577
2025-06-07 00:00:00+00:00,105552.15,8344.93206,877.915381,1402494,0.4757401368,0.1956133635,1440,0.2839022731,0.3877615858,1440,28.39022731,0.1371957037,,0,0.1793848162
2025-06-08 00:00:00+00:00,105734,8048.06305,850.8871294,1295154,0.5419220293,0.1796651319,1440,0.2174542308,0.2725155881,1440,21.74542308,0.02023021155,0.2771869103,0,0.1781941991
2025-06-09 00:00:00+00:00,110263.02,19975.37451,2154.922022,2839846,0.5318489606,0.3357217761,1440,0.1745987208,0.29447,1440,17.45987208,0.19463394,,0,0.20456433
2025-06-10 00:00:00+00:00,110274.39,17071.82839,1867.62055,3003420,0.4691527836,0.3148523712,1440,0.2466170743,0.2714914538,1440,24.66170743,0.0005521022879,,0,0.199895037
2025-06-11 00:00:00+00:00,108645.12,13115.91638,1434.88464,2667014,0.45982061,0.3041399664,1440,0.3730757225,0.3595380941,1440,37.30757225,0.1037360294,,0,0.19886668
2025-06-12 00:00:00+00:00,105671.73,17778.67218,1908.309274,3517420,0.466358027,0.356093536,1440,0.1798460891,0.198883363,1440,17.98460891,0.1454134776,1.312332515,0,0.1989842203
2025-06-13 00:00:00+00:00,106066.59,26180.81734,2735.461891,5452577,0.4886672132,0.4939064837,1440,0.2058255881,0.2610338017,1440,20.58255881,0.01363463476,,0,0.21243628
2025-06-14 00:00:00+00:00,105414.64,8798.93969,925.5686142,1521776,0.437388494,0.2240121486,1440,0.1905056195,0.1886364207,1440,19.05056195,0.0666139542,1.21506375,0,0.2040429219
2025-06-15 00:00:00+00:00,105594.01,7164.20047,754.5968879,1564768,0.4685057508,0.2243274187,1440,0.3022951057,0.3308184404,1440,30.22951057,0.02253017887,,0,0.1834634684
2025-06-16 00:00:00+00:00,106794.53,14922.6654,1599.849841,2928998,0.4987278754,0.3532982462,1440,0.2527433217,0.275112383,1440,25.27433217,0.07066326801,1.910963171,0.3260606541,0.1690603261
2025-06-17 00:00:00+00:00,104551.17,17866.33025,1883.173485,3723010,0.4523958075,0.375310611,1440,0.1975353477,0.2001707698,1440,19.75353477,0.1127357173,1.494159159,0,0.1784565946
2025-06-18 00:00:00+00:00,104886.78,13968.64167,1461.383024,3468170,0.4765183972,0.4004728634,1440,0.3073592921,0.2517282682,1440,30.73592921,0.02193036317,2.72921418,0,0.1835865318
2025-06-19 00:00:00+00:00,104658.59,7678.60737,803.402576,1718045,0.4666467743,0.2365303135,1440,0.3086894532,0.288783524,1440,30.86894532,0.02710912415,,0,0.1524269731
2025-06-20 00:00:00+00:00,103297.99,16419.06283,1714.411911,3029404,0.4332750574,0.3448613039,1440,0.2059894708,0.2742795108,1440,20.59894708,0.07632710976,,0,0.1962407546
2025-06-21 00:00:00+00:00,102120.01,11154.21332,1144.829785,2172578,0.4153530955,0.3539767412,1440,0.2727227465,0.3872529026,1440,27.27227465,0.1001828211,2.580425561,1.08028991,0.2268585394
2025-06-22 00:00:00+00:00,100963.87,28746.41072,2892.695408,5121309,0.4571711501,0.5395621044,1440,0.2128544115,0.2154864161,1440,21.28544115,0.03936107547,2.97479892,1.33149726,0.2030743816
2025-06-23 00:00:00+00:00,105333.93,27666.50609,2836.166831,4944207,0.4846366067,0.5011819325,1440,0.2254726296,0.2232998631,1440,22.54726296,0.1494018579,0.8559971132,0,0.1858763257
2025-06-24 00:00:00+00:00,106083,14651.69335,1543.451113,2973481,0.4674081976,0.3416419343,1440,0.2582145234,0.2287608514,1440,25.82145234,0.04591150999,1.317468094,0,0.1868683738
2025-06-25 00:00:00+00:00,107340.58,16701.15551,1789.545471,2988892,0.5135056125,0.3147738265,1440,0.1454611835,0.1317871597,1440,14.54611835,0.06585450739,,0,0.17769773
2025-06-26 00:00:00+00:00,106947.06,10573.27279,1136.093975,2597742,0.4712911583,0.300893368,1440,0.3269364447,0.2295199966,1440,32.69364447,0.03232852684,1.865256799,0,0.1933718283
2025-06-27 00:00:00+00:00,107047.59,12232.44042,1308.420349,2304499,0.3974906015,0.2664224319,1440,0.2229208388,0.1932778417,1440,22.29208388,0.007180844207,,0,0.1979058228
2025-06-28 00:00:00+00:00,107296.79,3282.17352,352.0253906,653305,0.461407534,0.09938259605,1440,0.2726001421,0.3323778819,1440,27.26001421,0.06605293795,,0,0.2366477414
2025-06-29 00:00:00+00:00,108356.93,6831.7364,736.7081899,1223202,0.5519986032,0.1751730189,1440,0.2460824914,0.3009958465,1440,24.60824914,0.1334578928,0.4252010765,0,0.2122544577
2025-06-30 00:00:00+00:00,107146.5,9754.12491,1050.407152,1773485,0.44405637,0.2408116739,1440,0.2832204193,0.3085395212,1440,28.32204193,0.1069454678,,0,0.1829234453
2025-07-01 00:00:00+00:00,105681.14,10505.62437,1117.432946,2013289,0.4425169896,0.2557138128,1440,0.1693464521,0.1893328717,1440,16.93464521,0.1232343248,,0,0.1792095281
2025-07-02 00:00:00+00:00,108849.6,17691.89592,1915.699006,2444708,0.5227495307,0.283932827,1440,0.1504725413,0.2153457702,1440,15.04725413,0.154203063,,0,0.1852952725
2025-07-03 00:00:00+00:00,109584.78,13047.08225,1429.459049,2568944,0.5335979897,0.2914866277,1440,0.1427341079,0.159716223,1440,14.27341079,0.04709042468,1.408697932,0,0.2652527032
2025-07-04 00:00:00+00:00,107984.24,11793.86615,1276.215112,1975212,0.4059566353,0.2246228533,1440,0.1630912319,0.1547368644,1440,16.30912319,0.1152878192,0.2715537813,0,0.1983720941
2025-07-05 00:00:00+00:00,108198.12,3736.9757,403.9287022,710020,0.4826590871,0.1187963455,1440,0.2129754544,0.2197946279,1440,21.29754544,0.04898637976,,0,0.2477163692
2025-07-06 00:00:00+00:00,109203.84,6447.607,700.7332995,1256591,0.4977597146,0.2116906262,1440,0.2764435438,0.3252695581,1440,27.64435438,0.1320364895,0.868149887,0,0.2347605752
2025-07-07 00:00:00+00:00,108262.94,9405.37601,1020.848316,1961940,0.4168809717,0.2452478441,1440,0.2509458335,0.1976394833,1440,25.09458335,0.08476606707,,0,0.1928834569
2025-07-08 00:00:00+00:00,108922.98,9216.0208,1000.112813,1723244,0.47439006,0.2257378362,1440,0.08267775916,0.07811916414,1440,8.267775916,0.06077443499,1.409139195,0,0.20382537
2025-07-09 00:00:00+00:00,111233.99,17282.2865,1902.054744,2328484,0.5170440422,0.2899183998,1440,0.1413050227,0.2738308209,1440,14.13050227,0.1103804908,0.9245607978,0.7489750301,0.1812610723
2025-07-10 00:00:00+00:00,116010,24883.45067,2826.46028,3227017,0.5184222896,0.4224429603,1440,0.1665187505,0.3371970401,1440,16.65187505,0.1487386679,,0,0.1747457042
2025-07-11 00:00:00+00:00,117527.66,25873.52115,3039.521803,3708194,0.4832326878,0.3791542928,1440,0.1965559499,0.2266060993,1440,19.65559499,0.04276105483,1.285843172,0,0.2492001105
2025-07-12 00:00:00+00:00,117420,8446.60437,993.0933534,1441851,0.44805605,0.2002013439,1440,0.2634715179,0.302442454,1440,26.34715179,0.009228331829,1.240521828,0.1542439484,0.1645689331
2025-07-13 00:00:00+00:00,119086.64,9550.792947,1132.096857,1650283,0.4990658193,0.2322810952,1440,0.1931698921,0.2355693776,1440,19.31698921,0.1244950439,,0,0.1433259688
2025-07-14 00:00:00+00:00,119841.18,27269.34888,3299.746181,4076133,0.5170486765,0.4098652226,1440,0.1423809227,0.2847951922,1440,14.23809227,0.01914108059,,0,0.1653432072
2025-07-15 00:00:00+00:00,117758.09,32018.46083,3755.258446,3805374,0.489320994,0.4846142889,1440,0.2277927621,0.2483311907,1440,22.77927621,0.04669433813,0.9519237076,0,0.1766773401
2025-07-16 00:00:00+00:00,118630.43,17039.90851,2023.850384,2429625,0.4903763894,0.3659524395,1440,0.2733171276,0.2154702409,1440,27.33171276,0.03646808589,1.132372613,0.9997032488,0.1798872313
2025-07-17 00:00:00+00:00,119177.56,15728.57651,1869.114355,2347985,0.4893118754,0.3973561036,1440,0.3299370223,0.263291123,1440,32.99370223,0.0246183519,1.67910715,1.159593885,0.174653644
2025-07-18 00:00:00+00:00,117924.84,19924.66266,2367.355518,2805236,0.4492612388,0.3822139104,1440,0.3474296714,0.3382547419,1440,34.74296714,0.04463634388,3.10756511,1.506617404,0.1589347536
2025-07-19 00:00:00+00:00,117840,6635.80306,783.3278985,1133382,0.4488353818,0.1912918314,1440,0.2929049186,0.310565009,1440,29.29049186,0.009187726134,0.8198494021,0,0.1692810819
2025-07-20 00:00:00+00:00,117265.12,12962.92889,1528.864684,1615935,0.5077042207,0.2686137388,1440,0.2106160371,0.2980521739,1440,21.06160371,0.03198725152,1.476717288,0,0.1657075796
2025-07-21 00:00:00+00:00,117380.36,17107.33128,2020.783267,2509543,0.4925559681,0.3326188322,1440,0.25017528,0.2601568131,1440,25.017528,0.004860728349,,0,0.1734871481
2025-07-22 00:00:00+00:00,119954.42,20959.12973,2481.252764,2778733,0.5158351138,0.4088721821,1440,0.2410211208,0.2617151737,1440,24.10211208,0.08742452814,0.7809748105,0,0.1812433656
2025-07-23 00:00:00+00:00,118755.99,14558.75083,1722.126987,2101404,0.485624563,0.3250802947,1440,0.2844650759,0.2377508059,1440,28.44650759,0.05830553509,,0,0.1588824576
2025-07-24 00:00:00+00:00,118340.99,15806.89043,1873.181653,2081435,0.4840762295,0.3253943641,1440,0.2493981566,0.2652495084,1440,24.93981566,0.01868842139,2.335525895,0.8972772476,0.166005272
2025-07-25 00:00:00+00:00,117614.31,38406.34873,4456.778787,3282355,0.4437488622,0.4233730292,1440,0.09924986467,0.1083497622,1440,9.924986467,0.01382050018,,0.6159110561,0.2208570103
2025-07-26 00:00:00+00:00,117919.99,6991.67206,823.6290797,790372,0.4530938412,0.1404390619,1440,0.1684969961,0.2473018581,1440,16.84969961,0.03151457332,,0,0.1604109065
2025-07-27 00:00:00+00:00,119415.55,9328.30919,1107.883542,1095080,0.5615490946,0.1975442773,1440,0.1393056783,0.204016584,1440,13.93056783,0.1137581963,,0,0.190451036
2025-07-28 00:00:00+00:00,118062.32,13961.74754,1655.882236,1824777,0.5174794716,0.2941093893,1440,0.2212599657,0.1873585003,1440,22.12599657,0.0688261888,,0,0.2224150521
2025-07-29 00:00:00+00:00,117950.76,15137.93445,1788.682084,1956694,0.5277428956,0.3049430769,1440,0.2219987197,0.2457777262,1440,22.19987197,0.005285295871,,0,0.1921423257
2025-07-30 00:00:00+00:00,117840.3,15586.73631,1832.696878,1997369,0.5006573656,0.3035540752,1440,0.2295138032,0.256372093,1440,22.95138032,0.005112308949,0.4176347791,0,0.1841476198
2025-07-31 00:00:00+00:00,115764.08,17010.0073,2002.870017,1859532,0.4887426568,0.2973962271,1440,0.1342126598,0.1827175601,1440,13.42126598,0.08875259398,0.7718900807,0,0.1943989714
2025-08-01 00:00:00+00:00,113297.93,24487.10206,2810.268577,4160829,0.4691131344,0.5004890746,1440,0.2403816021,0.2206584396,1440,24.03816021,0.07662409716,,0,0.1869694864
2025-08-02 00:00:00+00:00,112546.35,11507.33428,1301.882737,2165714,0.4397202885,0.2861985085,1440,0.2434033528,0.1887863979,1440,24.34033528,0.05112412048,2.199737013,1.630550615,0.162613077
2025-08-03 00:00:00+00:00,114208.8,7397.76046,841.0900342,1419281,0.5053128349,0.2166043441,1440,0.1947121415,0.1978261333,1440,19.47121415,0.1743358577,1.157997114,0.5407370453,0.1864697313
2025-08-04 00:00:00+00:00,115055.03,9667.67916,1109.938874,1954230,0.4877378978,0.259553303,1440,0.340576157,0.3330903825,1440,34.0576157,0.06650982116,,0,0.1619105012
2025-08-05 00:00:00+00:00,114129.75,12042.79078,1371.861747,2581052,0.4668907434,0.3182476541,1440,0.2827679905,0.2465136657,1440,28.27679905,0.05885852992,1.700121098,0.8279874909,0.1477418083
2025-08-06 00:00:00+00:00,114992.27,9761.15318,1118.028733,2026500,0.4991467084,0.2714511316,1440,0.3370874368,0.3198390196,1440,33.70874368,0.0673412893,,0,0.1349163158
2025-08-07 00:00:00+00:00,117472.01,13468.56263,1564.454298,2314671,0.5203775431,0.2764198209,1440,0.2295564811,0.2727614346,1440,22.95564811,0.1363746052,1.363338435,0.6117036139,0.1477753368
2025-08-08 00:00:00+00:00,116674.74,10045.31278,1172.199779,2095304,0.4564223972,0.2315158358,1440,0.2547054362,0.2092768308,1440,25.47054362,0.05809614661,,0,0.16146031
2025-08-09 00:00:00+00:00,116462.25,9514.13144,1111.837602,1390951,0.5118548331,0.1738043966,1440,0.1633476812,0.258503519,1440,16.33476812,0.0163951755,,0,0.1580397837
2025-08-10 00:00:00+00:00,119294.01,14322.77073,1694.198748,2317065,0.5601873605,0.2535975481,1440,0.1467277487,0.2010670484,1440,14.67277487,0.1418011444,,0,0.1849324645
2025-08-11 00:00:00+00:00,118686,26494.33429,3194.611531,4021743,0.4998589251,0.3887080995,1440,0.2014524695,0.2986408943,1440,20.14524695,0.01599495894,,0,0.1898342465
2025-08-12 00:00:00+00:00,120134.08,16720.10893,1992.762474,2737841,0.5541267499,0.3312104031,1440,0.203710039,0.1964617922,1440,20.3710039,0.06085573299,0.4177177765,0,0.2058433782
2025-08-13 00:00:00+00:00,123306.43,23210.07102,2811.581348,3712817,0.5140556545,0.3778965857,1440,0.2284918768,0.3185293657,1440,22.84918768,0.09270265537,,0,0.1835959305
2025-08-14 00:00:00+00:00,118295.09,27980.94759,3359.128391,4350449,0.4789715729,0.502102953,1440,0.2638200404,0.325269389,1440,26.38200404,0.1235150543,,0,0.1959707207
2025-08-15 00:00:00+00:00,117342.05,13623.33874,1607.60933,2895016,0.4508011727,0.3261633375,1440,0.1904910767,0.1613889943,1440,19.04910767,0.05031752044,2.246959507,1.40205806,0.15712851
2025-08-16 00:00:00+00:00,117380.66,6393.68117,751.7193918,1179842,0.4684670021,0.1628140386,1440,0.2957148836,0.3290036929,1440,29.57148836,0.004376419423,0.8782801624,0.3164371487,0.1575255779
2025-08-17 00:00:00+00:00,117405.01,5898.64192,695.6291979,1177563,0.4754876068,0.1676530446,1440,0.3284548849,0.3902502783,1440,32.84548849,0.002981807301,,0,0.1510101043
2025-08-18 00:00:00+00:00,116227.05,17745.93954,2053.814085,3346280,0.4309552984,0.3289976129,1440,0.2466561183,0.2907272966,1440,24.66561183,0.04909877456,1.251492035,0,0.1764943657
2025-08-19 00:00:00+00:00,112872.94,18065.47424,2065.010896,3291182,0.4765672678,0.3656004819,1440,0.184507033,0.1614454624,1440,18.4507033,0.1418047933,3.181125844,1.515698726,0.203264822
2025-08-20 00:00:00+00:00,114271.24,15636.34194,1776.149566,2998370,0.4610787982,0.3494876948,1440,0.2278469689,0.2369069844,1440,22.78469689,0.06931938353,1.799424455,1.124447178,0.2100911095
2025-08-21 00:00:00+00:00,112500,10839.69235,1227.373789,2357380,0.493231717,0.3130345167,1440,0.3537382078,0.2663617369,1440,35.37382078,0.1272774365,,0,0.1639614251
2025-08-22 00:00:00+00:00,116935.99,23128.09037,2656.625122,3438518,0.5120871166,0.4274219734,1440,0.2695413694,0.3246566261,1440,26.95413694,0.1455736796,,0,0.1581365284
2025-08-23 00:00:00+00:00,115438.05,11329.36197,1308.825428,1559569,0.4486881215,0.189154494,1440,0.08812481509,0.1171020415,1440,8.812481509,0.09850563997,,0,0.1871864154
2025-08-24 00:00:00+00:00,113493.59,21175.98462,2411.284606,2573906,0.4403604964,0.491336465,1440,0.3494143138,0.4587933364,1440,34.94143138,0.07045067526,,0,0.2089024076
2025-08-25 00:00:00+00:00,110111.98,25182.79379,2805.570654,4695718,0.4521969165,0.456133833,1440,0.1998741409,0.2308762635,1440,19.98741409,0.1078158967,,0,0.1787116567
2025-08-26 00:00:00+00:00,111763.22,18452.43877,2033.437347,4077474,0.5345326812,0.4277392349,1440,0.3177175131,0.2463523855,1440,31.77175131,0.07319959137,3.119698119,1.941216457,0.1855999938
2025-08-27 00:00:00+00:00,111262.01,13392.60875,1493.774927,3111496,0.4675598023,0.4261692667,1440,0.4183399824,0.2637462302,1440,41.83399824,0.03008924514,4.86299309,2.152775335,0.1869436256
2025-08-28 00:00:00+00:00,112566.9,11104.27744,1250.788482,2066780,0.4628365166,0.3001151927,1440,0.2773873367,0.228468981,1440,27.73873367,0.09321992854,1.029009069,1.341244827,0.1492292774
2025-08-29 00:00:00+00:00,108377.4,22580.31045,2475.492493,3606959,0.4701598972,0.4426956403,1440,0.2054135022,0.1691643852,1440,20.54135022,0.1532144876,1.132873358,0.8353172512,0.1595450177
2025-08-30 00:00:00+00:00,108816.33,10708.39159,1160.666773,1411040,0.5413677471,0.1912499295,1440,0.196780846,0.2355164484,1440,19.6780846,0.03482338757,,0,0.2128486798
2025-08-31 00:00:00+00:00,108246.35,9489.51596,1031.806894,1366633,0.4819645806,0.2024167275,1440,0.2295745247,0.2608704708,1440,22.95745247,0.0508987392,,0,0.2329606547
2025-09-01 00:00:00+00:00,109237.42,16053.60219,1742.516639,2729384,0.4692399202,0.3548599991,1440,0.3517098337,0.3378072786,1440,35.17098337,0.05230383649,,0,0.1847438353
2025-09-02 00:00:00+00:00,111240.01,18510.28756,2042.681452,2596328,0.4910089722,0.3863383104,1440,0.2061132361,0.1968668701,1440,20.61132361,0.08893428116,0.770908423,0,0.1647204045
2025-09-03 00:00:00+00:00,111705.71,11773.72084,1313.762617,2214249,0.4704795277,0.3003825576,1440,0.289717889,0.267213367,1440,28.9717889,0.03179953913,,0,0.199338382
2025-09-04 00:00:00+00:00,110730.87,12203.13536,1349.031326,2230255,0.4974771918,0.294336483,1440,0.3008481471,0.3119919502,1440,30.08481471,0.06497374111,,0,0.191262084
2025-09-05 00:00:00+00:00,110659.99,21587.40888,2413.132201,2970419,0.4997270089,0.411570075,1440,0.278286579,0.319229098,1440,27.8286579,0.002653462273,4.071114478,1.44086207,0.1883178257
2025-09-06 00:00:00+00:00,110187.97,5000.29897,552.7859365,795201,0.4617389848,0.139169124,1440,0.2066359293,0.2337129451,1440,20.66359293,0.0773286948,,0,0.1837695745
2025-09-07 00:00:00+00:00,111137.34,5681.29944,630.4479502,874961,0.4525112639,0.1504898861,1440,0.2517548835,0.3012602788,1440,25.17548835,0.1360779773,,0,0.2031501749
2025-09-08 00:00:00+00:00,112065.23,11582.40211,1295.903862,1744598,0.4775917497,0.2501035975,1440,0.2433699591,0.2812376043,1440,24.33699591,0.06415891585,,0,0.1958209767
2025-09-09 00:00:00+00:00,111546.39,15379.28248,1721.465998,2143242,0.4940009646,0.2766758471,1440,0.2048428229,0.2213918281,1440,20.48428229,0.02695699069,,0,0.1773414358
2025-09-10 00:00:00+00:00,113960,17517.41823,1978.83475,2182534,0.472366411,0.3006511366,1440,0.2211337625,0.3948682222,1440,22.11337625,0.1081795811,2.147819962,0.6130249674,0.2067696603
2025-09-11 00:00:00+00:00,115482.69,13676.73119,1562.241145,2166359,0.4931222115,0.2669536717,1440,0.1737959679,0.3323107576,1440,17.37959679,0.08496216486,2.051338226,0.7132358786,0.2128864126
2025-09-12 00:00:00+00:00,116029.42,15324.10719,1772.12227,2481491,0.5217643456,0.241202346,1440,0.1937436218,0.2823220013,1440,19.37436218,0.02665239933,,0,0.1887076495
2025-09-13 00:00:00+00:00,115918.29,8269.40394,957.7242206,1223635,0.4341417611,0.143886476,1440,0.206672264,0.3545928643,1440,20.6672264,0.0100053154,,0,0.1932582082
2025-09-14 00:00:00+00:00,115268.01,6707.60197,775.762365,1237218,0.5079174026,0.1593277649,1440,0.2538660279,0.3387863124,1440,25.38660279,0.0725171516,,0,0.1613593449
2025-09-15 00:00:00+00:00,115349.71,13212.51149,1522.648235,2857989,0.5011434507,0.2675118327,1440,0.2573196104,0.2746234747,1440,25.73196104,0.004653286715,,0,0.1514119323
2025-09-16 00:00:00+00:00,116788.96,10926.9094,1265.779288,2047058,0.4843257555,0.2413168758,1440,0.2747088725,0.3090383825,1440,27.47088725,0.09796395764,,0,0.1831035797
2025-09-17 00:00:00+00:00,116447.59,16754.2454,1946.083705,3227418,0.4759988713,0.3349363624,1440,0.2467343139,0.2334996109,1440,24.67343139,0.01504172114,2.680275989,1.449523545,0.1824541602
2025-09-18 00:00:00+00:00,117073.53,11657.23365,1367.513347,2252654,0.4904547298,0.2452883712,1440,0.2462803355,0.2476529911,1440,24.62803355,0.03920179944,0.9989906718,0,0.157047887
2025-09-19 00:00:00+00:00,115632.38,8992.09065,1045.792401,1732471,0.4471501664,0.1907142392,1440,0.1867522284,0.2048140624,1440,18.67522284,0.118438211,,0,0.1900859513
2025-09-20 00:00:00+00:00,115685.63,4674.92752,541.2642732,740451,0.4868877261,0.08646880305,1440,0.1662423255,0.3371269012,1440,16.62423255,0.008506106306,,0,0.1875157133
2025-09-21 00:00:00+00:00,115232.29,4511.52219,521.2997512,945965,0.4470165069,0.1069080752,1440,0.235123159,0.3026905799,1440,23.5123159,0.07531984877,,0,0.1556741843
2025-09-22 00:00:00+00:00,112650.99,20781.71356,2348.872512,3045876,0.4481034609,0.3794864398,1440,0.2945755844,0.3742036046,1440,29.45755844,0.09645286788,,0,0.1638286098
2025-09-23 00:00:00+00:00,111998.8,12301.3203,1383.8698,2455729,0.4506313765,0.2502546439,1440,0.2501803638,0.2707545485,1440,25.01803638,0.04195696856,,0,0.1906319637
2025-09-24 00:00:00+00:00,113307,12369.25967,1394.470629,2229837,0.4932142289,0.2568882434,1440,0.2543595349,0.337686593,1440,25.43595349,0.08327742308,0.8561929522,0,0.1646070539
2025-09-25 00:00:00+00:00,108994.49,21231.14957,2356.63969,4409953,0.4479775972,0.3821048833,1440,0.2095967548,0.2216328855,1440,20.95967548,0.1646565603,2.037637487,0.7872417174,0.1741200294
2025-09-26 00:00:00+00:00,109643.46,14243.01591,1557.098916,3257155,0.4899447121,0.3097672717,1440,0.2799747895,0.2255096946,1440,27.99747895,0.03812537668,,0,0.1946128653
2025-09-27 00:00:00+00:00,109635.85,5501.78643,601.947589,919594,0.4586253742,0.123192962,1440,0.2029921515,0.2273469199,1440,20.29921515,0.001153077021,0.8953319141,0.3286632438,0.177988992
2025-09-28 00:00:00+00:00,112163.95,7542.3316,832.2549443,1484866,0.5014200198,0.1818450931,1440,0.3114221035,0.3691649754,1440,31.14221035,0.27392112,,0,0.1405834271
2025-09-29 00:00:00+00:00,114311.96,15541.12005,1755.247636,2442653,0.5042550122,0.247846334,1440,0.1673677908,0.2413042621,1440,16.73677908,0.1080734231,,0,0.1871125592
2025-09-30 00:00:00+00:00,114048.93,15044.15633,1710.713267,3018331,0.4776420414,0.2668773372,1440,0.2009622072,0.2410749886,1440,20.09622072,0.01346593526,,0,0.1776807842
2025-10-01 00:00:00+00:00,118594.99,20036.39516,2332.096981,3430343,0.5026373676,0.2828903325,1440,0.1793792129,0.3153138916,1440,17.93792129,0.1676031328,,0,0.1889801442
2025-10-02 00:00:00+00:00,120529.35,19670.83503,2349.861127,3472073,0.4958141566,0.2944443161,1440,0.1584923395,0.2230597194,1440,15.84923395,0.06885108533,,0,0.1709052084
2025-10-03 00:00:00+00:00,122232,23936.328,2907.381077,4246820,0.4716104972,0.3593616743,1440,0.1479328763,0.2498267923,1440,14.79328763,0.04824818675,,0,0.2054286719
2025-10-04 00:00:00+00:00,122391,8208.16678,1002.272903,1703590,0.459031042,0.1699358491,1440,0.2280974594,0.2882221428,1440,22.80974594,0.0129701173,0.9199920434,0,0.1930294051
2025-10-05 00:00:00+00:00,123482.31,22043.09755,2730.817471,3690670,0.5344381557,0.3545935994,1440,0.1716784648,0.326239688,1440,17.16784648,0.03250700229,,0,0.1899771728
2025-10-06 00:00:00+00:00,124658.54,19494.62879,2428.828952,4206167,0.5110642659,0.3269733854,1440,0.1980981097,0.2584528145,1440,19.80981097,0.03903285369,,0,0.1642342979
2025-10-07 00:00:00+00:00,121332.95,21633.99385,2657.4058,4390785,0.4483384371,0.3456620612,1440,0.1763292483,0.2542864169,1440,17.63292483,0.1017529947,,0,0.1842236942
2025-10-08 00:00:00+00:00,123306,17012.618,2084.842842,4184997,0.5313151815,0.3394030255,1440,0.1827712789,0.1723205763,1440,18.27712789,0.07737106527,,0,0.1826496812
2025-10-09 00:00:00+00:00,121662.4,21559.36007,2621.438088,4231167,0.4705220195,0.3460933379,1440,0.2245050945,0.2814827093,1440,22.45050945,0.05118974598,,0,0.1504855914
2025-10-10 00:00:00+00:00,112774.5,64171.93927,7349.750905,11404522,0.4753190151,1.416816105,1440,0.3918054737,0.2518718658,1440,39.18054737,0.1032140369,,0,0.1492940181
2025-10-11 00:00:00+00:00,110644.4,35448.51652,3961.069473,6661929,0.4337543421,0.5154822063,1440,0.3197055975,0.3065642094,1440,31.97055975,0.04814052019,,0,0.1405749581
2025-10-12 00:00:00+00:00,114958.8,32255.30272,3638.546529,6048575,0.5244237041,0.5864530972,1440,0.2735430005,0.2765395724,1440,27.35430005,0.1051308478,3.071380583,1.417084655,0.1715038477
2025-10-13 00:00:00+00:00,115166,22557.24033,2591.831661,5739352,0.4748318976,0.4498001062,1440,0.2891695706,0.232916254,1440,28.91695706,0.00694783745,,0,0.1614028694
2025-10-14 00:00:00+00:00,113028.14,31870.32974,3578.140779,7425642,0.4689060983,0.5376143483,1440,0.2945660249,0.2801111545,1440,29.45660249,0.05236728432,0.4821267614,0,0.165983089
2025-10-15 00:00:00+00:00,110763.28,22986.48811,2569.639641,5243141,0.4567604351,0.4735621558,1440,0.2983057419,0.2437286413,1440,29.83057419,0.07877175651,0.8221033032,0,0.1576561252
2025-10-16 00:00:00+00:00,108194.28,29857.17252,3277.596495,6127094,0.4396582155,0.5722661546,1440,0.2429985751,0.2652345106,1440,24.29985751,0.07159762201,3.500207434,1.010945709,0.1647579534
2025-10-17 00:00:00+00:00,106431.68,37920.66838,4022.645635,7570685,0.4745960509,0.5638160237,1440,0.2033647075,0.2070062546,1440,20.33647075,0.04083189147,0.6089518841,0,0.1476125212
2025-10-18 00:00:00+00:00,107185.01,11123.18766,1189.002999,2105450,0.4356535697,0.2608376701,1440,0.2813460524,0.3202650814,1440,28.13460524,0.05931969746,,0,0.1379112817
2025-10-19 00:00:00+00:00,108642.78,15480.66423,1670.07408,3205640,0.4586566845,0.3623052538,1440,0.307194282,0.3993184074,1440,30.7194282,0.0808877042,1.887053233,0,0.1890761775
2025-10-20 00:00:00+00:00,110532.09,19193.4416,2119.912186,4283542,0.483524578,0.3961151321,1440,0.3092584158,0.3135071119,1440,30.92584158,0.08132711143,,0,0.1866746583
2025-10-21 00:00:00+00:00,108297.67,37228.01659,4114.47785,6004063,0.4575605447,0.6118224282,1440,0.2826473854,0.3344899626,1440,28.26473854,0.04963508693,3.798573522,2.292595629,0.1601371034
2025-10-22 00:00:00+00:00,107567.44,28610.78451,3090.291706,5547903,0.481167813,0.527554668,1440,0.3358354895,0.3836947761,1440,33.58354895,0.02189320751,2.357628985,0.7629361081,0.1792068111
2025-10-23 00:00:00+00:00,110078.18,17573.09294,1924.582289,3721614,0.4879810964,0.3951972363,1440,0.3776493753,0.382013354,1440,37.76493753,0.119884928,,0,0.1321293949
2025-10-24 00:00:00+00:00,111004.89,15005.16913,1662.806765,3241022,0.5005770568,0.362325723,1440,0.4041596588,0.4120913605,1440,40.41596588,0.05041724604,,0,0.1393098803
2025-10-25 00:00:00+00:00,111646.27,6407.96864,714.201333,1238199,0.4817574451,0.1720948115,1440,0.3327650026,0.4125129107,1440,33.27650026,0.08066794466,,0,0.1075879672
2025-10-26 00:00:00+00:00,114559.4,13454.47737,1525.108636,2463951,0.5189485513,0.3796382075,1440,0.3604249138,0.6385725381,1440,36.04249138,0.1688922048,3.693926223,1.604081898,0.1039433966
2025-10-27 00:00:00+00:00,114107.65,21450.23241,2470.872745,3660488,0.5114024692,0.3131973041,1440,0.1928070582,0.2402626306,1440,19.28070582,0.01599096799,1.30372441,0,0.1370658936
2025-10-28 00:00:00+00:00,112898.45,15523.42257,1772.75353,3829845,0.5002321946,0.3752820151,1440,0.3928131538,0.3638327556,1440,39.28131538,0.06009610921,0.8312732252,0,0.1625599507
2025-10-29 00:00:00+00:00,110021.29,21079.71376,2356.715987,4481480,0.4937008371,0.5033326107,1440,0.4166655482,0.4523101318,1440,41.66655482,0.1095373805,5.106110335,2.50098241,0.1487984462
2025-10-30 00:00:00+00:00,108322.88,25988.82838,2827.221287,6373451,0.4829433346,0.5157124627,1440,0.3160067075,0.2788960833,1440,31.60067075,0.05502751373,,0,0.1655777351
2025-10-31 00:00:00+00:00,109608.01,21518.20439,2361.590438,5256872,0.5018327359,0.4549696925,1440,0.4074601429,0.3644348473,1440,40.74601429,0.04994117057,,0,0.1456727125
2025-11-01 00:00:00+00:00,110098.1,7378.50431,812.3892164,1994214,0.4617038721,0.1917891293,1440,0.2849951024,0.3448031777,1440,28.49951024,0.05491617399,,0,0.1189719142
2025-11-02 00:00:00+00:00,110540.68,12107.00087,1336.870531,2652188,0.4891272904,0.2445882244,1440,0.2007272741,0.255864431,1440,20.07272741,0.03000897523,,0,0.1221228103
2025-11-03 00:00:00+00:00,106583.04,28681.18779,3076.006652,7074546,0.4479272558,0.5287834676,1440,0.2349839547,0.2057853508,1440,23.49839547,0.1185276968,0.5162423232,0,0.157084966
2025-11-04 00:00:00+00:00,101497.22,50534.87376,5197.697635,9099609,0.462828708,0.7381182781,1440,0.2181326836,0.2055861039,1440,21.81326836,0.09406663127,6.072280631,2.815914053,0.1761705743
2025-11-05 00:00:00+00:00,103885.16,33778.77571,3454.273923,6500368,0.5366342592,0.5553031091,1440,0.2424266714,0.2231589945,1440,24.24266714,0.06732138167,,0.3896754453,0.1743592199
2025-11-06 00:00:00+00:00,101346.04,25814.62139,2641.767846,5755001,0.4637894075,0.5326501201,1440,0.2925555303,0.2398120283,1440,29.25555303,0.09366931572,,0,0.1147365161
2025-11-07 00:00:00+00:00,103339.08,32059.50942,3251.112979,6335759,0.500843778,0.5427713784,1440,0.2182160386,0.1992228046,1440,21.82160386,0.05990201103,,0,0.1330133479
2025-11-08 00:00:00+00:00,102312.94,12390.77985,1267.165565,2743819,0.4731469561,0.3086465151,1440,0.3599469793,0.3585257952,1440,35.99469793,0.0787542273,,0,0.1401656095
2025-11-09 00:00:00+00:00,104722.96,16338.97096,1687.020822,3404204,0.5033945779,0.3619661433,1440,0.3042520677,0.3526219716,1440,30.42520677,0.1380079669,,0,0.1328868568
2025-11-10 00:00:00+00:00,106011.13,22682.25673,2400.141664,4710957,0.5112286479,0.4105123767,1440,0.2843715638,0.3179287387,1440,28.43715638,0.05093741643,1.78582979,0,0.1443808591
2025-11-11 00:00:00+00:00,103058.99,24196.50718,2532.279071,5532149,0.4429165693,0.425422124,1440,0.1544368057,0.1585725658,1440,15.44368057,0.1115301476,,0,0.1753184247
2025-11-12 00:00:00+00:00,101654.37,20457.63906,2108.514405,5314132,0.4964268321,0.4274290913,1440,0.2589212658,0.2545893203,1440,25.89212658,0.06508379974,1.475863028,0,0.1666762047
2025-11-13 00:00:00+00:00,99692.02,36198.50771,3654.698027,8125404,0.4765451769,0.6474209647,1440,0.2502962758,0.2218259311,1440,25.02962758,0.05333654386,5.10909076,1.898485007,0.1285526435
2025-11-14 00:00:00+00:00,94594,47288.14481,4566.085157,9551025,0.4479963269,0.7852013447,1440,0.1945481092,0.1515101858,1440,19.45481092,0.1149597144,5.583856039,3.270556828,0.1723800446
2025-11-15 00:00:00+00:00,95596.24,15110.89391,1449.074019,4263558,0.4709041055,0.405481877,1440,0.2776666669,0.2099408734,1440,27.76666669,0.07273223798,2.377279875,1.094200903,0.1395640894
2025-11-16 00:00:00+00:00,94261.44,23889.4051,2261.295525,5141394,0.4532815897,0.5025245696,1440,0.1990414848,0.1489284765,1440,19.90414848,0.06218245388,,0,0.1507135381
2025-11-17 00:00:00+00:00,92215.14,39218.59806,3674.56207,8134322,0.4765645223,0.6050217397,1440,0.1498955242,0.1216641676,1440,14.98955242,0.05972922087,,0,0.1633987696
2025-11-18 00:00:00+00:00,92960.83,39835.14769,3641.033186,8786593,0.5053567198,0.6232621234,1440,0.2102777746,0.203161801,1440,21.02777746,0.02211981022,2.953563882,0.7811397131,0.1883844082
2025-11-19 00:00:00+00:00,91554.96,32286.6376,2925.773651,6822174,0.4664494549,0.5624047381,1440,0.1864912977,0.1652925508,1440,18.64912977,0.05208459626,,0,0.1878218553
2025-11-20 00:00:00+00:00,86637.23,39733.19073,3548.950335,7841395,0.4601654218,0.6581064174,1440,0.1399795894,0.1195243166,1440,13.99795894,0.1555666089,4.022446776,0.3343793479,0.1845755164
2025-11-21 00:00:00+00:00,85129.43,72256.12679,6061.348756,11826480,0.4715428268,1.015718471,1440,0.1285866643,0.1300589127,1440,12.85866643,0.02896521431,1.35324972,0,0.1769880268
2025-11-22 00:00:00+00:00,84739.74,14193.93263,1197.657355,4697593,0.4712432033,0.4511426809,1440,0.2292849634,0.1489470066,1440,22.92849634,0.03830918106,,0,0.1426267396
2025-11-23 00:00:00+00:00,86830,19734.46418,1708.68503,5063493,0.5273270627,0.4465935103,1440,0.3257879181,0.2209197306,1440,32.57879181,0.1426097066,0.7578888799,0,0.1393412836
2025-11-24 00:00:00+00:00,88300.01,24663.12795,2150.393687,6189156,0.5043510785,0.5658375678,1440,0.3485614809,0.2347680156,1440,34.85614809,0.0780695967,,0,0.1277426081
2025-11-25 00:00:00+00:00,87369.96,19567.0411,1708.989,4838747,0.481584303,0.454312279,1440,0.3511454665,0.2555706671,1440,35.11454665,0.06195887962,,0,0.1419197879
2025-11-26 00:00:00+00:00,90484.02,21675.82239,1916.851897,4668280,0.5021083138,0.4492474361,1440,0.2508542099,0.2737474432,1440,25.08542099,0.1827044859,,0,0.1515906314
2025-11-27 00:00:00+00:00,91333.95,16833.50932,1535.778107,3920172,0.5286098211,0.3454080723,1440,0.1539114291,0.1386070033,1440,15.39114291,0.06087669145,,0,0.1963622179
2025-11-28 00:00:00+00:00,90890.7,18830.86012,1721.418035,4229754,0.4759021661,0.3960261435,1440,0.1550436574,0.1476599827,1440,15.50436574,0.02826090877,,0,0.1890144904
2025-11-29 00:00:00+00:00,90802.44,7429.88291,673.725653,1677860,0.4520998999,0.244106717,1440,0.3330324128,0.2850185589,1440,33.30324128,0.01442023502,1.424410326,0,0.1817413914
2025-11-30 00:00:00+00:00,90360,9687.74175,884.0517732,2154030,0.5164224139,0.2621204051,1440,0.1810652264,0.2777201168,1440,18.10652264,0.05525090319,1.475528716,0.4770305865,0.189234094
2025-12-01 00:00:00+00:00,86286.01,34509.01227,2977.024047,7709685,0.4498631644,0.6430077423,1440,0.2561932721,0.2189796274,1440,25.61932721,0.154967561,,0,0.2153129622
2025-12-02 00:00:00+00:00,91277.88,28210.22732,2519.515178,6397299,0.4789872601,0.5418184273,1440,0.2251860718,0.2138227266,1440,22.51860718,0.2232215329,2.274984204,0,0.1825647445
2025-12-03 00:00:00+00:00,93429.95,25712.52585,2386.223627,6733182,0.5053254276,0.5753338775,1440,0.3116937719,0.2640703786,1440,31.16937719,0.09765839773,,0,0.230730365
2025-12-04 00:00:00+00:00,92078.06,19803.94059,1836.645629,5856049,0.4197495621,0.4945427261,1440,0.2499913785,0.2367107064,1440,24.99913785,0.07935805283,2.4583923,0.769201869,0.2392878221
2025-12-05 00:00:00+00:00,89330.04,19792.97218,1788.436984,5520352,0.4406685298,0.4880454911,1440,0.3557956766,0.2682775314,1440,35.57956766,0.1694153629,0.939475566,0,0.2039366443
2025-12-06 00:00:00+00:00,89236.79,8409.50016,753.4206798,2482221,0.4806145744,0.2774451714,1440,0.2632052138,0.2359836504,1440,26.32052138,0.0138624678,2.165727047,0.8059909696,0.2154231538
2025-12-07 00:00:00+00:00,90395.31,13021.11185,1167.866487,3953071,0.4892490675,0.4658935394,1440,0.4248505528,0.3313343324,1440,42.48505528,0.1104491581,2.544231312,0,0.1828483816
2025-12-08 00:00:00+00:00,90634.34,15793.63887,1436.920019,5458731,0.4620051997,0.4758572211,1440,0.4312180833,0.2913014053,1440,43.12180833,0.01837808909,1.940929084,0,0.1695991578
2025-12-09 00:00:00+00:00,92678.8,21240.43014,1956.261066,5940223,0.4951763934,0.5213670689,1440,0.2591880581,0.2144406579,1440,25.91880581,0.1140266101,2.970939849,0,0.1803841585
2025-12-10 00:00:00+00:00,92015.37,18998.68083,1758.773276,6025707,0.4841036724,0.5690814803,1440,0.3524662518,0.2693628934,1440,35.24662518,0.04084735359,2.245427183,0,0.1782367673
2025-12-11 00:00:00+00:00,92513.38,19972.58758,1814.322119,6250438,0.4581728799,0.5335689639,1440,0.3401146454,0.2419583738,1440,34.01146454,0.02975025403,3.198311355,0.8214381834,0.1526742885
2025-12-12 00:00:00+00:00,90268.42,16679.19169,1521.683426,4956719,0.478841114,0.4392203486,1440,0.3025586442,0.234872393,1440,30.25586442,0.1614370386,2.129448563,1.312993138,0.1749357601
2025-12-13 00:00:00+00:00,90240.01,5895.70788,532.2505446,1363754,0.3795955881,0.1686750626,1440,0.2497512386,0.2013037398,1440,24.97512386,0.005914085919,1.465993655,0.5141162539,0.1673371455
2025-12-14 00:00:00+00:00,88172.17,9416.94004,839.0791308,3115749,0.4253726086,0.341882319,1440,0.234196392,0.2228342765,1440,23.4196392,0.276273326,2.759435059,1.202159717,0.2158001499
2025-12-15 00:00:00+00:00,86432.08,19778.6919,1732.82343,6747167,0.4849871169,0.528142319,1440,0.3712121717,0.2691955801,1440,37.12121717,0.1150288991,3.685935132,2.013030669,0.191068974
2025-12-16 00:00:00+00:00,87863.42,18456.05017,1604.673429,6099692,0.4912198101,0.5196153682,1440,0.3053850125,0.2037881317,1440,30.53850125,0.1023551575,3.712010421,2.187879835,0.1651187388
2025-12-17 00:00:00+00:00,86243.22,19834.11729,1733.348497,6058638,0.4677434465,0.6044942209,1440,0.381854594,0.338554022,1440,38.1854594,0.1073766716,,0,0.1755211442
2025-12-18 00:00:00+00:00,85516.41,25405.41763,2204.223873,6946947,0.4986549942,0.6125337977,1440,0.2119756548,0.1982383719,1440,21.19756548,0.03839517791,2.818416562,1.004702818,0.1896092362
2025-12-19 00:00:00+00:00,88136.94,21256.65004,1863.236626,6482253,0.5118466216,0.5881846843,1440,0.2944381798,0.2326519337,1440,29.44381798,0.1619947437,,0,0.2171066268
2025-12-20 00:00:00+00:00,88360.9,5123.13194,451.9190227,1174426,0.4794665956,0.1748344632,1440,0.2543707277,0.2527341575,1440,25.43707277,0.0561565825,1.616600975,1.170437053,0.1828341831
2025-12-21 00:00:00+00:00,88658.86,7132.87258,629.7209718,2030666,0.4837313342,0.2798506018,1440,0.3167310221,0.211687557,1440,31.67310221,0.05345870903,2.226373003,1.355303065,0.1706942433
2025-12-22 00:00:00+00:00,88620.79,14673.2197,1310.235632,4847747,0.495434165,0.4725608461,1440,0.4209160085,0.28043692,1440,42.09160085,0.00327796708,1.968894637,0,0.1507599637
2025-12-23 00:00:00+00:00,87486,13910.32904,1219.899607,4465080,0.4587790448,0.4219110222,1440,0.3668962749,0.2499048387,1440,36.68962749,0.1056455757,1.630866244,0.9197094471,0.1419922764
2025-12-24 00:00:00+00:00,87669.45,9140.8432,797.4605265,2877239,0.4970300016,0.3324928644,1440,0.472707176,0.3536592661,1440,47.2707176,0.02626727497,2.526551026,0.9985069455,0.156822532
2025-12-25 00:00:00+00:00,87225.27,7096.58235,622.9704536,1992172,0.4778295964,0.2419867953,1440,0.4104411602,0.3744466175,1440,41.04411602,0.08153532025,,0,0.1414264811
2025-12-26 00:00:00+00:00,87369.56,18344.61505,1616.722116,4509482,0.4822562973,0.3964607258,1440,0.3196994801,0.2522230418,1440,31.96994801,0.01022349925,,1.346742942,0.1672956817
2025-12-27 00:00:00+00:00,87877.01,4469.55156,391.2742053,957536,0.4621770265,0.1342804092,1440,0.2998478033,0.3844773724,1440,29.98478033,0.1480109076,1.142650807,0.4111767661,0.1873990277
2025-12-28 00:00:00+00:00,87952.71,4446.29285,390.3272992,1241426,0.501710579,0.1545674624,1440,0.400740889,0.4157750697,1440,40.0740889,0.02205995849,1.035662105,0,0.1740936437
2025-12-29 00:00:00+00:00,87237.13,19894.98575,1762.011993,4793589,0.5066151415,0.3989311078,1440,0.2551471459,0.2478652579,1440,25.51471459,0.04636313864,1.987636618,0.4849252143,0.1590100365
2025-12-30 00:00:00+00:00,88485.49,13105.91001,1155.016404,3542176,0.5006566415,0.3289112203,1440,0.2937353185,0.2759449852,1440,29.37353185,0.1230159215,,0.8728283738,0.1658893012
2025-12-31 00:00:00+00:00,87648.22,11558.62047,1019.746835,2897396,0.4699552247,0.2605278309,1440,0.3419958509,0.3623380708,1440,34.19958509,0.09323177403,1.680510495,0.5601137661,0.1523318204
2026-01-01 00:00:00+00:00,88839.04,6279.57133,552.9916353,1449281,0.4974297123,0.1674636081,1440,0.3030518605,0.4140211276,1440,30.30518605,0.2440342502,,0,0.1425195582
2026-01-02 00:00:00+00:00,89995.13,17396.97301,1558.958861,5010211,0.5132705825,0.4169973969,1440,0.3044612292,0.3655162099,1440,30.44612292,0.0829358943,,0,0.1657900147
2026-01-03 00:00:00+00:00,90628.01,7057.46716,635.5147736,1684214,0.5372636874,0.1951042272,1440,0.2116038932,0.3154479952,1440,21.16038932,0.11026917,0.9130401507,0,0.189699753
2026-01-04 00:00:00+00:00,91529.73,10426.5297,952.1609805,2207037,0.5103322048,0.2577272734,1440,0.2083568355,0.3055216377,1440,20.83568355,0.103979383,,0.488012809,0.1821206492
2026-01-05 00:00:00+00:00,93859.71,20673.59584,1927.455244,5485489,0.5269025081,0.387589903,1440,0.194675231,0.2326591324,1440,19.4675231,0.1304174673,1.29858701,0,0.175872294
2026-01-06 00:00:00+00:00,93747.97,18546.41829,1728.045542,5018686,0.4372176581,0.4185616367,1440,0.3386220463,0.3576143281,1440,33.86220463,0.006893391068,1.957233929,0,0.1883485346
2026-01-07 00:00:00+00:00,91364.16,14276.49025,1311.906953,4340252,0.4703445611,0.3726150316,1440,0.2944340396,0.2786465875,1440,29.44340396,0.1963304806,2.234991978,1.130459838,0.1996516108
2026-01-08 00:00:00+00:00,91099.99,16132.79117,1460.622501,4923472,0.507790354,0.3850060918,1440,0.2591835723,0.2585411269,1440,25.91835723,0.01982431821,2.005813506,0,0.1918559985
2026-01-09 00:00:00+00:00,90641.28,15590.27939,1416.90718,4155703,0.5460089898,0.4087947091,1440,0.1702407082,0.2296412878,1440,17.02407082,0.03562658265,,0,0.2116968473
2026-01-10 00:00:00+00:00,90504.7,3104.11722,281.3213755,766357,0.4999726879,0.1052360308,1440,0.2365786965,0.2508666791,1440,23.65786965,0.0536025874,,0,0.2740994395
2026-01-11 00:00:00+00:00,91013.65,5477.13594,497.2458639,1282029,0.5236973687,0.1833098259,1440,0.3627274652,0.4737298734,1440,36.27274652,0.112775442,0.4521160068,0,0.2475310496
2026-01-12 00:00:00+00:00,91296.2,16188.08268,1479.964862,4099509,0.4999074294,0.3892975219,1440,0.2954052538,0.3136609907,1440,29.54052538,0.02094421642,,0,0.1982599023
2026-01-13 00:00:00+00:00,95414,23021.51482,2149.770801,5025071,0.5388537921,0.4904857807,1440,0.2340456499,0.4407044616,1440,23.40456499,0.2052132836,4.253655456,0,0.1568144928
2026-01-14 00:00:00+00:00,96951.78,22851.89428,2201.535822,5346212,0.5240260673,0.4149093694,1440,0.216415435,0.2399157417,1440,21.6415435,0.07262395247,,0,0.1878097454
2026-01-15 00:00:00+00:00,95604.8,21725.81369,2093.008183,4493095,0.4990067495,0.4032063735,1440,0.2058663316,0.2202172052,1440,20.58663316,0.06684500143,,0,0.1964146922
2026-01-16 00:00:00+00:00,95550.94,11167.7146,1064.019408,2971559,0.452650314,0.2959611418,1440,0.2620001813,0.2842876499,1440,26.20001813,0.005296140075,0.994862406,0.9381712282,0.2798728199
2026-01-17 00:00:00+00:00,95147.77,4280.80137,408.1619417,1020527,0.4811839308,0.1316207418,1440,0.2636359564,0.3685111004,1440,26.36359564,0.1035949509,,0,0.1859353928
2026-01-18 00:00:00+00:00,93673.14,6895.17819,654.7737433,1488785,0.4506563796,0.2032038399,1440,0.1818583469,0.3237779579,1440,18.18583469,0.2385506192,,0,0.1577607625
2026-01-19 00:00:00+00:00,92631,14295.52747,1326.770336,3359066,0.4831470867,0.3940939878,1440,0.302289721,0.3280972715,1440,30.2289721,0.0843222783,,0,0.1835160175
2026-01-20 00:00:00+00:00,88427.66,22007.3261,1989.676669,6064031,0.4375450337,0.526233112,1440,0.2050771129,0.3517051612,1440,20.50771129,0.2333999436,1.583155017,1.338457408,0.1843134212
2026-01-21 00:00:00+00:00,89454.73,20617.50372,1837.708115,6419053,0.4978882584,0.5637386304,1440,0.3369975979,0.2844741299,1440,33.69975979,0.06283843737,3.107748727,2.256519496,0.1796877483
2026-01-22 00:00:00+00:00,89559.67,10825.50492,969.9106234,3743412,0.5107888917,0.3794826484,1440,0.3972083381,0.2385674486,1440,39.72083381,0.01208791568,2.666965972,0.5121296804,0.1397726298
2026-01-23 00:00:00+00:00,89600.26,13918.48919,1248.772266,4619907,0.4965464704,0.3990035924,1440,0.3788304537,0.2980391856,1440,37.88304537,0.003628481603,2.239438327,1.018660165,0.1346715738
2026-01-24 00:00:00+00:00,89225.34,4226.56737,378.4641461,959854,0.434387821,0.1287505285,1440,0.2185215115,0.3087663916,1440,21.85215115,0.1107936338,0.7125028035,0.2320127783,0.1374687971
2026-01-25 00:00:00+00:00,86670.36,14426.22019,1264.23369,3720178,0.4345751338,0.3777909336,1440,0.1590248444,0.1795610645,1440,15.90248444,0.2298081705,3.6760051,1.622970241,0.1814322665
2026-01-26 00:00:00+00:00,88347.08,17766.51453,1560.135759,4798083,0.530714229,0.4278756653,1440,0.2911459023,0.216378709,1440,29.11459023,0.1228174594,,0,0.2205520763
2026-01-27 00:00:00+00:00,89250,13125.40425,1160.026854,3787336,0.5122028428,0.3685995854,1440,0.3561799436,0.2764182216,1440,35.61799436,0.08765549501,1.860919127,1.085575364,0.1875667867
2026-01-28 00:00:00+00:00,89299.99,14332.18502,1283.919841,4385791,0.4894887521,0.4150005912,1440,0.3754679278,0.2687034389,1440,37.54679278,0.004361294395,2.694090104,1.112860295,0.1683162075
2026-01-29 00:00:00+00:00,84650.16,30431.38201,2610.381588,5598749,0.4070005449,0.4827523648,1440,0.1347560364,0.2155271842,1440,13.47560364,0.2048527213,,0,0.2404583921
2026-01-30 00:00:00+00:00,84260.49,35195.84793,2918.624066,8998829,0.4758969829,0.7419873405,1440,0.3069810758,0.2549822432,1440,30.69810758,0.01580856849,4.736316333,3.25440903,0.194776987
2026-01-31 00:00:00+00:00,78741.09,39491.89133,3155.264094,7384976,0.4547671174,0.9446540843,1440,0.2025498746,0.2456843167,1440,20.25498746,0.2147140189,11.17353215,6.258269608,0.2090251383
2026-02-01 00:00:00+00:00,76968.21,25395.48168,1974.920557,8001906,0.4737749837,0.6824439262,1440,0.3621091526,0.2189787547,1440,36.21091526,0.1153091901,,0,0.1511292788
2026-02-02 00:00:00+00:00,78738.61,42273.59016,3260.752444,10085578,0.5081293325,0.9073170997,1440,0.250038791,0.1115291691,1440,25.0038791,0.06974204037,8.49071976,4.144387788,0.1352415951
2026-02-03 00:00:00+00:00,75770.21,39120.10889,2986.903009,9199445,0.4423526166,0.7855260359,1440,0.1464511161,0.1036010579,1440,14.64511161,0.1286564201,3.801292183,2.169968373,0.133077955
2026-02-04 00:00:00+00:00,73165.83,38375.36,2852.834632,10724002,0.4501418538,0.8794701704,1440,0.2933950324,0.1801559518,1440,29.33950324,0.1226033167,4.02762328,0,0.1645984717
2026-02-05 00:00:00+00:00,62909.86,106298.829,7198.745594,15364010,0.4613658544,1.389211914,1440,0.2133810462,0.2037680239,1440,21.33810462,0.2097943295,4.584062881,0,0.1521307022
2026-02-06 00:00:00+00:00,70580.26,92539.21531,6134.056671,13228528,0.5346653504,1.290551277,1440,0.2594838023,0.1785647177,1440,25.94838023,0.1875554792,,0,0.1658511683
2026-02-07 00:00:00+00:00,69289.38,44255.48036,3058.983879,7167427,0.4240429022,0.7914405237,1440,0.2271819812,0.1961230713,1440,22.71819812,0.06034309115,,1.185852229,0.2199164986
2026-02-08 00:00:00+00:00,70330.38,21420.53168,1510.003759,4870449,0.5338687457,0.6162187939,1440,0.2879227735,0.2366532953,1440,28.79227735,0.09875608336,0.6957106811,0.3626131645,0.1881163177
2026-02-09 00:00:00+00:00,70138,29152.72842,2038.959539,6644769,0.4752431628,0.713998386,1440,0.3721165452,0.1707599574,1440,37.21165452,0.01343392768,5.07929141,2.79085706,0.1457728103
2026-02-10 00:00:00+00:00,68841.29,20373.77072,1408.623623,4558658,0.4533873816,0.6312082998,1440,0.3915173467,0.1661907662,1440,39.15173467,0.1324769749,4.255014355,2.11312324,0.1458993483
2026-02-11 00:00:00+00:00,67082.52,28718.24602,1930.513948,6956577,0.4991777687,0.730598164,1440,0.3202136298,0.1787128146,1440,32.02136298,0.1340586375,,1.839020798,0.1876548106
2026-02-12 00:00:00+00:00,66272.17,24271.74283,1622.162145,6778280,0.4985931663,0.6442769877,1440,0.3502547418,0.1841798605,1440,35.02547418,0.07492132012,2.957735686,2.333452992,0.1524550889
2026-02-13 00:00:00+00:00,68853.96,20244.54955,1371.286022,6450842,0.5149657118,0.592355834,1440,0.45070637,0.2384667542,1440,45.070637,0.278699621,4.225837041,2.97357601,0.1158339878
2026-02-14 00:00:00+00:00,69822.95,18114.78393,1260.259314,3803163,0.4337857001,0.3824740261,1440,0.1359719219,0.1866588963,1440,13.59719219,0.1108899753,2.291079565,1.475450589,0.153999392
2026-02-15 00:00:00+00:00,68832.58,22290.05208,1545.094572,4598633,0.3975581837,0.4836307517,1440,0.08098235983,0.108399028,1440,8.098235983,0.09245759569,,2.092741837,0.2640323972
2026-02-16 00:00:00+00:00,68892.43,15515.76534,1062.797918,5233849,0.5254933431,0.5012760238,1440,0.3212862033,0.189208324,1440,32.12862033,0.008177690505,,0,0.2529913231
2026-02-17 00:00:00+00:00,67503.52,16489.06921,1117.987651,5994853,0.4571786906,0.5568763025,1440,0.4528042453,0.2512034485,1440,45.28042453,0.1821715823,1.419019215,0,0.1844788925
2026-02-18 00:00:00+00:00,66461,15492.43839,1040.493525,4548997,0.5096071303,0.5152365548,1440,0.3565614756,0.210213508,1440,35.65614756,0.1495870454,1.838450357,0.4160535625,0.1418993697
2026-02-19 00:00:00+00:00,67003.73,14542.26988,968.8635728,4679351,0.4886931317,0.4829012955,1440,0.4324974617,0.2712562156,1440,43.24974617,0.08394350096,2.93441672,0.2327116451,0.124633084
2026-02-20 00:00:00+00:00,68020.01,35351.87091,2378.079151,5044912,0.4243469993,0.6229217971,1440,0.04148625659,0.06080403082,1440,4.148625659,0.06330166558,5.885520334,3.204662242,0.1707020995
2026-02-21 00:00:00+00:00,67975.93,8032.84131,547.5920788,1593539,0.4983867981,0.2649781023,1440,0.4480430317,0.4207224737,1440,44.80430317,0.01183827696,1.670001834,0.2502357122,0.2407305341
2026-02-22 00:00:00+00:00,67643.4,8175.13484,553.6133356,2160900,0.4861440145,0.240108927,1440,0.3203376407,0.2494511718,1440,32.03376407,0.0885795686,1.60768213,0.8114065974,0.1899872256
2026-02-23 00:00:00+00:00,64656.02,33075.90923,2158.158656,8268695,0.4954856559,0.606439723,1440,0.1724364731,0.1233314645,1440,17.24364731,0.2092921718,2.176924437,0.4304378702,0.1417905997
2026-02-24 00:00:00+00:00,64058.15,23102.83622,1469.51216,7553629,0.4826511409,0.6305180147,1440,0.2472906537,0.1615353397,1440,24.72906537,0.06321793948,5.265615259,1.801813658,0.1634039727
2026-02-25 00:00:00+00:00,67988.04,30749.99259,2064.089703,7096715,0.5327780097,0.6810424646,1440,0.3098928076,0.2407624398,1440,30.98928076,0.2884590853,,0,0.1335646922
2026-02-26 00:00:00+00:00,67485.18,20737.77792,1404.774666,5426137,0.4905299164,0.5811027178,1440,0.4259433707,0.2873196084,1440,42.59433707,0.05284683244,4.359357499,2.052476275,0.1410002617
2026-02-27 00:00:00+00:00,65872.1,21228.58424,1412.033824,3856064,0.4761131998,0.5480312666,1440,0.2717705521,0.2108670019,1440,27.17705521,0.1713346712,4.120457752,1.980636748,0.136174682
2026-02-28 00:00:00+00:00,66973.26,22548.71649,1462.864408,5268514,0.5113864474,0.668579687,1440,0.4650795582,0.3238429732,1440,46.50795582,0.1133286997,,0,0.1526830592
2026-03-01 00:00:00+00:00,65776.47,23201.85859,1545.783743,5312013,0.4831411228,0.6748558205,1440,0.3133172709,0.2568863132,1440,31.33172709,0.1166480094,,0,0.1727646967
2026-03-02 00:00:00+00:00,68830.06,32010.38431,2164.578842,8397526,0.4790918329,0.7091197652,1440,0.2528410841,0.2061081071,1440,25.28410841,0.209640747,4.562152211,1.818767965,0.2049233378
2026-03-03 00:00:00+00:00,68338,24972.2418,1691.84867,7648119,0.4938131746,0.6780669409,1440,0.2937769054,0.213557686,1440,29.37769054,0.04240679104,,0,0.1918018316
2026-03-04 00:00:00+00:00,72666.77,44919.0761,3202.864448,8618302,0.526309855,0.7205868071,1440,0.2318325341,0.2481866846,1440,23.18325341,0.1917602706,1.933600846,0,0.1656437077
2026-03-05 00:00:00+00:00,70890.72,26590.51253,1917.51469,6709160,0.4625527491,0.5980203985,1440,0.2585810994,0.1866253329,1440,25.85810994,0.1290454768,1.10165142,0,0.1566164256
2026-03-06 00:00:00+00:00,68114.02,22629.88722,1574.601199,5302899,0.4624014874,0.5509609229,1440,0.2315580175,0.2142217468,1440,23.15580175,0.2537561304,,0,0.1581168143
2026-03-07 00:00:00+00:00,67262.91,12719.54315,861.7298619,2067476,0.4646997475,0.3075651956,1440,0.2014520021,0.1779443371,1440,20.14520021,0.1459169041,1.906571382,0.7014392744,0.1548358805
2026-03-08 00:00:00+00:00,65971.2,21593.63901,1447.52216,3028392,0.5218504049,0.5074664164,1440,0.1393922292,0.1533729335,1440,13.93922292,0.1339577914,,0,0.1694724422
2026-03-09 00:00:00+00:00,68432.16,28896.7213,1967.622051,5093667,0.4879949401,0.6243899699,1440,0.1770872249,0.1185092019,1440,17.70872249,0.1861363893,3.092591554,1.813729933,0.1844743519
2026-03-10 00:00:00+00:00,69948.63,32602.57726,2292.525621,5176064,0.5046787639,0.6390130963,1440,0.1589991736,0.1610735657,1440,15.89991736,0.09560733249,2.216557178,0,0.1924230979
2026-03-11 00:00:00+00:00,70191.86,27249.27542,1911.300596,4759855,0.5143372047,0.5607481327,1440,0.1466605809,0.1327305006,1440,14.66605809,0.01816163506,4.211771771,1.709459065,0.163156224
2026-03-12 00:00:00+00:00,70541.34,21997.1605,1540.745225,4344059,0.4793815984,0.4924566622,1440,0.1474461465,0.1667385444,1440,14.74461465,0.03223486252,,0,0.1655179652
2026-03-13 00:00:00+00:00,70930,35996.61678,2591.768526,5312490,0.5086684316,0.56961677,1440,0.1250725244,0.1570078696,1440,12.50725244,0.02120001928,,0,0.188554849
2026-03-14 00:00:00+00:00,71211.95,13017.24737,921.3086309,1661739,0.4795254221,0.2628129289,1440,0.09151129463,0.1677338423,1440,9.151129463,0.04306012194,1.26168423,0.5726763655,0.209780611
2026-03-15 00:00:00+00:00,72815.24,14037.30704,1007.334955,2509013,0.5205427038,0.3753220371,1440,0.188031077,0.2410948295,1440,18.8031077,0.2210251161,,0,0.1975489362
2026-03-16 00:00:00+00:00,74884.67,28409.53019,2095.859512,5396482,0.5351803584,0.5603243116,1440,0.2495498649,0.2447776667,1440,24.95498649,0.1337108836,1.863301865,0,0.1842519574
2026-03-17 00:00:00+00:00,73909.36,24521.26636,1825.976731,4863187,0.4808582121,0.5212227878,1440,0.2579880156,0.2748659138,1440,25.79880156,0.07179565256,,0,0.1825889539
2026-03-18 00:00:00+00:00,71246.54,23392.88093,1692.949839,4733897,0.5005441871,0.4612365491,1440,0.2498002177,0.2593082525,1440,24.98002177,0.2167413361,,0,0.1555228733
2026-03-19 00:00:00+00:00,69930,22364.81819,1566.57395,4972526,0.4690016557,0.5244232457,1440,0.3034845381,0.2603626434,1440,30.34845381,0.1190592685,,0,0.1656898338
2026-03-20 00:00:00+00:00,70510.73,18121.16745,1273.812841,4369971,0.4856978522,0.4911344335,1440,0.2404006405,0.1756051379,1440,24.04006405,0.06492441306,2.023951969,0,0.1784911295
2026-03-21 00:00:00+00:00,68918.12,13397.1675,942.693882,1640086,0.4761971611,0.2723897052,1440,0.0840534646,0.1865882234,1440,8.40534646,0.2423455161,,0,0.1561109767
2026-03-22 00:00:00+00:00,67859,14843.78682,1018.926475,3269152,0.4912710899,0.433879045,1440,0.3254319318,0.3486406754,1440,32.54319318,0.1519943846,,0,0.1836302065
2026-03-23 00:00:00+00:00,70906.45,28335.09119,1980.755169,6509730,0.5167081412,0.7562987402,1440,0.4131240307,0.3252594933,1440,41.31240307,0.2217809665,,0,0.1531163255
2026-03-24 00:00:00+00:00,70556.74,20702.42244,1455.361229,4191328,0.47008269,0.4897633105,1440,0.2192225674,0.194591892,1440,21.92225674,0.03397227909,0.8948802559,0,0.1367554897
2026-03-25 00:00:00+00:00,71336.53,17719.50066,1261.017989,3298902,0.4977441543,0.4390587665,1440,0.2740858111,0.2812061081,1440,27.40858111,0.08716235388,,0,0.1504420209
2026-03-26 00:00:00+00:00,68820.31,20820.45768,1447.699734,3597702,0.4858872377,0.4657944148,1440,0.2043869881,0.1675368193,1440,20.43869881,0.2480461433,2.534686145,0,0.1646574006
2026-03-27 00:00:00+00:00,66407.28,28603.69557,1917.318223,4159306,0.5093267929,0.4743510906,1440,0.1497946776,0.1580492353,1440,14.97946776,0.1861569739,,0,0.1608549006
2026-03-28 00:00:00+00:00,66377.03,11462.39847,762.6762554,1687368,0.5019055353,0.2805819487,1440,0.1548711256,0.2089280576,1440,15.48711256,0.005974043704,,0,0.1544281768
2026-03-29 00:00:00+00:00,66010.93,10052.85584,667.0035176,2146177,0.4744351651,0.3771137429,1440,0.2632471364,0.3446006997,1440,26.32471364,0.08291903081,,0,0.143457137
2026-03-30 00:00:00+00:00,66797.37,18353.38975,1234.617691,3902849,0.498868005,0.4902844968,1440,0.2856818741,0.2499633722,1440,28.56818741,0.09592746177,,0,0.1509030571
2026-03-31 00:00:00+00:00,68284.48,22105.40662,1490.168487,4846820,0.4852289218,0.5464566332,1440,0.2631190538,0.2265667235,1440,26.31190538,0.1477604689,,0,0.1735105256
2026-04-01 00:00:00+00:00,68113.92,19020.1899,1301.708227,3741910,0.5101157502,0.4335412016,1440,0.1531065846,0.1392561732,1440,15.31065846,0.01921252669,1.427856532,0,0.1842789807
2026-04-02 00:00:00+00:00,66901.99,20203.47916,1349.223462,4189133,0.4994514123,0.4754877206,1440,0.1584777652,0.1358853614,1440,15.84777652,0.1330608716,,0,0.1779790429
2026-04-03 00:00:00+00:00,66964.3,11429.13131,763.535607,2023104,0.4843123882,0.2711280833,1440,0.1348305969,0.1612186319,1440,13.48305969,0.01219234536,,0,0.2131885776
2026-04-04 00:00:00+00:00,67300.42,7373.51613,494.9320174,1356179,0.501976161,0.1570765528,1440,0.1248368718,0.2705567474,1440,12.48368718,0.1011620911,,0,0.2067724935
2026-04-05 00:00:00+00:00,69034.18,11733.46752,791.6619773,2106257,0.4935929562,0.29198573,1440,0.2405009719,0.3002295561,1440,24.05009719,0.3212894853,,0,0.1863004049
2026-04-06 00:00:00+00:00,68853.66,20281.61044,1408.020173,4695523,0.500443128,0.4169387649,1440,0.2533240328,0.2826456225,1440,25.33240328,0.01859605076,,0,0.1685332408
2026-04-07 00:00:00+00:00,71924.22,23750.49661,1649.637856,4871706,0.524838824,0.5297648432,1440,0.2342307188,0.2688221273,1440,23.42307188,0.2644803633,,0,0.1600969822
2026-04-08 00:00:00+00:00,71069.93,19802.68627,1418.484188,3843988,0.4832779634,0.4190901048,1440,0.2299319052,0.1950496234,1440,22.99319052,0.08423599611,,0,0.1980662125
2026-04-09 00:00:00+00:00,71787.97,18158.42159,1300.323816,3773025,0.5289180925,0.458831185,1440,0.2174315737,0.2405346711,1440,21.74315737,0.07730836929,,0,0.1933010876
2026-04-10 00:00:00+00:00,72962.7,17372.63288,1259.195636,3176308,0.5076805842,0.3811329484,1440,0.1643389456,0.1687012026,1440,16.43389456,0.1289032294,,0,0.1910509004
2026-04-11 00:00:00+00:00,73043.16,9070.94374,662.4371137,1472041,0.5152138723,0.2609987229,1440,0.1191277565,0.1296939336,1440,11.91277565,0.01663777033,0.7041112001,0,0.2006448202
2026-04-12 00:00:00+00:00,70740.98,13472.46801,962.8258918,2068779,0.4695734208,0.3825193608,1440,0.2119210732,0.2424029788,1440,21.19210732,0.3326194524,1.700841313,1.170381784,0.2002505844
2026-04-13 00:00:00+00:00,74417.99,24230.21625,1753.370318,3673539,0.5216544054,0.4647662836,1440,0.2193541665,0.3082547757,1440,21.93541665,0.2890015642,1.422199761,0,0.1751371902
2026-04-14 00:00:00+00:00,74131.55,26532.94456,1982.72899,4033448,0.5017871096,0.4308817595,1440,0.1826131065,0.1944714714,1440,18.26131065,0.01945044452,1.58201012,0,0.1938469393
2026-04-15 00:00:00+00:00,74809.99,14425.04167,1071.448613,3187792,0.4862391368,0.4072119111,1440,0.3052870351,0.2039654265,1440,30.52870351,0.08502707869,,0,0.1683771472
2026-04-16 00:00:00+00:00,75154.29,17088.68777,1274.894124,3581890,0.5033562586,0.436828366,1440,0.146433846,0.1447500272,1440,14.6433846,0.03601685897,,0,0.1908713046
2026-04-17 00:00:00+00:00,77072,25941.36694,1987.343209,4931167,0.5564655607,0.5003148406,1440,0.1728146656,0.2074988333,1440,17.28146656,0.1267866032,3.153881022,1.104878061,0.2187948695
2026-04-18 00:00:00+00:00,75691.76,9141.84456,698.0085679,1941112,0.4740600862,0.2823467868,1440,0.2195634962,0.1887099164,1440,21.95634962,0.2588900327,,0,0.1853232304
2026-04-19 00:00:00+00:00,73801.79,11369.82232,854.9153704,2739751,0.4800971023,0.3798287822,1440,0.337980157,0.2479541571,1440,33.7980157,0.2957756827,1.187060226,0,0.1586325144
2026-04-20 00:00:00+00:00,75840.97,16993.41034,1280.503914,3563591,0.5185952033,0.4422768046,1440,0.2992232429,0.2298987611,1440,29.92232429,0.2128510627,3.01010179,0,0.1688822108
2026-04-21 00:00:00+00:00,76336.15,14912.57132,1132.118273,3616213,0.5145298363,0.4239094555,1440,0.2524397853,0.2108471094,1440,25.24397853,0.05748485805,,0,0.1568885869
2026-04-22 00:00:00+00:00,78178.23,19737.51225,1543.732086,3757077,0.5257057834,0.4070018399,1440,0.2000805664,0.203608213,1440,20.00805664,0.1544607805,2.045213926,0,0.1748268221
2026-04-23 00:00:00+00:00,78257.48,16970.79501,1321.349698,3571796,0.4573006577,0.4216931897,1440,0.1920937444,0.1759077845,1440,19.20937444,0.0076678858,1.363534011,0,0.2159959042
2026-04-24 00:00:00+00:00,77437.13,12675.14315,986.9325646,2581973,0.4850488754,0.3310765409,1440,0.2199414968,0.2183698982,1440,21.99414968,0.1067756294,0.629152085,0,0.2036306768
2026-04-25 00:00:00+00:00,77625,5685.1142,440.6840043,806542,0.5276681249,0.1422618337,1440,0.09756797123,0.1447557252,1440,9.756797123,0.05498631443,,0,0.1592834567
2026-04-26 00:00:00+00:00,78657.55,7963.56162,621.9919735,1476971,0.5000106548,0.3048533516,1440,0.2759889698,0.2396053734,1440,27.59889698,0.2124477505,2.18568052,0,0.1747169773
2026-04-27 00:00:00+00:00,77371.32,16046.92418,1247.83355,2982889,0.4806237073,0.3569873281,1440,0.2444258469,0.3035291419,1440,24.44258469,0.1321286042,,0,0.1820966672
2026-04-28 00:00:00+00:00,76342.77,13210.72383,1010.412674,2352446,0.4934593118,0.2724995804,1440,0.189522031,0.1755398717,1440,18.9522031,0.1324492254,1.279205306,0,0.1628066087
2026-04-29 00:00:00+00:00,75780,18279.93022,1399.735858,3032890,0.5295436582,0.3686725222,1440,0.1329755695,0.2136718985,1440,13.29755695,0.05285944534,,0,0.2048620697
2026-04-30 00:00:00+00:00,76346.57,10381.81607,790.5845917,2569480,0.5379782499,0.3158719519,1440,0.1438845252,0.1220925287,1440,14.38845252,0.09421762648,1.548304433,0.1093813925,0.2316545949
2026-05-01 00:00:00+00:00,78231.13,17315.46502,1347.837836,2388458,0.4806674329,0.3262705816,1440,0.1165466784,0.1664325057,1440,11.65466784,0.1809160091,0.6550746704,0,0.2090461045
2026-05-02 00:00:00+00:00,78686.85,6150.87642,482.2383894,936143,0.5360276089,0.2075487112,1440,0.2202243582,0.437694021,1440,22.02243582,0.1204466752,1.177038801,0,0.1788443086
2026-05-03 00:00:00+00:00,78568.57,7425.7929,584.2943305,1352474,0.4666052725,0.2213854952,1440,0.2233436679,0.2355491932,1440,22.33436679,0.02574566407,,0,0.2104279017
2026-05-04 00:00:00+00:00,79861.01,26042.96135,2074.174851,3734604,0.5126776982,0.4949440322,1440,0.2128035029,0.2825654058,1440,21.28035029,0.07866261609,3.635716729,1.551797388,0.2198378338
2026-05-05 00:00:00+00:00,80905.52,16947.17995,1374.319029,2490930,0.5091200893,0.3237630848,1440,0.1948466858,0.2147924539,1440,19.48466858,0.09455086598,1.813558989,0,0.1859750818
2026-05-06 00:00:00+00:00,81447.01,18798.77396,1535.650625,2794707,0.5307095064,0.3323521426,1440,0.1584637908,0.2251588087,1440,15.84637908,0.04343807443,,0,0.2068866202
2026-05-07 00:00:00+00:00,80006,16154.80338,1300.766382,2540329,0.4720050508,0.3120700992,1440,0.2571654216,0.2567915744,1440,25.71654216,0.1372344267,1.806740913,0.7083811629,0.1973253723
2026-05-08 00:00:00+00:00,80193.17,16001.31009,1278.566045,2265372,0.5204815414,0.3023445132,1440,0.1869908089,0.2453343178,1440,18.69908089,0.0182760781,,0,0.1805959999
2026-05-09 00:00:00+00:00,80678.4,7548.42177,607.596226,1002373,0.5342475266,0.158549204,1440,0.1553127843,0.2752403996,1440,15.53127843,0.09928521685,0.404473174,0,0.1909194279
2026-05-10 00:00:00+00:00,82210.07,12034.31882,977.2237143,1801608,0.5314714273,0.2837402287,1440,0.2584919211,0.3661981543,1440,25.84919211,0.192452546,,0,0.1572246215
2026-05-11 00:00:00+00:00,81745.65,12951.76056,1053.193671,2576396,0.4734779848,0.3290511578,1440,0.3095593968,0.2813591587,1440,30.95593968,0.05379070769,,0,0.1666587822
2026-05-12 00:00:00+00:00,80504.47,12386.25676,1000.180167,2345137,0.461495669,0.2763088808,1440,0.1753530612,0.1876982061,1440,17.53530612,0.1529713047,,0,0.1564556395
2026-05-13 00:00:00+00:00,79313.61,14810.05643,1184.929843,2350570,0.4835661399,0.2657635121,1440,0.2098446435,0.2345782637,1440,20.98446435,0.1257709077,,0,0.1903836313
2026-05-14 00:00:00+00:00,81089.99,19727.86807,1590.656475,3101046,0.5449249616,0.3426006404,1440,0.2258322468,0.3117568929,1440,22.58322468,0.1392493309,,0,0.2149762173
2026-05-15 00:00:00+00:00,79113.21,17351.27079,1387.152674,3184114,0.4802632932,0.3357084284,1440,0.2181946552,0.2335451209,1440,21.81946552,0.1779159675,,0,0.2019967305
2026-05-16 00:00:00+00:00,78148.05,12132.86192,949.8906567,1597661,0.4760881166,0.2183319532,1440,0.1614043308,0.24945077,1440,16.14043308,0.1292228742,0.9808078107,0,0.1960897804
2026-05-17 00:00:00+00:00,77457.67,8442.7022,658.0614816,1570433,0.4616848501,0.3027450199,1440,0.3167194565,0.398718416,1440,31.67194565,0.1348431901,,0,0.2309436148
2026-05-18 00:00:00+00:00,77001.87,18745.51678,1439.862032,3529328,0.4756581541,0.4148843532,1440,0.282702823,0.2780438901,1440,28.2702823,0.04098924889,2.839014702,0.9577441652,0.1701692097
2026-05-19 00:00:00+00:00,76834.36,11024.85978,846.9043783,2315121,0.5152695448,0.2968187524,1440,0.2269011036,0.233108126,1440,22.69011036,0.02571448907,,0,0.1729439308
2026-05-20 00:00:00+00:00,77552.23,11296.26307,873.0912715,2437754,0.4962846904,0.3196463846,1440,0.2986230772,0.3125812475,1440,29.86230772,0.1065147393,,0,0.1543388252
2026-05-21 00:00:00+00:00,77615.52,11318.25841,878.1686972,2473146,0.5093547374,0.3287896091,1440,0.19750226,0.2054163513,1440,19.750226,0.009289357999,0.1296664753,0,0.1801754684
2026-05-22 00:00:00+00:00,75539.5,11272.36134,866.2004609,2370783,0.4617480405,0.3225748322,1440,0.2335556969,0.4212882477,1440,23.35556969,0.3129957806,1.10479726,0.7983202914,0.1795336794
2026-05-23 00:00:00+00:00,76752.01,15086.88814,1138.996606,2103536,0.512934617,0.3566088579,1440,0.2204644779,0.3402510894,1440,22.04644779,0.1398061831,,0,0.2057183537
2026-05-24 00:00:00+00:00,77064.96,8398.00156,644.9255176,1612969,0.5374055634,0.2952256424,1440,0.342348295,0.3278063018,1440,34.2348295,0.06309453411,2.239707381,0.808680982,0.1819216443
2026-05-25 00:00:00+00:00,77322.01,7672.32197,593.868005,1778509,0.4750037282,0.2354110254,1440,0.2840676796,0.2736286045,1440,28.40676796,0.05607217899,0.5483923651,0,0.173841151
2026-05-26 00:00:00+00:00,75930.01,16953.47629,1299.609318,3360745,0.4640370131,0.3454348375,1440,0.1228767652,0.159699558,1440,12.28767652,0.1397855085,,0,0.1903386775
2026-05-27 00:00:00+00:00,74449.3,16877.77483,1270.680263,3367068,0.473452099,0.3301927352,1440,0.1588846324,0.1663110063,1440,15.88846324,0.1549850005,1.715729273,0,0.2310202584
2026-05-28 00:00:00+00:00,73617.51,21274.02026,1560.808526,3799713,0.5304769824,0.410627888,1440,0.2438058507,0.2802975597,1440,24.38058507,0.07198481794,1.044976207,0.984729138,0.1983327942
2026-05-29 00:00:00+00:00,73460.78,18686.74141,1376.106493,2897318,0.5709059641,0.3486372025,1440,0.140754229,0.2044599542,1440,14.0754229,0.01548751278,,0.255913912,0.2065699736
2026-05-30 00:00:00+00:00,73884.38,7515.40909,553.9893861,1124406,0.5479556496,0.1639490151,1440,0.1558087584,0.2462156774,1440,15.58087584,0.1037886408,,0,0.2573086406
2026-05-31 00:00:00+00:00,73674.39,6986.45707,515.9075326,1363437,0.4877253801,0.2078621881,1440,0.2168398984,0.2370138475,1440,21.68398984,0.05516860558,,0,0.192484696
2026-06-01 00:00:00+00:00,71408.9,23921.09184,1723.958339,4237773,0.4849404048,0.3988230452,1440,0.08062702506,0.1091847266,1440,8.062702506,0.1811687489,1.407488969,0,0.1838730119
2026-06-02 00:00:00+00:00,66760.83,32858.19586,2253.348578,6250677,0.4770648872,0.5624842677,1440,0.2313360754,0.2321756687,1440,23.13360754,0.2986931573,,0,0.1782904259
2026-06-03 00:00:00+00:00,64142.75,30138.3065,1998.349982,6676358,0.4833481841,0.6407086937,1440,0.1967888017,0.1933622246,1440,19.67888017,0.2001924756,,0,0.1720526749
2026-06-04 00:00:00+00:00,63885.99,43577.17571,2759.349733,9057976,0.4629218097,0.8497704249,1440,0.1990413555,0.1849322241,1440,19.90413555,0.01453596019,,0,0.1839716062
2026-06-05 00:00:00+00:00,61056.47,55027.28807,3379.021751,11658856,0.4521305451,1.007339598,1440,0.1498608708,0.1217428334,1440,14.98608708,0.1340651769,,0,0.1749697583
2026-06-06 00:00:00+00:00,60884.62,19795.58877,1202.325958,5000874,0.4785692065,0.5944326643,1440,0.3557954565,0.2625511457,1440,35.57954565,0.02344269424,,0,0.1424487975
2026-06-07 00:00:00+00:00,63332.01,26612.10443,1656.650773,4752461,0.5319500646,0.6525288963,1440,0.1851936057,0.2116785518,1440,18.51936057,0.237891362,,0,0.2013033747
2026-06-08 00:00:00+00:00,63085.99,23053.38624,1462.563287,4887564,0.4870432458,0.5922183556,1440,0.16271183,0.1434359144,1440,16.271183,0.02661199145,3.798046771,1.896753024,0.2339554678
2026-06-09 00:00:00+00:00,61730,21636.21959,1347.322049,4347332,0.4786989888,0.5318215138,1440,0.2819446829,0.2215867573,1440,28.19446829,0.1612730971,2.809684143,0.8150290759,0.194620341
2026-06-10 00:00:00+00:00,61510.99,15998.71652,986.7108836,4655686,0.4822008628,0.5924835682,1440,0.3563274834,0.2126183721,1440,35.63274834,0.03602046385,2.514030987,1.398181903,0.1597630761
2026-06-11 00:00:00+00:00,63625.99,17380.94642,1093.211866,3446803,0.5163984425,0.4908984221,1440,0.2687697489,0.2228722048,1440,26.87697489,0.3092371907,2.839619605,1.206189123,0.1531095623
2026-06-12 00:00:00+00:00,63580.01,16397.0524,1042.661513,3154052,0.5106937592,0.4076918141,1440,0.1597469965,0.1379223627,1440,15.97469965,0.006933428514,2.224143618,0.7751041371,0.1797258473
2026-06-13 00:00:00+00:00,64458.01,9960.74163,637.3020505,1489009,0.5347341973,0.2376965122,1440,0.127757038,0.1480744871,1440,12.7757038,0.2152023719,1.342145195,0,0.1592161344
2026-06-14 00:00:00+00:00,65746.45,13203.03375,853.6545393,2060901,0.5276094988,0.3767719584,1440,0.1216427275,0.2155026311,1440,12.16427275,0.2318463997,3.590161539,1.549406827,0.160968447
2026-06-15 00:00:00+00:00,66328.74,18559.80102,1230.675241,3140494,0.47561523,0.3622605962,1440,0.1647426127,0.1517915049,1440,16.47426127,0.07164855465,1.577895694,0.4619718603,0.1786388719
2026-06-16 00:00:00+00:00,65675.01,14302.05801,945.1251843,2964629,0.469135364,0.3850738462,1440,0.2715505065,0.2247305501,1440,27.15505065,0.1047988114,2.284098932,1.382619071,0.1452400014
2026-06-17 00:00:00+00:00,64509.4,19048.65409,1242.898548,3933123,0.4905495179,0.548348111,1440,0.2263393273,0.1701192635,1440,22.63393273,0.1440788409,3.723795463,0.3777505474,0.1690139
2026-06-18 00:00:00+00:00,62958.01,16935.59661,1076.015381,3573931,0.4811559172,0.4196540156,1440,0.2082209141,0.1816607746,1440,20.82209141,0.2262323922,,0,0.1501182264
2026-06-19 00:00:00+00:00,63543.91,14247.424,896.1029528,2671918,0.4709068559,0.3605172867,1440,0.1599481144,0.1617424701,1440,15.99481144,0.1033716798,,0,0.1605237578
2026-06-20 00:00:00+00:00,64298.01,9522.10324,607.0772118,1970081,0.490423037,0.2959124494,1440,0.2322099773,0.2356629357,1440,23.22099773,0.1943330909,,0,0.1634703897
2026-06-21 00:00:00+00:00,63311.99,8034.66333,514.8621757,1768294,0.4770746032,0.279393279,1440,0.2951465803,0.2282729557,1440,29.51465803,0.3001571317,,0,0.16856542
2026-06-22 00:00:00+00:00,64020.01,15423.10851,995.0345572,3521337,0.4977941279,0.4343020264,1440,0.3177664415,0.2519400633,1440,31.77664415,0.1117646012,2.112930101,0.6898258398,0.1463338715
2026-06-23 00:00:00+00:00,62734.57,20222.99292,1268.093221,3626190,0.4506389057,0.3954878233,1440,0.1104102652,0.08309284094,1440,11.04102652,0.1599491192,,0,0.1837349495
2026-06-24 00:00:00+00:00,61077.99,30678.28543,1871.885814,5367531,0.4710646047,0.5657892289,1440,0.1623064017,0.2050162317,1440,16.23064017,0.1429632033,4.426891533,1.872619394,0.1973015073
2026-06-25 00:00:00+00:00,59794,30386.00694,1822.8541,5683275,0.4741048585,0.717354802,1440,0.1940616892,0.1980647699,1440,19.40616892,0.1165548613,,0,0.1549945217
2026-06-26 00:00:00+00:00,60097.27,27403.55723,1636.102058,6019134,0.5075067537,0.6688122559,1440,0.2770174559,0.1791376061,1440,27.70174559,0.03092163301,3.19553343,0,0.1575298328
2026-06-27 00:00:00+00:00,60029,9587.22916,578.7652631,1763416,0.5286122211,0.284161708,1440,0.1101608845,0.1029535108,1440,11.01608845,0.01963900568,,0,0.1892367469
2026-06-28 00:00:00+00:00,59577.01,8907.13796,533.3332208,2299232,0.4817087037,0.3497853339,1440,0.3433498418,0.2491844339,1440,34.33498418,0.1417128559,,0,0.1483383243
2026-06-29 00:00:00+00:00,60260.21,20203.14178,1210.648238,4884336,0.5115126342,0.5551076541,1440,0.1942162239,0.1537465218,1440,19.42162239,0.09418307349,2.31682671,0,0.144198559
2026-06-30 00:00:00+00:00,58624.71,19639.82787,1157.911191,3804809,0.4521196071,0.4422024608,1440,0.1615683185,0.1390397629,1440,16.15683185,0.2376325468,,0,0.1631706405
2026-07-01 00:00:00+00:00,60024,25093.44662,1491.051307,4166849,0.515517583,0.5077586486,1440,0.1108255254,0.1633689248,1440,11.08255254,0.1581984609,2.020809117,0,0.1951378712
2026-07-02 00:00:00+00:00,61560,21382.14163,1308.15657,3883096,0.5329145867,0.5030524373,1440,0.2222318563,0.1987636648,1440,22.22318563,0.1931559823,4.696168836,2.304639225,0.1999284987
2026-07-03 00:00:00+00:00,62583.26,14048.98627,870.3599316,2571531,0.5160505314,0.3418936745,1440,0.1299333503,0.1255234552,1440,12.99333503,0.189410388,1.427224925,0,0.1723410399
2026-07-04 00:00:00+00:00,63144.01,9139.8274,574.2338461,1643288,0.5200903433,0.265404032,1440,0.1757525978,0.1620261125,1440,17.57525978,0.1553402091,1.794233045,0.1832430506,0.1575821134
2026-07-05 00:00:00+00:00,63650,9172.07758,577.8664446,1790183,0.4978083068,0.2734315195,1440,0.1890751482,0.2001132435,1440,18.90751482,0.1381172813,,0,0.1729408134
2026-07-06 00:00:00+00:00,64042.02,21435.28437,1347.956046,3777895,0.5391368605,0.5193147055,1440,0.1226073364,0.1172038393,1440,12.26073364,0.04555122869,3.415457156,0.4875664159,0.1839596385
2026-07-07 00:00:00+00:00,63363.99,16834.20823,1069.267687,3282102,0.482838554,0.4260331683,1440,0.171416372,0.1388154239,1440,17.1416372,0.09954206546,0.9670919435,0,0.1986594804
2026-07-08 00:00:00+00:00,62290,18620.09796,1160.087171,3598487,0.4478263368,0.4206471288,1440,0.1502663994,0.1440193706,1440,15.02663994,0.1473580622,,0,0.2113240153
2026-07-09 00:00:00+00:00,63230,16742.80672,1050.849813,3176050,0.4731873038,0.4051345655,1440,0.1955559987,0.1663925151,1440,19.55559987,0.1425320023,,0,0.2061317512
2026-07-10 00:00:00+00:00,64161.72,17589.00122,1126.097961,2927425,0.4961909315,0.3594162094,1440,0.1620906949,0.1808140969,1440,16.20906949,0.1298989929,2.535027825,1.628771201,0.1840670354
2026-07-11 00:00:00+00:00,63819,9151.97432,587.4698746,1406178,0.4270428962,0.1996599906,1440,0.1174829785,0.1718295228,1440,11.74829785,0.09116756029,0.9373385097,0.2456660223,0.1714453563
2026-07-12 00:00:00+00:00,63780,13914.83703,889.9385724,1919605,0.4855973056,0.2159586846,1440,0.1125102828,0.138226523,1440,11.25102828,0.006868901912,,0,0.1654731153
2026-07-13 00:00:00+00:00,62334.52,21682.50204,1361.09673,3349712,0.4548108526,0.389582634,1440,0.1617620609,0.2280031746,1440,16.17620609,0.1684251798,1.101839264,0,0.1968331277
2026-07-14 00:00:00+00:00,65043.98,20552.41384,1310.854501,3080945,0.5277963875,0.4183031834,1440,0.2265793051,0.4047138942,1440,22.65793051,0.3245843915,2.888536186,0.8166131098,0.1785192961
2026-07-15 00:00:00+00:00,64756.28,18401.89741,1195.648324,2668919,0.4895953618,0.3470710483,1440,0.2161348632,0.2447477661,1440,21.61348632,0.03707588676,1.912603279,0.8940607014,0.1792902345
2026-07-16 00:00:00+00:00,63830.2,18764.52679,1206.498386,2813481,0.4800177575,0.321179864,1440,0.1850517804,0.1639793894,1440,18.50517804,0.1193889016,1.376751105,0.2911911073,0.1432815892
2026-07-17 00:00:00+00:00,63931.67,18189.89389,1152.546029,3239296,0.4738036441,0.3443751452,1440,0.1431808295,0.1335795432,1440,14.31808295,0.01378187189,0.3547087917,0,0.1534379031
2026-07-18 00:00:00+00:00,64834.22,8031.18012,515.9546487,1088701,0.5105369595,0.1559701289,1440,0.09224654142,0.1312567695,1440,9.224654142,0.2717039892,,0,0.1811844612
2026-07-19 00:00:00+00:00,64722.54,8379.91474,541.5591019,1464337,0.5109801404,0.2062927111,1440,0.1626294344,0.1678904827,1440,16.26294344,0.0318346127,1.364030076,0,0.1774928853
2026-07-20 00:00:00+00:00,65255.51,21323.48702,1379.18271,3606847,0.4738824692,0.3971256847,1440,0.04492717647,0.07893550611,1440,4.492717647,0.05946252848,,0.6266033404,0.208299001
2026-07-21 00:00:00+00:00,66556.16,18618.28087,1232.80269,3005241,0.5127116057,0.3174748846,1440,0.2238012375,0.1982415052,1440,22.38012375,0.1600873815,1.883635134,0.5956847593,0.1549209886
2026-07-22 00:00:00+00:00,66114.49,18074.86602,1193.958918,3381825,0.4898774553,0.3027600372,1440,0.1931310175,0.1886215255,1440,19.31310175,0.05576545635,1.213928841,0.2856909415,0.1209315585
2026-07-23 00:00:00+00:00,65098.97,14698.22673,959.9912075,2557299,0.4787192645,0.2744749574,1440,0.1524136984,0.1680927879,1440,15.24136984,0.1612432359,,0,0.1248402052
2026-07-24 00:00:00+00:00,64139.99,16821.2718,1086.879409,2467691,0.4835082006,0.2930346396,1440,0.184864227,0.2487124396,1440,18.4864227,0.136544025,,0,0.1534567276
2026-07-25 00:00:00+00:00,64375,8863.0503,568.2820561,1005338,0.5214339075,0.1315461534,1440,0.1022877633,0.2116325676,1440,10.22877633,0.06435748919,,0,0.1323107195
2026-07-26 00:00:00+00:00,65399.99,7933.06089,513.8340975,1138023,0.5157504482,0.1782223354,1440,0.1863063145,0.238716825,1440,18.63063145,0.307428928,0.6603242674,0.4226504164,0.1443000249
2026-07-27 00:00:00+00:00,63755.86,14791.90543,961.311198,2921636,0.4526008709,0.3704700445,1440,0.2822695126,0.2466004915,1440,28.22695126,0.2648570435,2.210816638,0.3787368937,0.1602998404
2026-07-28 00:00:00+00:00,63915,13889.82996,881.9015045,2679943,0.5090075487,0.32891302,1440,0.1636456034,0.1710877155,1440,16.36456034,0.02826817082,,0,0.1599828745
2026-07-29 00:00:00+00:00,63984.28,16780.11912,1075.624908,3615294,0.5322737917,0.4011254033,1440,0.2716910176,0.2056589533,1440,27.16910176,0.01007184346,1.299552643,0,0.1590887471
2026-07-30 00:00:00+00:00,64780.02,17131.58486,1104.856757,3246691,0.525123173,0.277424015,1440,0.1874928368,0.2199581518,1440,18.74928368,0.1118678436,,0,0.1454829659
2026-07-31 00:00:00+00:00,62887.88,20475.60686,1302.023181,2740238,0.4717594695,0.3176201244,1440,0.04148240302,0.06856011465,1440,4.148240302,0.2276746265,,0,0.2110278867
2026-08-01 00:00:00+00:00,62823.64,7563.08904,475.8120698,831983,0.4987696112,0.1673326179,1440,0.1166154715,0.2024979342,1440,11.66154715,0.02147954284,1.226680267,0.3755103405,0.178184958
2026-08-02 00:00:00+00:00,63570,8387.01154,531.2383764,1286064,0.544452705,0.2385825162,1440,0.2841499951,0.3421886833,1440,28.41499951,0.2223149853,,0,0.1738865932
2026-08-03 00:00:00+00:00,63520,15543.29743,983.698516,2494364,0.5139130809,0.3262662322,1440,0.2463074413,0.2923492545,1440,24.63074413,0.007998832942,1.194498542,0,0.168581554
2026-08-04 00:00:00+00:00,64106.56,13690.47909,875.0576833,2388039,0.5376337535,0.3029006242,1440,0.2183836241,0.2403707038,1440,21.83836241,0.1050431534,1.136649087,0,0.1764383207
2026-08-05 00:00:00+00:00,64665.23,12742.85528,820.9299743,2402227,0.5118540827,0.2832882593,1440,0.2427289806,0.2887363232,1440,24.27289806,0.1056966507,,0,0.1531639655
2026-08-06 00:00:00+00:00,64323.61,9864.43284,637.3666467,2087951,0.4730279668,0.2266390595,1440,0.2139319328,0.2217321598,1440,21.39319328,0.08310608601,,0,0.1542531417
2026-08-07 00:00:00+00:00,64923.19,11807.40403,765.6041135,2283383,0.4776042385,0.2639698769,1440,0.2100330933,0.2061700345,1440,21.00330933,0.1211870438,1.60571571,0,0.1707303984
2026-08-08 00:00:00+00:00,64962.6,5760.14298,374.4513588,540447,0.4878361735,0.0797420816,1440,0.09503751748,0.3298494614,1440,9.503751748,0.01620613278,,0,0.1830814153
2026-08-09 00:00:00+00:00,64901.59,7031.23606,457.3662074,803981,0.4561543934,0.1212600243,1440,0.1386363217,0.3834106887,1440,13.86363217,0.02054364814,,0,0.1879609862
2026-08-10 00:00:00+00:00,63970.01,13638.40877,880.5025597,2054347,0.509342973,0.252761556,1440,0.2503013413,0.3691543502,1440,25.03013413,0.1641987601,,0,0.1678411691
2026-08-11 00:00:00+00:00,63600,12891.63248,823.9921957,1660517,0.4935769919,0.2088736237,1440,0.1467796995,0.2418121204,1440,14.67796995,0.07040005318,0.5703420757,0,0.1649096535
2026-08-12 00:00:00+00:00,63479.99,13627.06822,868.9631342,1990499,0.513230443,0.2430122426,1440,0.1443267091,0.1633475295,1440,14.43267091,0.02173547005,0.70411948,0,0.1988518535
2026-08-13 00:00:00+00:00,63490.86,10793.85853,685.8446942,2078777,0.5177297724,0.2477831435,1440,0.2676296399,0.3651551012,1440,26.76296399,0.002496489424,,0,0.1772550847
2026-08-14 00:00:00+00:00,63043.56,12340.82899,777.4088447,2184530,0.5411530486,0.2275149478,1440,0.1836006198,0.2341970486,1440,18.36006198,0.09094368481,1.329117267,0,0.1686350615
2026-08-15 00:00:00+00:00,63086.01,5405.16038,340.8906324,540313,0.5754723063,0.08065309979,1440,0.08309527747,0.2615422503,1440,8.309527747,0.01974584504,,0,0.1686733281
2026-08-16 00:00:00+00:00,62900,4737.23135,298.6980486,640294,0.5273197286,0.1204537504,1440,0.1829979336,0.3565096098,1440,18.29979336,0.09885801747,0.7024067179,0.08316702549,0.1770164039
2026-08-17 00:00:00+00:00,64532.1,14255.64713,909.3660511,2111256,0.5041448427,0.2547022489,1440,0.2412383878,0.3721396603,1440,24.12383878,0.2816974604,,0,0.1614000927
2026-08-18 00:00:00+00:00,64725.42,11789.91312,759.4053298,1608019,0.4884895301,0.2021124971,1440,0.1610366567,0.2900269108,1440,16.10366567,0.03938924405,,0,0.1597699687
2026-08-19 00:00:00+00:00,69334.79,29054.29976,1954.769139,4160596,0.5385387154,0.686953398,1440,0.3350004493,0.4436358305,1440,33.50004493,0.351922815,,0,0.1692655067
2026-08-20 00:00:00+00:00,73025.15,35904.79287,2562.053708,6249114,0.5053626516,0.583225593,1440,0.3069123441,0.3162998513,1440,30.69123441,0.2024044296,3.53597095,1.277404909,0.1779026366
2026-08-21 00:00:00+00:00,78338.03,44339.56568,3401.67276,8928944,0.5194880973,0.7837718652,1440,0.4346203542,0.3424788826,1440,43.46203542,0.2064551287,,0,0.14686082
2026-08-22 00:00:00+00:00,77074.93,18524.50847,1433.768389,3950045,0.5081480178,0.5284743592,1440,0.3959644788,0.3533740907,1440,39.59644788,0.1133733711,2.914024821,0,0.139494173
2026-08-23 00:00:00+00:00,77734,15367.23185,1182.628276,3627829,0.5340812444,0.3926672729,1440,0.3388025362,0.3167461013,1440,33.88025362,0.07199791099,2.571339467,0,0.1591349867
2026-08-24 00:00:00+00:00,78992.75,30179.29391,2367.960844,6334409,0.4981559716,0.5148873849,1440,0.1922197055,0.2137302405,1440,19.22197055,0.06783614704,1.979786813,0,0.1966690199
2026-08-25 00:00:00+00:00,78539.14,24772.51394,1972.17053,6360202,0.5099778154,0.5404018156,1440,0.3689415776,0.4049088415,1440,36.89415776,0.02920121136,,0,0.1771251595
2026-08-26 00:00:00+00:00,79023.75,14613.75887,1148.236056,4284527,0.4994794498,0.3772854162,1440,0.3096871092,0.2535575523,1440,30.96871092,0.05357209356,2.223262859,1.061736214,0.1630589892
2026-08-27 00:00:00+00:00,80249.58,16265.53695,1297.370375,4932285,0.4523982511,0.3944593951,1440,0.2984138922,0.2331294943,1440,29.84138922,0.1186483709,,0,0.1606141502
2026-08-28 00:00:00+00:00,77845.87,19756.43646,1560.927602,4822157,0.4707534038,0.4231539053,1440,0.2629860271,0.2432893715,1440,26.29860271,0.1948244247,,0,0.1752616641
2026-08-29 00:00:00+00:00,78230,7016.30257,545.8679848,1519886,0.5123633985,0.1755951443,1440,0.230005741,0.2511746003,1440,23.0005741,0.09017490858,,0,0.1609725376
2026-08-30 00:00:00+00:00,77682,9085.42405,712.5065396,2404922,0.4748643174,0.2903720957,1440,0.3335907592,0.3240797706,1440,33.35907592,0.09866064383,,0,0.1136877624
2026-08-31 00:00:00+00:00,78581.29,15303.90602,1198.158182,4354737,0.5325852818,0.3854686267,1440,0.4477248417,0.3141443433,1440,44.77248417,0.09606461194,,0,0.1413540033
2026-09-01 00:00:00+00:00,77439,14130.63949,1101.387277,3662805,0.5044460383,0.3769373125,1440,0.4219865836,0.3302358089,1440,42.19865836,0.1329514244,,0,0.161191722
2026-09-02 00:00:00+00:00,77340.01,13070.9782,1008.333113,3312492,0.508560481,0.3536617971,1440,0.3356748172,0.2297728797,1440,33.56748172,0.0126854327,,0,0.1490783881
2026-09-03 00:00:00+00:00,81270.37,19806.42247,1579.63908,4460645,0.5473656177,0.4341626606,1440,0.2512252387,0.2563880187,1440,25.12252387,0.3138063792,,0,0.1559058922
2026-09-04 00:00:00+00:00,79660.77,19198.62549,1538.393292,3417900,0.4834908361,0.4830650977,1440,0.3834264069,0.3776133856,1440,38.34264069,0.1300334173,,0,0.1723283042
2026-09-05 00:00:00+00:00,79831.75,9117.2402,727.1621002,1276050,0.4667292028,0.173502025,1440,0.1305928569,0.16030816,1440,13.05928569,0.02948518924,1.388870522,0.4425940692,0.135372098
2026-09-06 00:00:00+00:00,80341.83,8854.81827,707.4222245,1658245,0.4756947733,0.1995987974,1440,0.1949080715,0.1829353238,1440,19.49080715,0.09003267982,0.8691944863,0,0.1691870032
2026-09-07 00:00:00+00:00,79112.01,10572.45495,839.8826745,2464603,0.4899672502,0.245321716,1440,0.2450448526,0.2165856292,1440,24.50448526,0.1836650637,,0,0.1702871533
2026-09-08 00:00:00+00:00,78455.8,19235.06605,1510.077236,4339646,0.4440388022,0.2993331673,1440,0.1612513894,0.1550069242,1440,16.12513894,0.05515802296,,0,0.1273474871
2026-09-09 00:00:00+00:00,78306.43,14129.92027,1114.730666,3338369,0.4685151836,0.3838168034,1440,0.2967321227,0.2673507467,1440,29.67321227,0.01709551257,2.271142826,1.41778635,0.1741062711
2026-09-10 00:00:00+00:00,76568.72,15320.36904,1188.117944,3080707,0.4195051375,0.3320932744,1440,0.1732150809,0.194979633,1440,17.32150809,0.18887924,,0,0.1982040705
2026-09-11 00:00:00+00:00,77225.7,19713.27729,1528.809492,3614263,0.4997724785,0.4893867108,1440,0.2998660161,0.2697320442,1440,29.98660161,0.05588443148,,0,0.1890069078
2026-09-12 00:00:00+00:00,77278.73,8060.44455,622.8491596,748574,0.535053762,0.1195307941,1440,0.08911598126,0.2217731443,1440,8.911598126,0.01102117303,0.9469051622,0.4723751779,0.167051311
2026-09-13 00:00:00+00:00,76842.01,6959.68366,536.0922134,1275503,0.5195254923,0.1779350391,1440,0.2374953224,0.2611860651,1440,23.74953224,0.1057142796,0.7453868639,0,0.1805880648
2026-09-14 00:00:00+00:00,78189.21,15413.48971,1204.563026,3225517,0.5322412649,0.3746132207,1440,0.1566242324,0.1224046622,1440,15.66242324,0.1442860382,,0,0.2013361366
2026-09-15 00:00:00+00:00,75644.48,21682.71734,1658.732238,3419940,0.4909440631,0.4582309331,1440,0.1953501971,0.1723376853,1440,19.53501971,0.1994727525,,0,0.1991159779
2026-09-16 00:00:00+00:00,76206.01,14887.98431,1129.239634,3057694,0.5058450663,0.456262312,1440,0.4327523632,0.2766372302,1440,43.27523632,0.06549416786,,0,0.1565931045
2026-09-17 00:00:00+00:00,76417.01,10925.02219,836.425871,2014558,0.5347648141,0.3223092564,1440,0.3129814124,0.2263323666,1440,31.29814124,0.03305713623,0.4730212426,0,0.1524872072
2026-09-18 00:00:00+00:00,80883.87,23907.77962,1897.722787,3193109,0.5409442652,0.4337540042,1440,0.1613821887,0.1717543046,1440,16.13821887,0.299354085,,0,0.1881015408
2026-09-19 00:00:00+00:00,81249.99,10663.76706,867.6218456,1648389,0.4815055122,0.2244727477,1440,0.2218046747,0.2923294458,1440,22.18046747,0.05205350607,,0,0.1851534832
2026-09-20 00:00:00+00:00,81178,10993.68293,887.7779533,1941278,0.5467985004,0.2902601264,1440,0.275435983,0.266400369,1440,27.5435983,0.009984744861,1.694983406,0,0.2218599833
2026-09-21 00:00:00+00:00,86620,31963.17872,2702.559884,4461004,0.5176333526,0.528325044,1440,0.2151280193,0.318739737,1440,21.51280193,0.240092594,3.040547344,0,0.1812021365
2026-09-22 00:00:00+00:00,86208.56,21328.45813,1834.036115,3386775,0.4447244415,0.3778917494,1440,0.2458099867,0.2424018412,1440,24.58099867,0.0259605526,1.605893241,0,0.1534073497
2026-09-23 00:00:00+00:00,84397.6,22150.93277,1887.736866,3301896,0.4665569901,0.3704112452,1440,0.2059060098,0.2621428622,1440,20.59060098,0.1124654176,,0,0.2085412376
2026-09-24 00:00:00+00:00,84410.24,18703.61971,1572.042148,3293051,0.4703638112,0.4024728711,1440,0.2167441514,0.2352455154,1440,21.67441514,0.0009526212652,,0,0.1963495568
2026-09-25 00:00:00+00:00,84099.99,18056.26519,1520.256979,2848596,0.4730288268,0.360463652,1440,0.178951107,0.2119681148,1440,17.8951107,0.02422138649,,0,0.189756934
2026-09-26 00:00:00+00:00,84433.1,8058.06465,677.578219,946697,0.4843485154,0.1437797082,1440,0.1617874916,0.3064523675,1440,16.17874916,0.05834096537,,0,0.1949165391
2026-09-27 00:00:00+00:00,84472,9615.12963,813.9761784,1358160,0.4940339125,0.1953512441,1440,0.2426677384,0.2710593751,1440,24.26677384,0.005658810445,,0,0.1508506809
2026-09-28 00:00:00+00:00,83500.01,20960.72462,1746.910498,3568162,0.4535622333,0.4021432179,1440,0.2192568436,0.2323609418,1440,21.92568436,0.06625048563,,0,0.2102624879
2026-09-29 00:00:00+00:00,83663.66,13461.55331,1126.045075,2908693,0.4739182309,0.3211001291,1440,0.3383711207,0.291322783,1440,33.83711207,0.01738795355,,0,0.2015566128
2026-09-30 00:00:00+00:00,83623.6,18522.82001,1557.658297,3218097,0.488254671,0.4125067889,1440,0.1660135719,0.2343750248,1440,16.60135719,0.003074722233,,1.030124787,0.1712163576
2026-10-01 00:00:00+00:00,84880.05,16766.05675,1409.485417,3018436,0.5166324986,0.3540383409,1440,0.1114882345,0.1145743492,1440,11.14882345,0.1058067454,,0,0.1582416095
2026-10-02 00:00:00+00:00,84518.01,26497.91954,2268.231876,3801781,0.4396913891,0.4126963041,1440,0.08783767424,0.1259250627,1440,8.783767424,0.01884479127,,0,0.2355692185
2026-10-03 00:00:00+00:00,84753.56,6889.63623,583.7782093,668698,0.504960701,0.111026035,1440,0.1207734584,0.2572931186,1440,12.07734584,0.04767398793,,0,0.2266983494
2026-10-04 00:00:00+00:00,86530,7993.11395,683.6744147,1340109,0.4971547228,0.1890848466,1440,0.2339948678,0.3574670773,1440,23.39948678,0.3034108473,0.3917569216,0,0.1551172951
2026-10-05 00:00:00+00:00,85766.87,16186.7761,1391.807556,2992211,0.4399514966,0.3461429606,1440,0.1606555722,0.2279817828,1440,16.06555722,0.06364653783,,0,0.1857632805
2026-10-06 00:00:00+00:00,85408.01,3003.09726,257.0280249,633561,0.476607108,0.1276949387,454,,,454,,,,,
