date,close,log_return,realized_vol_ann,btc_volume
2016-10-01 00:00:00+00:00,612.98,,0.4647358739,1458.843745
2016-10-02 00:00:00+00:00,608.6,-0.007171071514,0.6542271557,1407.059293
2016-10-03 00:00:00+00:00,611.16,0.004197553222,0.425964749,2245.892347
2016-10-04 00:00:00+00:00,607.19,-0.006517033777,0.5564933809,2955.423838
2016-10-05 00:00:00+00:00,608.49,0.002138721531,0.4856593984,2410.926114
2016-10-06 00:00:00+00:00,610.25,0.002888230834,0.3120837789,2039.820357
2016-10-07 00:00:00+00:00,614.88,0.007558417543,0.5002438854,4033.821854
2016-10-08 00:00:00+00:00,614.34,-0.0008786060018,0.4684871885,888.6600211
2016-10-09 00:00:00+00:00,613.06,-0.002085710386,0.7916904189,1174.261139
2016-10-10 00:00:00+00:00,616,0.004784153105,0.5542011717,2295.523028
2016-10-11 00:00:00+00:00,639,0.03665749084,1.035665529,8087.319337
2016-10-12 00:00:00+00:00,634.5,-0.007067167223,0.5243180948,2658.527768
2016-10-13 00:00:00+00:00,634.02,-0.0007567874734,0.6504098312,2381.50068
2016-10-14 00:00:00+00:00,638.2,0.006571214163,0.5963737805,3154.82335
2016-10-15 00:00:00+00:00,635.96,-0.003516045564,0.8662312153,1421.853611
2016-10-16 00:00:00+00:00,638.97,0.004721836638,0.7382603054,1289.537246
2016-10-17 00:00:00+00:00,636.91,-0.003229146613,0.6356598336,3958.036534
2016-10-18 00:00:00+00:00,635.95,-0.001508414409,0.6825941648,2731.17635
2016-10-19 00:00:00+00:00,627.98,-0.01261162507,0.5146901382,4472.899984
2016-10-20 00:00:00+00:00,628.89,0.001448041817,0.4694595749,2040.009875
2016-10-21 00:00:00+00:00,629,0.0001748960565,0.3601073223,3050.509329
2016-10-22 00:00:00+00:00,654.52,0.03977088586,0.5379022249,4351.619478
2016-10-23 00:00:00+00:00,648.74,-0.008870122458,0.7362342344,2535.010193
2016-10-24 00:00:00+00:00,648.6,-0.0002158262299,0.9324266501,4679.001414
2016-10-25 00:00:00+00:00,651.97,0.005182354725,0.6192920926,6106.916179
2016-10-26 00:00:00+00:00,675.11,0.03487709196,0.6839398588,6716.231463
2016-10-27 00:00:00+00:00,684.71,0.0141197504,0.610855984,4545.436208
2016-10-28 00:00:00+00:00,685.91,0.001751032827,0.7334240542,3574.075468
2016-10-29 00:00:00+00:00,711.13,0.03610883038,0.9421231751,4034.884008
2016-10-30 00:00:00+00:00,697.23,-0.01973991218,1.207690531,3752.525372
2016-10-31 00:00:00+00:00,697.01,-0.0003155841201,1.084707394,4655.892512
2016-11-01 00:00:00+00:00,726.6,0.04157636193,1.393155832,6570.018854
2016-11-02 00:00:00+00:00,742,0.02097312338,0.8410948965,4320.531719
2016-11-03 00:00:00+00:00,685.22,-0.07960928859,1.389513579,12102.24273
2016-11-04 00:00:00+00:00,702.7,0.02519010362,0.9086478394,5345.679215
2016-11-05 00:00:00+00:00,703.46,0.001080958175,0.6736460365,1918.311511
2016-11-06 00:00:00+00:00,709.93,0.009155357252,0.7461737152,2292.863523
2016-11-07 00:00:00+00:00,702.86,-0.01000864816,0.87605906,3020.872403
2016-11-08 00:00:00+00:00,709.31,0.009134941052,0.6086367329,5526.474593
2016-11-09 00:00:00+00:00,721.5,0.0170397117,0.7065373313,9726.251234
2016-11-10 00:00:00+00:00,714.47,-0.009791369129,0.5514895883,4996.452564
2016-11-11 00:00:00+00:00,716.39,0.002683702322,0.355789769,3328.330762
2016-11-12 00:00:00+00:00,702.28,-0.01989252651,0.4655909386,2811.55107
2016-11-13 00:00:00+00:00,700.38,-0.002709140008,0.5942514574,6023.549022
2016-11-14 00:00:00+00:00,703.82,0.004899596755,0.4227441756,7566.58051
2016-11-15 00:00:00+00:00,711.06,0.01023417278,0.5242603833,5668.939949
2016-11-16 00:00:00+00:00,739.71,0.03950140307,0.6615890208,11585.04542
2016-11-17 00:00:00+00:00,735.24,-0.006061240971,0.8398842353,6681.431515
2016-11-18 00:00:00+00:00,748.98,0.01851530437,0.7203406334,4271.041463
2016-11-19 00:00:00+00:00,750.75,0.002360425972,0.6821993462,1965.436523
2016-11-20 00:00:00+00:00,727.09,-0.03202244057,0.7406051742,5525.959611
2016-11-21 00:00:00+00:00,736.76,0.01321192836,0.5105382642,4017.577625
2016-11-22 00:00:00+00:00,749.22,0.0167704707,0.4910523551,5034.704085
2016-11-23 00:00:00+00:00,740.18,-0.01213926549,0.7370954381,4462.778715
2016-11-24 00:00:00+00:00,735.63,-0.00616612493,0.595120102,4039.815354
2016-11-25 00:00:00+00:00,737.07,0.001955592393,0.424286999,3356.089031
2016-11-26 00:00:00+00:00,729.91,-0.009761628456,0.492882725,2314.576621
2016-11-27 00:00:00+00:00,727.32,-0.003554693119,0.5581697785,3447.869476
2016-11-28 00:00:00+00:00,729.54,0.003047652785,0.6418080095,4741.115192
2016-11-29 00:00:00+00:00,730.76,0.001670889932,0.6518743111,5406.900353
2016-11-30 00:00:00+00:00,742.06,0.01534501396,0.4962133252,6249.618523
2016-12-01 00:00:00+00:00,751.54,0.01269433222,0.3730463,6124.501859
2016-12-02 00:00:00+00:00,769.99,0.02425309309,0.7501080856,8098.575325
2016-12-03 00:00:00+00:00,760.75,-0.01207273897,0.7903973982,2772.661248
2016-12-04 00:00:00+00:00,762,0.00164176691,0.5988891208,3215.684818
2016-12-05 00:00:00+00:00,750.24,-0.01555340035,0.6225264642,5567.772857
2016-12-06 00:00:00+00:00,758.98,0.01158227125,0.5369498273,6763.738525
2016-12-07 00:00:00+00:00,763.99,0.006579273488,0.6340786207,4809.707776
2016-12-08 00:00:00+00:00,766.84,0.003723474576,0.5241502841,4892.939255
2016-12-09 00:00:00+00:00,769.57,0.003553742651,0.4838486221,2868.416569
2016-12-10 00:00:00+00:00,772.28,0.003515261265,0.2850941473,2200.708128
2016-12-11 00:00:00+00:00,768.97,-0.004295221526,0.5012716268,1421.130417
2016-12-12 00:00:00+00:00,776.9,0.01025968492,0.3158553912,2805.191332
2016-12-13 00:00:00+00:00,775.35,-0.001997101646,0.5704998415,4918.814007
2016-12-14 00:00:00+00:00,777.09,0.002241633466,0.4514516102,2333.380395
2016-12-15 00:00:00+00:00,775.89,-0.001545416218,0.4690108035,3039.822327
2016-12-16 00:00:00+00:00,781.32,0.006974039479,0.5091922221,3475.771132
2016-12-17 00:00:00+00:00,788.52,0.009172973661,0.3005948939,2389.761881
2016-12-18 00:00:00+00:00,788.67,0.0001902117062,0.2366911373,2519.243749
2016-12-19 00:00:00+00:00,791,0.002949985364,0.5024521271,3917.870275
2016-12-20 00:00:00+00:00,798.65,0.009624834468,0.3915011259,4118.693505
2016-12-21 00:00:00+00:00,832.75,0.04181067484,0.6458513217,9391.364961
2016-12-22 00:00:00+00:00,859.96,0.03215239946,0.859354751,12070.35326
2016-12-23 00:00:00+00:00,914,0.06094469492,0.9423325988,16526.6288
2016-12-24 00:00:00+00:00,892.61,-0.0236808161,0.5893893905,6026.454704
2016-12-25 00:00:00+00:00,890.67,-0.002175766863,0.5577403179,4658.236422
2016-12-26 00:00:00+00:00,897.1,0.007193350069,0.5939309634,3467.546228
2016-12-27 00:00:00+00:00,930.34,0.03638277217,0.6301383481,7225.773117
2016-12-28 00:00:00+00:00,976.47,0.04839391715,0.8606607493,12285.11131
2016-12-29 00:00:00+00:00,969.58,-0.007081039839,0.5892354669,7858.456854
2016-12-30 00:00:00+00:00,959.54,-0.01040898508,0.5911543637,10755.03649
2016-12-31 00:00:00+00:00,966.3,0.007020342047,0.4916341137,4162.921299
2017-01-01 00:00:00+00:00,997.75,0.03202839892,0.496694939,6850.593309
2017-01-02 00:00:00+00:00,1012.54,0.01471456044,0.7401410978,8167.38103
2017-01-03 00:00:00+00:00,1035.24,0.0221712585,0.8066206226,9089.658025
2017-01-04 00:00:00+00:00,1114.92,0.07414936956,1.451344198,21562.45697
2017-01-05 00:00:00+00:00,1004.74,-0.1040538519,2.607190099,36018.86112
2017-01-06 00:00:00+00:00,893.89,-0.1169013555,1.956265734,27916.7031
2017-01-07 00:00:00+00:00,906.2,0.01367730714,1.835532686,20401.11359
2017-01-08 00:00:00+00:00,909.75,0.003909804259,1.290067459,8937.492708
2017-01-09 00:00:00+00:00,896.23,-0.01497276003,1.279279735,8716.182941
2017-01-10 00:00:00+00:00,905.05,0.00979311433,1.001900762,8535.521688
2017-01-11 00:00:00+00:00,778.62,-0.1504670688,2.007144139,35893.76837
2017-01-12 00:00:00+00:00,807.47,0.03638278073,1.420032427,17400.14155
2017-01-13 00:00:00+00:00,825.86,0.02251936493,1.136882456,11409.52033
2017-01-14 00:00:00+00:00,818.27,-0.00923291214,0.7203959622,6614.718992
2017-01-15 00:00:00+00:00,821.86,0.004377708759,0.7348319749,4231.463903
2017-01-16 00:00:00+00:00,831.81,0.01203398511,0.4939035691,6166.043977
2017-01-17 00:00:00+00:00,905.99,0.0854242191,0.940416906,12264.16938
2017-01-18 00:00:00+00:00,887.7,-0.02039442038,0.8578472127,11181.89888
2017-01-19 00:00:00+00:00,901.01,0.01488250825,0.6685440075,11094.6033
2017-01-20 00:00:00+00:00,895.8,-0.005799182553,0.4463087788,6618.627764
2017-01-21 00:00:00+00:00,921.98,0.02880635757,0.5078060633,5865.632031
2017-01-22 00:00:00+00:00,923.76,0.001928766296,0.720109424,7166.665479
2017-01-23 00:00:00+00:00,913.52,-0.01114702825,0.51196771,3514.741429
2017-01-24 00:00:00+00:00,885.47,-0.03118669191,0.700627733,9405.046565
2017-01-25 00:00:00+00:00,893.43,0.008949410453,0.4301155031,5291.554742
2017-01-26 00:00:00+00:00,914.83,0.02367026773,0.3839793344,5164.89702
2017-01-27 00:00:00+00:00,918.02,0.003480921211,0.3849972313,4830.535162
2017-01-28 00:00:00+00:00,918.6,0.0006315950162,0.3431091172,1175.86353
2017-01-29 00:00:00+00:00,912.01,-0.007199816965,0.3553464794,1349.0148
2017-01-30 00:00:00+00:00,919.99,0.008711845492,0.4034028133,3121.187544
2017-01-31 00:00:00+00:00,963.99,0.04671812069,0.5843603426,9507.101832
2017-02-01 00:00:00+00:00,983.67,0.02020955384,0.5157409701,6954.399472
2017-02-02 00:00:00+00:00,1009.17,0.02559301486,0.5023193445,8269.680536
2017-02-03 00:00:00+00:00,1016.99,0.00771907335,0.7152142715,10928.02422
2017-02-04 00:00:00+00:00,1033.18,0.01579414054,0.5992898132,5752.28734
2017-02-05 00:00:00+00:00,1011.07,-0.0216322487,0.5174754613,4348.17045
2017-02-06 00:00:00+00:00,1023.99,0.01269758493,0.5455135274,5080.848355
2017-02-07 00:00:00+00:00,1052.48,0.02744252307,0.4856718488,5372.132625
2017-02-08 00:00:00+00:00,1050.4,-0.001978240012,0.6573602004,9633.264652
2017-02-09 00:00:00+00:00,986,-0.06326996839,1.6585906,25150.07016
2017-02-10 00:00:00+00:00,996.08,0.01017122104,1.141516477,10731.29007
2017-02-11 00:00:00+00:00,1012.4,0.01625145303,0.7108268946,4472.512617
2017-02-12 00:00:00+00:00,1000.73,-0.01159401601,0.5335578987,2683.997358
2017-02-13 00:00:00+00:00,1000.79,5.995443465e-05,0.6845230219,4547.260369
2017-02-14 00:00:00+00:00,1008.88,0.008051116551,0.6183457471,6761.108063
2017-02-15 00:00:00+00:00,1011.53,0.002623231443,0.4391840404,3095.66
2017-02-16 00:00:00+00:00,1032.7,0.02071269559,0.7055350032,5996.10413
2017-02-17 00:00:00+00:00,1055.46,0.02179995916,0.6894765166,6085.022606
2017-02-18 00:00:00+00:00,1056.4,0.0008902105841,0.7201195967,4474.949306
2017-02-19 00:00:00+00:00,1051.8,-0.004363919268,0.7109130852,2270.849912
2017-02-20 00:00:00+00:00,1084,0.03015492084,0.6564178501,3664.373686
2017-02-21 00:00:00+00:00,1124.62,0.0367872978,0.6990853554,8395.473716
2017-02-22 00:00:00+00:00,1130.01,0.004781281424,0.7518822196,11673.08927
2017-02-23 00:00:00+00:00,1188.11,0.050137327,0.7462297008,11753.23856
2017-02-24 00:00:00+00:00,1180.14,-0.006730733739,1.439642065,19598.23103
2017-02-25 00:00:00+00:00,1152.2,-0.02395991719,0.906927455,6238.43763
2017-02-26 00:00:00+00:00,1179.05,0.02303587116,0.7130396899,3536.486214
2017-02-27 00:00:00+00:00,1194.64,0.01313585529,0.8841372516,4640.77359
2017-02-28 00:00:00+00:00,1191.21,-0.002875287519,0.7458984549,7562.474095
2017-03-01 00:00:00+00:00,1226.39,0.02910529735,0.6205946479,6013.065823
2017-03-02 00:00:00+00:00,1257.6,0.0251302481,0.8123270359,7762.732439
2017-03-03 00:00:00+00:00,1285.33,0.02181035202,0.9017697196,7545.477203
2017-03-04 00:00:00+00:00,1260,-0.01990377375,0.8445331448,4951.232105
2017-03-05 00:00:00+00:00,1273,0.01026459861,0.7523026336,3026.017395
2017-03-06 00:00:00+00:00,1278.49,0.004303374477,0.6661578553,4249.647938
2017-03-07 00:00:00+00:00,1233.05,-0.03618891919,1.048908496,14450.03794
2017-03-08 00:00:00+00:00,1150.05,-0.06968535517,1.158393172,13399.43821
2017-03-09 00:00:00+00:00,1190.89,0.03489550706,0.7700802281,7654.738349
2017-03-10 00:00:00+00:00,1116.97,-0.06408126467,4.092103934,33467.94356
2017-03-11 00:00:00+00:00,1176.55,0.05196676515,1.130459793,7346.786993
2017-03-12 00:00:00+00:00,1226.62,0.04167599209,0.8226365631,5793.908516
2017-03-13 00:00:00+00:00,1242.46,0.012830866,0.7934265856,5637.362963
2017-03-14 00:00:00+00:00,1245.86,0.00273276919,0.5328468741,5745.496509
2017-03-15 00:00:00+00:00,1257.32,0.009156417091,0.5587834532,3930.500225
2017-03-16 00:00:00+00:00,1172.62,-0.06974191008,1.028002219,15246.55276
2017-03-17 00:00:00+00:00,1071.02,-0.09062909609,1.624139377,16704.57322
2017-03-18 00:00:00+00:00,969.4,-0.099689421,2.333515718,21292.60431
2017-03-19 00:00:00+00:00,1017.97,0.04888840372,1.437665386,12201.86141
2017-03-20 00:00:00+00:00,1035.96,0.01751808491,0.971854977,7497.911034
2017-03-21 00:00:00+00:00,1114.39,0.07297863695,0.8282544825,11125.4954
2017-03-22 00:00:00+00:00,1037.56,-0.07143536723,1.328435149,14521.25636
2017-03-23 00:00:00+00:00,1029.65,-0.007652864107,0.921780974,5916.995393
2017-03-24 00:00:00+00:00,929.06,-0.1028008953,1.488316619,16072.41708
2017-03-25 00:00:00+00:00,956.02,0.02860551103,1.446908042,13507.43542
2017-03-26 00:00:00+00:00,960,0.004154451127,1.393793192,9012.917651
2017-03-27 00:00:00+00:00,1039.92,0.07996578164,1.02860887,8687.087115
2017-03-28 00:00:00+00:00,1043.99,0.003906123753,0.8608745646,9115.517125
2017-03-29 00:00:00+00:00,1035.96,-0.007721377817,0.7779218084,9379.71932
2017-03-30 00:00:00+00:00,1033.7,-0.002183934461,0.8993759887,8645.377871
2017-03-31 00:00:00+00:00,1070.31,0.03480372755,1.084484853,12058.78809
2017-04-01 00:00:00+00:00,1083.94,0.01265422479,0.7816017244,5209.128363
2017-04-02 00:00:00+00:00,1078.01,-0.00548580205,0.9081474434,7639.896217
2017-04-03 00:00:00+00:00,1144.77,0.06008699458,0.8610878067,11076.86273
2017-04-04 00:00:00+00:00,1143,-0.001547358653,0.7810542901,7420.866238
2017-04-05 00:00:00+00:00,1134.58,-0.007393846415,0.6335379733,5588.976408
2017-04-06 00:00:00+00:00,1190.85,0.04840479946,0.647387536,9134.295598
2017-04-07 00:00:00+00:00,1190.66,-0.0001595626308,0.6996053802,5450.272714
2017-04-08 00:00:00+00:00,1184.03,-0.005583901248,0.5190767915,2720.798227
2017-04-09 00:00:00+00:00,1206.2,0.01855104806,0.4681762506,4817.424249
2017-04-10 00:00:00+00:00,1209.25,0.002525410686,0.5255977737,3656.816313
2017-04-11 00:00:00+00:00,1218.99,0.008022314299,0.4659111332,3487.753108
2017-04-12 00:00:00+00:00,1212.17,-0.005610505183,0.626925948,3475.194626
2017-04-13 00:00:00+00:00,1172.91,-0.03292430145,0.8779487245,7135.302956
2017-04-14 00:00:00+00:00,1170.34,-0.0021935355,1.329397461,8982.767896
2017-04-15 00:00:00+00:00,1173.45,0.002653822932,0.5978378652,1804.450797
2017-04-16 00:00:00+00:00,1162.31,-0.009538723556,1.029758843,2663.990283
2017-04-17 00:00:00+00:00,1176.54,0.0121685235,0.808979378,3568.825075
2017-04-18 00:00:00+00:00,1202.58,0.02189132109,0.525233011,5514.182405
2017-04-19 00:00:00+00:00,1203.98,0.001163486602,0.5777599681,6046.519437
2017-04-20 00:00:00+00:00,1234.19,0.024782149,0.6300115574,5972.935392
2017-04-21 00:00:00+00:00,1243.61,0.007603555883,0.6655975935,5023.03852
2017-04-22 00:00:00+00:00,1233.2,-0.008406023311,0.5725563145,4173.283215
2017-04-23 00:00:00+00:00,1241.99,0.007102514919,0.6021993367,2604.721965
2017-04-24 00:00:00+00:00,1253.58,0.009288525931,0.4642528544,3048.6889
2017-04-25 00:00:00+00:00,1269,0.01222573085,0.5332761331,5249.773533
2017-04-26 00:00:00+00:00,1287.99,0.01485367494,0.6656541036,8707.639042
2017-04-27 00:00:00+00:00,1331.53,0.03324579332,0.5915487524,6669.987468
2017-04-28 00:00:00+00:00,1330.7,-0.0006235374306,0.9736679891,8234.275544
2017-04-29 00:00:00+00:00,1333,0.001726921629,0.9801756379,3927.450615
2017-04-30 00:00:00+00:00,1350.21,0.01282809471,0.9641920665,3536.175811
2017-05-01 00:00:00+00:00,1390.86,0.02966212495,1.183979271,8604.414932
2017-05-02 00:00:00+00:00,1447.75,0.04008836626,0.9974701238,8920.689858
2017-05-03 00:00:00+00:00,1503.22,0.03759884685,0.9833424327,11077.58949
2017-05-04 00:00:00+00:00,1537.23,0.02237262154,1.399750194,19548.52974
2017-05-05 00:00:00+00:00,1514.9,-0.01463266534,1.390539857,15603.68437
2017-05-06 00:00:00+00:00,1558.02,0.02806635415,0.9796335497,7901.14284
2017-05-07 00:00:00+00:00,1554.01,-0.002577097405,0.9751467496,7667.785851
2017-05-08 00:00:00+00:00,1649.54,0.05965777423,1.366670615,19262.35353
2017-05-09 00:00:00+00:00,1720.28,0.04199060711,1.25729887,16807.73323
2017-05-10 00:00:00+00:00,1772.58,0.02994904412,0.8228330615,11265.37864
2017-05-11 00:00:00+00:00,1828.45,0.03103250102,1.021367042,14740.21933
2017-05-12 00:00:00+00:00,1691.51,-0.07784699228,1.271484983,17062.84463
2017-05-13 00:00:00+00:00,1776.89,0.04924302404,1.326272796,10532.23451
2017-05-14 00:00:00+00:00,1784,0.003993388983,1.115629163,4816.732088
2017-05-15 00:00:00+00:00,1705.48,-0.04501143812,1.450154005,13316.80218
2017-05-16 00:00:00+00:00,1700.01,-0.003212462644,1.317032315,16554.08858
2017-05-17 00:00:00+00:00,1782.99,0.04765759694,2.166331687,17797.31852
2017-05-18 00:00:00+00:00,1878.99,0.0524426681,1.295006594,11916.12339
2017-05-19 00:00:00+00:00,1958,0.04118914567,0.9077238153,14124.61831
2017-05-20 00:00:00+00:00,2013.99,0.02819428493,1.165015746,12309.94747
2017-05-21 00:00:00+00:00,2017.55,0.001766074962,1.2807731,6755.834369
2017-05-22 00:00:00+00:00,2099.97,0.04003915491,2.058781915,16338.53541
2017-05-23 00:00:00+00:00,2264.23,0.07531168637,1.199653535,14138.91967
2017-05-24 00:00:00+00:00,2420.29,0.06665262241,1.335360591,22144.5982
2017-05-25 00:00:00+00:00,2292.53,-0.05423135649,2.869475611,32964.76143
2017-05-26 00:00:00+00:00,2279.82,-0.005559518732,2.61240645,28326.82201
2017-05-27 00:00:00+00:00,2042,-0.1101667727,2.627627923,26216.27513
2017-05-28 00:00:00+00:00,2178.81,0.06484913646,1.814704843,15375.21813
2017-05-29 00:00:00+00:00,2292.1,0.05068957172,1.32049868,12129.27809
2017-05-30 00:00:00+00:00,2203.51,-0.03941688439,1.370333932,13888.85097
2017-05-31 00:00:00+00:00,2298.01,0.0419919875,1.272308695,16279.29243
2017-06-01 00:00:00+00:00,2413.63,0.04908830732,1.176213253,18401.6636
2017-06-02 00:00:00+00:00,2488.94,0.03072507868,0.8731794974,12428.70059
2017-06-03 00:00:00+00:00,2540.94,0.02067717428,0.8835339766,10810.58469
2017-06-04 00:00:00+00:00,2530.27,-0.004208074895,0.997002453,8828.624943
2017-06-05 00:00:00+00:00,2698,0.06418474137,0.8060166051,12221.44481
2017-06-06 00:00:00+00:00,2880.74,0.0655364478,1.336083291,26695.67082
2017-06-07 00:00:00+00:00,2683.03,-0.07110045269,1.263119974,16967.04354
2017-06-08 00:00:00+00:00,2806,0.04481322879,0.9549886095,13251.40545
2017-06-09 00:00:00+00:00,2822.32,0.005799260077,0.7502329819,8036.313569
2017-06-10 00:00:00+00:00,2899.99,0.02714804695,0.9051805149,9593.361191
2017-06-11 00:00:00+00:00,2954.22,0.01852736791,0.6911351704,6830.60684
2017-06-12 00:00:00+00:00,2667.06,-0.1022579145,1.996926657,31534.94606
2017-06-13 00:00:00+00:00,2703.02,0.01339292432,1.212536363,16275.83441
2017-06-14 00:00:00+00:00,2450,-0.0982816419,1.75759101,29478.82028
2017-06-15 00:00:00+00:00,2424.91,-0.01029361426,2.283124513,36751.09131
2017-06-16 00:00:00+00:00,2484.68,0.02434946832,1.263892414,13802.3933
2017-06-17 00:00:00+00:00,2630,0.05683996757,1.084159191,11142.98519
2017-06-18 00:00:00+00:00,2516.98,-0.04392407604,1.232514981,9424.231181
2017-06-19 00:00:00+00:00,2598,0.03168214809,1.001831804,10570.67252
2017-06-20 00:00:00+00:00,2740,0.05321600215,0.9994073616,15891.69949
2017-06-21 00:00:00+00:00,2657.04,-0.03074519916,1.386486851,15676.32353
2017-06-22 00:00:00+00:00,2713.48,0.0210192227,1.153430913,10792.78765
2017-06-23 00:00:00+00:00,2685.05,-0.01053259418,0.8840826017,8232.480649
2017-06-24 00:00:00+00:00,2557.66,-0.04860657178,1.31119551,13342.81786
2017-06-25 00:00:00+00:00,2502.03,-0.0219903756,1.29843792,10339.57437
2017-06-26 00:00:00+00:00,2421.22,-0.03283085701,1.562641728,22094.21151
2017-06-27 00:00:00+00:00,2565,0.05768693325,1.41817106,19129.59651
2017-06-28 00:00:00+00:00,2559.9,-0.001990283394,1.179224391,12274.5453
2017-06-29 00:00:00+00:00,2541.59,-0.007178325793,1.049057509,8125.377637
2017-06-30 00:00:00+00:00,2465.49,-0.03039929873,0.9867189286,8715.716762
2017-07-01 00:00:00+00:00,2412.41,-0.02176432287,1.10014732,8885.893497
2017-07-02 00:00:00+00:00,2504.37,0.03741095806,0.9415065435,8744.534411
2017-07-03 00:00:00+00:00,2550.47,0.01824045001,0.8646677978,11520.70731
2017-07-04 00:00:00+00:00,2596.12,0.01774036682,0.8368440012,9662.759414
2017-07-05 00:00:00+00:00,2602.9,0.002608185329,0.6325205278,10882.83901
2017-07-06 00:00:00+00:00,2600.39,-0.000964774285,0.8371138219,8333.980949
2017-07-07 00:00:00+00:00,2501.46,-0.03878687237,0.8383158039,9430.615458
2017-07-08 00:00:00+00:00,2550.07,0.01924624836,0.8635619438,5405.890887
2017-07-09 00:00:00+00:00,2502.28,-0.01891849352,0.7792401083,4483.144134
2017-07-10 00:00:00+00:00,2323.45,-0.0741491662,1.126355846,17296.34045
2017-07-11 00:00:00+00:00,2305.98,-0.007547401269,1.189470644,17580.96164
2017-07-12 00:00:00+00:00,2388,0.03495044675,1.148886201,12883.55494
2017-07-13 00:00:00+00:00,2339.99,-0.02030953967,0.788924844,8429.850403
2017-07-14 00:00:00+00:00,2213.37,-0.05563041491,1.20616623,12659.01704
2017-07-15 00:00:00+00:00,1970.51,-0.1162238485,1.647427371,19886.67952
2017-07-16 00:00:00+00:00,1917.63,-0.02720234392,1.904218888,25562.70564
2017-07-17 00:00:00+00:00,2226,0.1491162043,1.48096457,26448.5014
2017-07-18 00:00:00+00:00,2303.71,0.034314614,1.520688668,25204.4896
2017-07-19 00:00:00+00:00,2265.21,-0.01685339699,1.326249055,17009.8835
2017-07-20 00:00:00+00:00,2875.03,0.2383956391,1.811751797,30989.89113
2017-07-21 00:00:00+00:00,2670,-0.07398463657,1.830853616,20724.1605
2017-07-22 00:00:00+00:00,2832.71,0.05915537821,1.291006579,12819.63135
2017-07-23 00:00:00+00:00,2749.02,-0.0299893661,1.46271279,11001.9646
2017-07-24 00:00:00+00:00,2759.98,0.003978948796,1.005563255,10001.91507
2017-07-25 00:00:00+00:00,2564.82,-0.0733351326,1.474547837,21326.54784
2017-07-26 00:00:00+00:00,2524.99,-0.0156511984,1.567791523,17713.67447
2017-07-27 00:00:00+00:00,2666.33,0.05446589272,1.053253732,11826.4752
2017-07-28 00:00:00+00:00,2777.01,0.04067181428,1.097746328,14069.50149
2017-07-29 00:00:00+00:00,2680.56,-0.03534908141,1.18154612,10782.21754
2017-07-30 00:00:00+00:00,2742.37,0.02279678212,1.511237486,9678.161261
2017-07-31 00:00:00+00:00,2855.81,0.04053300562,1.425894376,11114.33554
2017-08-01 00:00:00+00:00,2731,-0.04468767316,1.911961457,12525.07669
2017-08-02 00:00:00+00:00,2703.51,-0.01011691375,1.020653348,9486.625526
2017-08-03 00:00:00+00:00,2793.37,0.03269782349,0.7317966475,7963.697999
2017-08-04 00:00:00+00:00,2855,0.02182309088,0.8487361996,7635.821672
2017-08-05 00:00:00+00:00,3263.62,0.1337651656,1.671950812,16996.2731
2017-08-06 00:00:00+00:00,3222.75,-0.01260197641,1.345957607,5998.735789
2017-08-07 00:00:00+00:00,3387.55,0.0498719139,1.16073222,12046.11727
2017-08-08 00:00:00+00:00,3412.41,0.007311840292,1.057811485,15835.37021
2017-08-09 00:00:00+00:00,3342.99,-0.02055317043,1.14999865,14286.84414
2017-08-10 00:00:00+00:00,3413.03,0.0207348437,0.9003679865,9031.12128
2017-08-11 00:00:00+00:00,3645.06,0.06577236642,1.010847981,11927.37333
2017-08-12 00:00:00+00:00,3855.1,0.05602412079,1.424656887,12351.07466
2017-08-13 00:00:00+00:00,4053.87,0.05027503341,1.64576696,15889.82979
2017-08-14 00:00:00+00:00,4306.23,0.06039083094,1.247607651,14212.30421
2017-08-15 00:00:00+00:00,4155.67,-0.03558914454,1.705822789,25515.71801
2017-08-16 00:00:00+00:00,4378.84,0.05231018232,1.355333308,12923.63728
2017-08-17 00:00:00+00:00,4276.5,-0.02364893109,1.468543492,14573.18593
2017-08-18 00:00:00+00:00,4100,-0.04214794433,1.361594796,17516.99336
2017-08-19 00:00:00+00:00,4099.55,-0.0001097621212,1.403653008,15036.18405
2017-08-20 00:00:00+00:00,4058.68,-0.01001941399,1.308621377,6237.972896
2017-08-21 00:00:00+00:00,3987.52,-0.01768831382,1.144894884,9782.056594
2017-08-22 00:00:00+00:00,4085,0.02415224454,1.537406396,23522.75817
2017-08-23 00:00:00+00:00,4108.12,0.005643774623,1.279447436,14979.40348
2017-08-24 00:00:00+00:00,4300.34,0.04572858641,1.051171428,10782.69437
2017-08-25 00:00:00+00:00,4355.98,0.01285552435,0.9735761181,9699.610034
2017-08-26 00:00:00+00:00,4333.38,-0.005201775726,0.7560306228,6559.668604
2017-08-27 00:00:00+00:00,4337.68,0.0009918050048,0.8828662801,3979.124453
2017-08-28 00:00:00+00:00,4379.99,0.00970679831,0.819625647,8641.002446
2017-08-29 00:00:00+00:00,4578.82,0.04439488173,0.9281290679,11879.64283
2017-08-30 00:00:00+00:00,4573.2,-0.001228144324,0.871938101,8720.03504
2017-08-31 00:00:00+00:00,4734.26,0.03461225274,0.8009510836,8911.412459
2017-09-01 00:00:00+00:00,4921.7,0.03882856785,0.7973214672,15367.5297
2017-09-02 00:00:00+00:00,4599.9,-0.06761943515,1.484631764,16977.79362
2017-09-03 00:00:00+00:00,4606.26,0.001381683788,1.272174952,11224.91456
2017-09-04 00:00:00+00:00,4277,-0.07416441867,1.600853069,25069.12523
2017-09-05 00:00:00+00:00,4396.52,0.02756148965,1.612256244,20884.21969
2017-09-06 00:00:00+00:00,4605.8,0.04650305993,1.186423691,16634.10421
2017-09-07 00:00:00+00:00,4615,0.001995489123,0.9500980561,9254.851427
2017-09-08 00:00:00+00:00,4312,-0.06791003435,1.573600196,23693.30162
2017-09-09 00:00:00+00:00,4308.72,-0.0007609573581,1.279624466,9974.388235
2017-09-10 00:00:00+00:00,4226.22,-0.01933289973,1.350478077,14724.20414
2017-09-11 00:00:00+00:00,4207.31,-0.004484487917,1.228905567,11191.59504
2017-09-12 00:00:00+00:00,4172.56,-0.008293732288,1.082862181,13294.4377
2017-09-13 00:00:00+00:00,3865.34,-0.0764801092,1.507076103,29636.38096
2017-09-14 00:00:00+00:00,3227.79,-0.1802519546,1.983229395,41319.39713
2017-09-15 00:00:00+00:00,3700.01,0.1365378298,2.60914154,60278.94654
2017-09-16 00:00:00+00:00,3678.93,-0.005713573317,1.858976035,23158.22891
2017-09-17 00:00:00+00:00,3662.99,-0.004342195242,1.476212137,11770.21765
2017-09-18 00:00:00+00:00,4101.6,0.1130973877,1.403003713,17207.59892
2017-09-19 00:00:00+00:00,3888.8,-0.05327651474,1.276267322,15278.93044
2017-09-20 00:00:00+00:00,3874.46,-0.003694328493,1.06179832,11660.27181
2017-09-21 00:00:00+00:00,3617.05,-0.06874752177,1.267836734,17904.29717
2017-09-22 00:00:00+00:00,3612.18,-0.001347308285,1.233015437,15007.73845
2017-09-23 00:00:00+00:00,3779.17,0.0451929406,0.9868230092,10123.23214
2017-09-24 00:00:00+00:00,3664.22,-0.03088892012,0.8880985483,6508.72499
2017-09-25 00:00:00+00:00,3918,0.06696583084,0.933698827,14979.78226
2017-09-26 00:00:00+00:00,3888.03,-0.007678716905,0.7888425351,10014.62367
2017-09-27 00:00:00+00:00,4199.29,0.07701286076,0.8259278354,15075.83872
2017-09-28 00:00:00+00:00,4184.84,-0.00344699195,0.7478806572,9625.929382
2017-09-29 00:00:00+00:00,4164.82,-0.004795414032,0.8829446882,12191.93065
2017-09-30 00:00:00+00:00,4326.09,0.03799107435,0.6943862151,7496.782499
2017-10-01 00:00:00+00:00,4377.22,0.01174968793,0.7009606848,7211.335136
2017-10-02 00:00:00+00:00,4391.48,0.003252480429,0.8308312195,8259.818632
2017-10-03 00:00:00+00:00,4315.83,-0.01737664181,0.8119688174,12468.05726
2017-10-04 00:00:00+00:00,4219.53,-0.02256591086,0.7834712541,8518.992749
2017-10-05 00:00:00+00:00,4301.09,0.01914473151,0.6771757131,8419.962842
2017-10-06 00:00:00+00:00,4362.95,0.01427995512,0.7045266927,8377.30165
2017-10-07 00:00:00+00:00,4423.3,0.01373758978,0.6205882244,4646.405621
2017-10-08 00:00:00+00:00,4597.98,0.03873105276,0.750490589,10083.86685
2017-10-09 00:00:00+00:00,4764.7,0.03561749943,0.8329339235,12923.66662
2017-10-10 00:00:00+00:00,4749.29,-0.003239442858,0.7550663254,11666.02496
2017-10-11 00:00:00+00:00,4822.01,0.0151957204,0.7596203763,9866.895622
2017-10-12 00:00:00+00:00,5445,0.1215069028,1.003129145,19916.22802
2017-10-13 00:00:00+00:00,5653.6,0.03759475401,1.437374561,27827.38029
2017-10-14 00:00:00+00:00,5801.29,0.02578779622,0.9195971191,8410.936231
2017-10-15 00:00:00+00:00,5679.7,-0.02118189218,1.165873301,11542.94583
2017-10-16 00:00:00+00:00,5745.72,0.01155681538,0.876269088,9066.799745
2017-10-17 00:00:00+00:00,5597.31,-0.02616910463,0.8034177673,9105.281879
2017-10-18 00:00:00+00:00,5582.05,-0.002730032753,1.169748944,18961.6758
2017-10-19 00:00:00+00:00,5698.69,0.02068023143,0.8856515887,9919.838217
2017-10-20 00:00:00+00:00,5977.29,0.04773096412,0.9597991089,15109.06365
2017-10-21 00:00:00+00:00,6013.46,0.006033002057,1.017830388,15357.42373
2017-10-22 00:00:00+00:00,5969,-0.00742088086,1.082459483,12232.52333
2017-10-23 00:00:00+00:00,5871.17,-0.01652547664,1.222379551,15331.63503
2017-10-24 00:00:00+00:00,5523.4,-0.06106031984,1.282617348,17286.72374
2017-10-25 00:00:00+00:00,5735.88,0.03774756987,1.052212003,12349.1067
2017-10-26 00:00:00+00:00,5890,0.02651481509,0.8566121435,11788.30259
2017-10-27 00:00:00+00:00,5771.89,-0.02025641445,0.8724766239,11911.042
2017-10-28 00:00:00+00:00,5730.69,-0.007163640886,0.7214739525,5926.297372
2017-10-29 00:00:00+00:00,6137.37,0.06856036931,0.9550824229,16086.62569
2017-10-30 00:00:00+00:00,6119.99,-0.002835849098,0.8195825333,9574.643653
2017-10-31 00:00:00+00:00,6434.21,0.05006860485,0.7177422434,13423.30855
2017-11-01 00:00:00+00:00,6741.59,0.04666673476,0.7495285351,12967.22212
2017-11-02 00:00:00+00:00,7030,0.04189090368,1.556103888,26514.65119
2017-11-03 00:00:00+00:00,7146.82,0.01648079671,1.14240133,15999.7838
2017-11-04 00:00:00+00:00,7388.83,0.03330189784,0.990161239,9200.114618
2017-11-05 00:00:00+00:00,7372.72,-0.002182698483,1.024714964,9218.326898
2017-11-06 00:00:00+00:00,6967.68,-0.05650438762,1.12930196,19323.12876
2017-11-07 00:00:00+00:00,7130.28,0.02306819007,0.9503949753,11634.2653
2017-11-08 00:00:00+00:00,7450.32,0.04390648015,1.4341303,24679.72055
2017-11-09 00:00:00+00:00,7148,-0.04142438719,1.113961665,14799.26577
2017-11-10 00:00:00+00:00,6588.18,-0.08155546295,1.352874454,26614.27605
2017-11-11 00:00:00+00:00,6355.13,-0.03601477358,1.523046807,14942.70256
2017-11-12 00:00:00+00:00,5870.37,-0.07934469654,2.432519889,37315.15664
2017-11-13 00:00:00+00:00,6525.17,0.1057493423,1.746399982,27202.28181
2017-11-14 00:00:00+00:00,6609,0.01276534998,1.113405461,12072.05309
2017-11-15 00:00:00+00:00,7294,0.0986197359,1.12571317,16869.89791
2017-11-16 00:00:00+00:00,7846.96,0.07307410326,1.206596079,19272.37148
2017-11-17 00:00:00+00:00,7674.99,-0.0221592051,1.278599751,17714.36787
2017-11-18 00:00:00+00:00,7771.03,0.01243572619,1.091206817,7326.81014
2017-11-19 00:00:00+00:00,8016.58,0.03110918029,0.7695256917,8307.777509
2017-11-20 00:00:00+00:00,8226.17,0.02580863876,0.704854871,8179.457727
2017-11-21 00:00:00+00:00,8095.23,-0.01604553645,1.130046349,13686.51124
2017-11-22 00:00:00+00:00,8214.69,0.0146490156,0.8223323997,8078.580801
2017-11-23 00:00:00+00:00,7989,-0.02785841943,0.7638817245,7811.7934
2017-11-24 00:00:00+00:00,8199.19,0.0259697734,0.8624252215,9289.989257
2017-11-25 00:00:00+00:00,8717.99,0.06135333786,0.7587312902,11611.66638
2017-11-26 00:00:00+00:00,9271.06,0.06150901363,1.155454566,12021.21549
2017-11-27 00:00:00+00:00,9708.07,0.04605977799,0.9560454913,13272.45254
2017-11-28 00:00:00+00:00,9868.82,0.01642279371,0.8334412412,11214.92993
2017-11-29 00:00:00+00:00,9824.68,-0.004482704843,2.127465546,33432.33996
2017-11-30 00:00:00+00:00,9947.67,0.01244076564,2.263300508,25433.45836
2017-12-01 00:00:00+00:00,10840.45,0.08594615517,1.656434078,16708.03225
2017-12-02 00:00:00+00:00,10872,0.002906168784,1.151752146,9267.161055
2017-12-03 00:00:00+00:00,11250,0.0341774518,1.563101969,14238.52588
2017-12-04 00:00:00+00:00,11613.07,0.03176305932,1.364663177,13621.48197
2017-12-05 00:00:00+00:00,11677,0.005489907121,1.139009491,11875.03378
2017-12-06 00:00:00+00:00,13623.5,0.1541751477,1.350009339,19784.87349
2017-12-07 00:00:00+00:00,16599.99,0.1976058502,2.390930107,25787.67656
2017-12-08 00:00:00+00:00,15800,-0.04939215292,2.636642306,25473.39531
2017-12-09 00:00:00+00:00,14607.49,-0.07847552917,2.178284027,16587.47293
2017-12-10 00:00:00+00:00,14691,0.005700650522,2.53694956,18487.98304
2017-12-11 00:00:00+00:00,16470,0.1143054828,1.449640393,16583.72316
2017-12-12 00:00:00+00:00,16650.01,0.01087027284,1.414968039,13517.8921
2017-12-13 00:00:00+00:00,16250,-0.02431790825,1.432923466,17136.70586
2017-12-14 00:00:00+00:00,16404.99,0.009492648067,1.357966068,13409.52429
2017-12-15 00:00:00+00:00,17471.5,0.06298542509,1.25151041,18998.38814
2017-12-16 00:00:00+00:00,19187.78,0.09370263614,1.035049492,9761.220809
2017-12-17 00:00:00+00:00,18953,-0.01231138773,1.082146827,9749.249155
2017-12-18 00:00:00+00:00,18940.57,-0.0006560480021,1.420054496,14678.94145
2017-12-19 00:00:00+00:00,17700,-0.06774154276,1.550022514,21528.13767
2017-12-20 00:00:00+00:00,16466.98,-0.07220747589,2.288666491,31172.22881
2017-12-21 00:00:00+00:00,15600.01,-0.0540856084,1.810316562,20377.86044
2017-12-22 00:00:00+00:00,14009.79,-0.1075151843,3.995124936,57444.8858
2017-12-23 00:00:00+00:00,14619,0.04256568159,2.430860963,21786.40866
2017-12-24 00:00:00+00:00,14157.87,-0.03205139931,2.493325873,18519.48932
2017-12-25 00:00:00+00:00,13911.28,-0.01757063139,2.020192803,11564.54433
2017-12-26 00:00:00+00:00,15764.44,0.1250567488,1.692470454,15051.16402
2017-12-27 00:00:00+00:00,15364.93,-0.02566913088,1.65111285,15643.75488
2017-12-28 00:00:00+00:00,14470.07,-0.06000526154,2.315424573,16557.21732
2017-12-29 00:00:00+00:00,14340,-0.009029543055,1.697155091,13505.70299
2017-12-30 00:00:00+00:00,12640,-0.1261864465,2.336605537,21749.67445
2017-12-31 00:00:00+00:00,13880,0.09358256636,1.854022063,11583.41865
2018-01-01 00:00:00+00:00,13443.41,-0.03195993193,1.681245146,7688.030685
2018-01-02 00:00:00+00:00,14678.94,0.08792479034,1.644729295,16299.6693
2018-01-03 00:00:00+00:00,15155.62,0.03195760677,1.456099683,12275.0012
2018-01-04 00:00:00+00:00,15143.67,-0.0007887974022,1.408851862,15004.01859
2018-01-05 00:00:00+00:00,16928,0.1113864328,1.312085767,16248.91468
2018-01-06 00:00:00+00:00,17149.67,0.01300987577,1.085328931,9501.016755
2018-01-07 00:00:00+00:00,16124.02,-0.0616688458,1.05842711,8632.813843
2018-01-08 00:00:00+00:00,14999.99,-0.07226055121,1.906911645,16676.34994
2018-01-09 00:00:00+00:00,14403.51,-0.04057760756,1.572422136,13913.52469
2018-01-10 00:00:00+00:00,14890.02,0.033219263,1.669076513,18479.01253
2018-01-11 00:00:00+00:00,13243.83,-0.1171594063,2.228831535,19630.07517
2018-01-12 00:00:00+00:00,13781.41,0.03978879896,1.607903849,13433.08481
2018-01-13 00:00:00+00:00,14197.78,0.0297650318,1.206379811,7488.987018
2018-01-14 00:00:00+00:00,13647.99,-0.03949335632,1.509875888,7588.63559
2018-01-15 00:00:00+00:00,13607.04,-0.003004952173,1.160968013,9444.635308
2018-01-16 00:00:00+00:00,11386.34,-0.1781729146,2.890561203,38789.88309
2018-01-17 00:00:00+00:00,11191.35,-0.01727323284,3.108909694,41356.18974
2018-01-18 00:00:00+00:00,11247.57,0.00501094684,2.259470182,22195.26202
2018-01-19 00:00:00+00:00,11552,0.02670647683,1.789674355,13203.25568
2018-01-20 00:00:00+00:00,12775.99,0.100709046,1.515399408,10324.05733
2018-01-21 00:00:00+00:00,11558.87,-0.1001145206,1.757768679,11596.44129
2018-01-22 00:00:00+00:00,10808.99,-0.06707491232,1.986360473,17067.72926
2018-01-23 00:00:00+00:00,10851.82,0.003954612576,2.183573299,17250.17615
2018-01-24 00:00:00+00:00,11400.96,0.04936475453,1.586648444,11646.7906
2018-01-25 00:00:00+00:00,11155.54,-0.02176132688,1.391505857,10212.92183
2018-01-26 00:00:00+00:00,11092.95,-0.005626464099,1.575729702,15074.66641
2018-01-27 00:00:00+00:00,11446.54,0.03137772953,1.351417693,10309.80746
2018-01-28 00:00:00+00:00,11685.58,0.02066810212,1.156573534,9956.092496
2018-01-29 00:00:00+00:00,11162.62,-0.04578490662,1.186131276,9996.356898
2018-01-30 00:00:00+00:00,9971,-0.1128898166,1.658067187,21082.19253
2018-01-31 00:00:00+00:00,10149,0.01769429862,1.66379242,12743.50947
2018-02-01 00:00:00+00:00,8998.99,-0.1202628297,1.91159082,26356.58884
2018-02-02 00:00:00+00:00,8838.83,-0.01795783387,2.651937756,44406.01983
2018-02-03 00:00:00+00:00,9225.86,0.04285589556,1.759595866,16208.37411
2018-02-04 00:00:00+00:00,8191,-0.11897442,2.096067275,19110.67246
2018-02-05 00:00:00+00:00,6874.27,-0.1752505344,2.946032839,46544.4288
2018-02-06 00:00:00+00:00,7737.37,0.1182763805,3.735239748,70961.36966
2018-02-07 00:00:00+00:00,7588.01,-0.01949246663,2.414612554,32640.89254
2018-02-08 00:00:00+00:00,8259.76,0.08482616148,1.904429005,22746.39118
2018-02-09 00:00:00+00:00,8693.98,0.05123530071,1.595144095,18418.11709
2018-02-10 00:00:00+00:00,8560,-0.01553064197,1.548464326,14670.5587
2018-02-11 00:00:00+00:00,8067,-0.0593185242,1.599369943,12711.78585
2018-02-12 00:00:00+00:00,8899,0.09815724492,1.376177514,15071.0403
2018-02-13 00:00:00+00:00,8522.99,-0.04317169263,1.212995675,11374.52415
2018-02-14 00:00:00+00:00,9490.98,0.1075746556,1.002201901,17468.73887
2018-02-15 00:00:00+00:00,10018,0.05404160105,1.324713434,21036.33732
2018-02-16 00:00:00+00:00,10196,0.01761201158,1.100549311,11857.64278
2018-02-17 00:00:00+00:00,11101,0.08503970784,1.07987188,14511.16914
2018-02-18 00:00:00+00:00,10421.06,-0.06320643575,1.424971353,17623.07943
2018-02-19 00:00:00+00:00,11173,0.06967139497,1.309399509,11698.25623
2018-02-20 00:00:00+00:00,11233.41,0.005392220028,1.281812739,15880.90904
2018-02-21 00:00:00+00:00,10449.4,-0.0723478131,1.526832092,19959.67716
2018-02-22 00:00:00+00:00,9843.34,-0.05974947613,1.438610359,20204.69095
2018-02-23 00:00:00+00:00,10166.1,0.03226357132,1.287881234,16044.0393
2018-02-24 00:00:00+00:00,9689.99,-0.04796526178,1.310236289,13972.71472
2018-02-25 00:00:00+00:00,9590.04,-0.01036833401,1.118805302,11037.17695
2018-02-26 00:00:00+00:00,10324.7,0.07381402284,1.112776238,16156.80506
2018-02-27 00:00:00+00:00,10566.3,0.02313060856,0.9160441321,10408.47994
2018-02-28 00:00:00+00:00,10314.9,-0.02408023944,1.080721761,10490.74906
2018-03-01 00:00:00+00:00,10903.13,0.05546045212,0.9172148225,9481.665146
2018-03-02 00:00:00+00:00,11029.99,0.01156802267,0.8415597026,8329.097901
2018-03-03 00:00:00+00:00,11445,0.03693502676,0.7234693247,7786.26754
2018-03-04 00:00:00+00:00,11463.27,0.001595057494,0.7079804983,6831.630703
2018-03-05 00:00:00+00:00,11419.24,-0.003848358798,0.6267500895,9933.676233
2018-03-06 00:00:00+00:00,10723.76,-0.06283781169,0.8602235917,14734.41949
2018-03-07 00:00:00+00:00,9913.03,-0.07861178704,1.419755855,26116.51185
2018-03-08 00:00:00+00:00,9285.32,-0.06541539497,1.396414078,22522.42747
2018-03-09 00:00:00+00:00,9230,-0.005975609886,1.970708711,29014.16684
2018-03-10 00:00:00+00:00,8791.47,-0.04867711531,1.226112521,12886.58858
2018-03-11 00:00:00+00:00,9535.04,0.0811915009,1.357967021,16407.54238
2018-03-12 00:00:00+00:00,9120.75,-0.04442139657,1.488083408,18751.02058
2018-03-13 00:00:00+00:00,9142.32,0.002362145031,1.544958345,16001.47535
2018-03-14 00:00:00+00:00,8196.69,-0.1091837683,1.371997315,21191.02314
2018-03-15 00:00:00+00:00,8265.05,0.00830536662,1.605493414,18387.61139
2018-03-16 00:00:00+00:00,8258.54,-0.0007879643996,1.270425503,16498.62434
2018-03-17 00:00:00+00:00,7860.83,-0.04935561763,1.194354007,12048.66889
2018-03-18 00:00:00+00:00,8188.24,0.04080677973,1.601467485,19547.36115
2018-03-19 00:00:00+00:00,8596.93,0.04870618423,1.406105254,19396.08836
2018-03-20 00:00:00+00:00,8904.02,0.03509769737,1.064233343,13454.82226
2018-03-21 00:00:00+00:00,8893.79,-0.001149579766,0.9788538221,12100.99713
2018-03-22 00:00:00+00:00,8704.67,-0.02149361713,0.9289445215,12587.63392
2018-03-23 00:00:00+00:00,8920.79,0.02452484444,0.9229825712,13749.78486
2018-03-24 00:00:00+00:00,8547,-0.04280416351,0.8899546681,9731.982368
2018-03-25 00:00:00+00:00,8453.9,-0.01095247083,0.9724287911,9155.912148
2018-03-26 00:00:00+00:00,8149.66,-0.03665166476,0.9958871918,17693.41534
2018-03-27 00:00:00+00:00,7791.7,-0.04491714402,1.132378316,12385.25028
2018-03-28 00:00:00+00:00,7932.41,0.01789783411,0.8247792513,8437.64468
2018-03-29 00:00:00+00:00,7088.38,-0.1125000751,1.321259641,22138.11413
2018-03-30 00:00:00+00:00,6850,-0.03420817133,1.825139076,29101.44803
2018-03-31 00:00:00+00:00,6928.62,0.0114120069,1.186674148,11579.59706
2018-04-01 00:00:00+00:00,6813.52,-0.01675178562,1.257653348,18046.94087
2018-04-02 00:00:00+00:00,7052.76,0.03451015602,0.9746950995,13624.16036
2018-04-03 00:00:00+00:00,7416.27,0.05025720579,0.8993601702,16089.54163
2018-04-04 00:00:00+00:00,6799.95,-0.08676097615,1.014001055,15779.20247
2018-04-05 00:00:00+00:00,6771.69,-0.004164572718,1.090447074,11894.53598
2018-04-06 00:00:00+00:00,6618.33,-0.02290761423,0.84290183,8478.418069
2018-04-07 00:00:00+00:00,6904.9,0.04238823223,0.7798484791,7683.041653
2018-04-08 00:00:00+00:00,7027.26,0.01756556717,0.6654318682,4352.697942
2018-04-09 00:00:00+00:00,6780.1,-0.03580502056,0.8738532563,10103.91622
2018-04-10 00:00:00+00:00,6835.67,0.008162639138,0.6707285197,6480.192764
2018-04-11 00:00:00+00:00,6940.94,0.01528272179,0.5884707931,5825.410646
2018-04-12 00:00:00+00:00,7923.78,0.1324311527,1.27178084,19033.38033
2018-04-13 00:00:00+00:00,7896.92,-0.00339555466,1.005535151,19605.94275
2018-04-14 00:00:00+00:00,8000.41,0.01301998033,0.9384216798,8935.530715
2018-04-15 00:00:00+00:00,8354.22,0.04327401005,0.7370795754,7542.840816
2018-04-16 00:00:00+00:00,8048.15,-0.03732454906,0.8234333521,10866.60296
2018-04-17 00:00:00+00:00,7890.87,-0.01973585642,0.736907645,9277.151215
2018-04-18 00:00:00+00:00,8172.84,0.03511006675,0.7365092377,9227.204598
2018-04-19 00:00:00+00:00,8271.31,0.01197643867,0.6541367872,9436.846328
2018-04-20 00:00:00+00:00,8861,0.0688667247,0.6936741641,16059.62267
2018-04-21 00:00:00+00:00,8920.71,0.006715914772,0.7547974466,15336.30793
2018-04-22 00:00:00+00:00,8789.96,-0.01476537878,0.7216801064,9346.451759
2018-04-23 00:00:00+00:00,8946.95,0.01770253102,0.5922785894,10286.11771
2018-04-24 00:00:00+00:00,9648,0.0754379479,0.7810261928,20460.50898
2018-04-25 00:00:00+00:00,8864.99,-0.08464082849,1.166894601,33035.90404
2018-04-26 00:00:00+00:00,9274.48,0.04515673074,0.935210753,20042.9697
2018-04-27 00:00:00+00:00,8921.43,-0.03881029459,0.6913806026,11375.51438
2018-04-28 00:00:00+00:00,9345.11,0.04639696419,0.7862989237,15558.4023
2018-04-29 00:00:00+00:00,9393.99,0.005216911256,0.6621439837,10940.71803
2018-04-30 00:00:00+00:00,9242.17,-0.01629341653,0.6502382665,8085.688295
2018-05-01 00:00:00+00:00,9066.9,-0.01914628697,0.6702176825,12138.26396
2018-05-02 00:00:00+00:00,9222,0.01696151419,0.5421934297,10575.17498
2018-05-03 00:00:00+00:00,9732.43,0.0538716743,0.7098584024,11670.79958
2018-05-04 00:00:00+00:00,9696.57,-0.003691393352,0.717137155,7326.052071
2018-05-05 00:00:00+00:00,9823.28,0.01298286409,0.606561798,7403.105024
2018-05-06 00:00:00+00:00,9623.54,-0.02054289846,0.6677985908,8155.576857
2018-05-07 00:00:00+00:00,9359.52,-0.02781817323,0.7216566922,13616.34859
2018-05-08 00:00:00+00:00,9167.69,-0.02070866099,0.6492340789,11418.31054
2018-05-09 00:00:00+00:00,9308.49,0.01524154081,0.6050740116,11368.83433
2018-05-10 00:00:00+00:00,9020.99,-0.03137280279,0.6754728386,11764.97751
2018-05-11 00:00:00+00:00,8411.42,-0.06996377781,0.8497226263,20383.92661
2018-05-12 00:00:00+00:00,8481.6,0.008308804908,0.9456531359,15464.9294
2018-05-13 00:00:00+00:00,8696.58,0.02503073368,0.7610622984,9835.224509
2018-05-14 00:00:00+00:00,8674.36,-0.002558297032,0.9444257331,18861.9371
2018-05-15 00:00:00+00:00,8474.99,-0.02325207457,0.9527848886,12391.83199
2018-05-16 00:00:00+00:00,8346.59,-0.01526640111,1.034647214,12705.12322
2018-05-17 00:00:00+00:00,8067.03,-0.03406768742,0.8716128078,8259.124524
2018-05-18 00:00:00+00:00,8248.87,0.02229083647,0.8549315455,7181.203883
2018-05-19 00:00:00+00:00,8231.2,-0.002144409189,0.6985023638,3784.075766
2018-05-20 00:00:00+00:00,8518.48,0.03430610909,0.6543050068,5314.9989
2018-05-21 00:00:00+00:00,8391.76,-0.01498764915,0.6516746413,6126.971053
2018-05-22 00:00:00+00:00,7984.08,-0.04980071302,0.6890342665,9101.060787
2018-05-23 00:00:00+00:00,7502.89,-0.06216127935,0.9517910415,17635.90129
2018-05-24 00:00:00+00:00,7586.88,0.01113216005,0.9494121242,11648.36524
2018-05-25 00:00:00+00:00,7471.18,-0.01536748784,0.8768232567,10088.84331
2018-05-26 00:00:00+00:00,7335.99,-0.01826058005,0.7430670829,4043.55765
2018-05-27 00:00:00+00:00,7347.39,0.001552776308,0.794597193,3144.451109
2018-05-28 00:00:00+00:00,7112.5,-0.03249134867,0.7586921227,6583.63253
2018-05-29 00:00:00+00:00,7469.45,0.04896756914,0.7997009281,11049.92099
2018-05-30 00:00:00+00:00,7375.73,-0.01262648821,0.6145141177,8940.454005
2018-05-31 00:00:00+00:00,7492.28,0.0156782767,0.5834236841,7339.007269
2018-06-01 00:00:00+00:00,7511.6,0.00257533527,0.6624068404,6762.627573
2018-06-02 00:00:00+00:00,7642,0.01721085667,0.5523417052,4012.168755
2018-06-03 00:00:00+00:00,7703.67,0.008037489663,0.5436355193,4729.210084
2018-06-04 00:00:00+00:00,7488.26,-0.02836037789,0.6014248839,6990.551353
2018-06-05 00:00:00+00:00,7617.98,0.0171747819,0.6117657673,9968.45509
2018-06-06 00:00:00+00:00,7658.57,0.00531403956,0.5675915612,7058.055772
2018-06-07 00:00:00+00:00,7689.28,0.004001868794,0.4963441096,7545.009251
2018-06-08 00:00:00+00:00,7618.11,-0.009298843608,0.5611259065,4676.558328
2018-06-09 00:00:00+00:00,7492.7,-0.01659909423,0.5475935414,2713.781045
2018-06-10 00:00:00+00:00,6781.17,-0.09977955978,0.961670757,14392.69541
2018-06-11 00:00:00+00:00,6880.61,0.01455765737,0.7859644119,11409.52423
2018-06-12 00:00:00+00:00,6557.67,-0.04807195387,0.8112128926,8827.5995
2018-06-13 00:00:00+00:00,6307.4,-0.03891180967,1.06835399,19190.50458
2018-06-14 00:00:00+00:00,6646.1,0.0523066692,0.9016334336,14185.83821
2018-06-15 00:00:00+00:00,6390.6,-0.03920205577,0.8218099744,7132.206789
2018-06-16 00:00:00+00:00,6487.92,0.01511382559,0.6851109079,3553.699726
2018-06-17 00:00:00+00:00,6453.41,-0.005333313006,0.5630999893,2828.756808
2018-06-18 00:00:00+00:00,6707.5,0.03861763004,0.7077860006,5940.174397
2018-06-19 00:00:00+00:00,6736.52,0.004317167792,0.6177964482,5443.679796
2018-06-20 00:00:00+00:00,6756.58,0.002973373766,0.6202661345,5193.768846
2018-06-21 00:00:00+00:00,6718.33,-0.00567723313,0.5041717358,4837.324428
2018-06-22 00:00:00+00:00,6050.45,-0.1047069623,0.9815911465,18544.14405
2018-06-23 00:00:00+00:00,6177.38,0.02076158392,0.6731690261,4585.871472
2018-06-24 00:00:00+00:00,6153.4,-0.003889458774,0.9713152126,11423.59393
2018-06-25 00:00:00+00:00,6253.61,0.01615412242,0.7603807116,9689.689307
2018-06-26 00:00:00+00:00,6068,-0.03012983552,0.7123252294,7751.622088
2018-06-27 00:00:00+00:00,6135.64,0.01108533071,0.6871720304,7446.861551
2018-06-28 00:00:00+00:00,5848.33,-0.0479582418,0.6916113458,8878.398573
2018-06-29 00:00:00+00:00,6204.24,0.05907677888,0.8611706444,12067.37317
2018-06-30 00:00:00+00:00,6385.71,0.02882975214,0.7653738859,6915.088877
2018-07-01 00:00:00+00:00,6349.99,-0.005609443323,0.6920309841,4160.705567
2018-07-02 00:00:00+00:00,6612.98,0.04058114624,0.7062505975,8799.802474
2018-07-03 00:00:00+00:00,6507.99,-0.01600373156,0.5435123627,5924.865417
2018-07-04 00:00:00+00:00,6584.25,0.01164978071,0.7254063862,6706.734006
2018-07-05 00:00:00+00:00,6533.69,-0.007708565577,0.7332717101,7692.215777
2018-07-06 00:00:00+00:00,6596.53,0.009571885283,0.5678786067,5457.672187
2018-07-07 00:00:00+00:00,6759.99,0.02447765757,0.6089668556,4842.795871
2018-07-08 00:00:00+00:00,6706.6,-0.007929294608,0.5031288504,5145.845757
2018-07-09 00:00:00+00:00,6666.75,-0.005959631348,0.5086146049,7165.217233
2018-07-10 00:00:00+00:00,6299.46,-0.05666856937,0.6804902218,9163.019775
2018-07-11 00:00:00+00:00,6380,0.01270418192,0.5289793935,6370.136801
2018-07-12 00:00:00+00:00,6243.88,-0.02156631334,0.6383874407,7792.466858
2018-07-13 00:00:00+00:00,6215.59,-0.004541131945,0.4931565077,5901.295715
2018-07-14 00:00:00+00:00,6243.98,0.004557147499,0.4761682971,2584.733962
2018-07-15 00:00:00+00:00,6349.3,0.01672677103,0.456847158,3556.293107
2018-07-16 00:00:00+00:00,6721.04,0.05689833386,0.5776048712,9404.056476
2018-07-17 00:00:00+00:00,7310.71,0.0840974918,0.8424561781,12703.29651
2018-07-18 00:00:00+00:00,7374.88,0.008739234639,0.7528562163,13347.87638
2018-07-19 00:00:00+00:00,7471.42,0.01300544388,0.6130696291,8803.253097
2018-07-20 00:00:00+00:00,7330.84,-0.01899496791,0.7456521261,9379.171432
2018-07-21 00:00:00+00:00,7409.92,0.01072953615,0.5429026346,4049.810223
2018-07-22 00:00:00+00:00,7396.6,-0.001799207862,0.6766538379,5107.978813
2018-07-23 00:00:00+00:00,7719.62,0.04274470486,0.6776403235,12572.45317
2018-07-24 00:00:00+00:00,8403.83,0.08492241429,0.7950734655,18707.41156
2018-07-25 00:00:00+00:00,8174.06,-0.02772182885,0.61181161,10348.06858
2018-07-26 00:00:00+00:00,7926,-0.03081723069,0.6070092517,8091.87166
2018-07-27 00:00:00+00:00,8183.05,0.03191644699,0.5901495269,8701.765878
2018-07-28 00:00:00+00:00,8237.74,0.006661092702,0.4449043786,2765.680491
2018-07-29 00:00:00+00:00,8216.74,-0.002552497727,0.4196342158,3980.279408
2018-07-30 00:00:00+00:00,8160.21,-0.006903632791,0.6451492323,11785.89208
2018-07-31 00:00:00+00:00,7725.43,-0.05475241927,0.6752555297,11994.08614
2018-08-01 00:00:00+00:00,7602.01,-0.01610479866,0.6239998952,11406.76844
2018-08-02 00:00:00+00:00,7536.37,-0.008672052276,0.4925413736,5262.236132
2018-08-03 00:00:00+00:00,7416.98,-0.01596866749,0.5521350628,9585.779309
2018-08-04 00:00:00+00:00,7009.99,-0.05643569173,0.6676738452,6831.75139
2018-08-05 00:00:00+00:00,7032.61,0.003221628411,0.6101241422,6039.135145
2018-08-06 00:00:00+00:00,6936.11,-0.01381680429,0.5724226141,7317.642965
2018-08-07 00:00:00+00:00,6717.68,-0.03199824181,0.6688898538,10039.39296
2018-08-08 00:00:00+00:00,6283.59,-0.06680138363,0.9910610863,14668.56802
2018-08-09 00:00:00+00:00,6543.76,0.04057045061,0.737910817,9484.886705
2018-08-10 00:00:00+00:00,6139.99,-0.06368881032,1.03455199,14096.00989
2018-08-11 00:00:00+00:00,6239.98,0.01615386375,1.00307785,6818.375048
2018-08-12 00:00:00+00:00,6310.82,0.01128864332,0.9412813654,7169.893231
2018-08-13 00:00:00+00:00,6252.63,-0.00926344533,0.6640187695,8896.680837
2018-08-14 00:00:00+00:00,6193.62,-0.009482445261,0.9306559252,14235.27018
2018-08-15 00:00:00+00:00,6272.3,0.01262338356,0.9704821873,12501.11335
2018-08-16 00:00:00+00:00,6313.51,0.006548668266,0.7739139022,7099.261164
2018-08-17 00:00:00+00:00,6580.15,0.04136575963,0.7123288913,6635.58159
2018-08-18 00:00:00+00:00,6399.28,-0.02787205739,0.7052968441,3496.802321
2018-08-19 00:00:00+00:00,6481.99,0.01284207795,0.5667898424,3138.711318
2018-08-20 00:00:00+00:00,6260.82,-0.03471639504,0.6068085161,6254.820808
2018-08-21 00:00:00+00:00,6479.27,0.03429668275,0.5347688043,5655.041725
2018-08-22 00:00:00+00:00,6355.76,-0.01924636133,1.094308247,11955.6507
2018-08-23 00:00:00+00:00,6525.01,0.02628099741,0.5478846111,4028.433872
2018-08-24 00:00:00+00:00,6692.94,0.02541075371,0.5459355867,6374.542579
2018-08-25 00:00:00+00:00,6732.4,0.005878452781,0.5642874967,4980.649283
2018-08-26 00:00:00+00:00,6700.46,-0.004755511513,0.5373551189,3475.72025
2018-08-27 00:00:00+00:00,6904.51,0.02999864052,0.5024588774,5863.688248
2018-08-28 00:00:00+00:00,7080.94,0.02523184598,0.5609173931,8222.247652
2018-08-29 00:00:00+00:00,7032.96,-0.006798997418,0.4769681898,5730.978927
2018-08-30 00:00:00+00:00,6984.01,-0.006984419456,0.5250383946,6875.261972
2018-08-31 00:00:00+00:00,7017.35,0.004762403511,0.4813340874,5790.380506
2018-09-01 00:00:00+00:00,7185.01,0.02361125743,0.5458425396,4590.457241
2018-09-02 00:00:00+00:00,7290.31,0.0145491578,0.5167518633,3297.686585
2018-09-03 00:00:00+00:00,7258.99,-0.00430536842,0.4689765223,2829.877073
2018-09-04 00:00:00+00:00,7361,0.01395509238,0.4261790319,4531.147804
2018-09-05 00:00:00+00:00,6679.3,-0.09718260144,0.8555346179,12408.79699
2018-09-06 00:00:00+00:00,6493.09,-0.02827465713,1.06846843,14674.02367
2018-09-07 00:00:00+00:00,6400,-0.01444054415,0.5502213004,6541.967471
2018-09-08 00:00:00+00:00,6178.31,-0.03525321908,0.7139104531,4284.194843
2018-09-09 00:00:00+00:00,6236.04,0.009300594254,0.7232899258,4104.313796
2018-09-10 00:00:00+00:00,6301.99,0.01052009099,0.498451774,5371.725307
2018-09-11 00:00:00+00:00,6279.99,-0.003497068414,0.5600581934,7076.79726
2018-09-12 00:00:00+00:00,6322.45,0.006738403144,0.4359243293,4282.159601
2018-09-13 00:00:00+00:00,6485.7,0.02549296208,0.5007782009,6985.347475
2018-09-14 00:00:00+00:00,6476.51,-0.001417968316,0.5766001919,4598.020983
2018-09-15 00:00:00+00:00,6520.15,0.006715596778,0.4357213874,1328.819563
2018-09-16 00:00:00+00:00,6499.98,-0.003098281835,0.5282629645,1098.62806
2018-09-17 00:00:00+00:00,6254.52,-0.03849469761,0.614792031,4386.887725
2018-09-18 00:00:00+00:00,6332.34,0.01236543373,0.5617796623,4196.473148
2018-09-19 00:00:00+00:00,6388.4,0.008814009708,0.7358505314,7232.08338
2018-09-20 00:00:00+00:00,6492.98,0.01623774748,0.4420400498,5177.645104
2018-09-21 00:00:00+00:00,6749.45,0.0387394268,0.6401243761,8569.985873
2018-09-22 00:00:00+00:00,6710.01,-0.005860578788,0.5280197451,5491.809514
2018-09-23 00:00:00+00:00,6702.22,-0.001161626497,0.3834171613,3248.804919
2018-09-24 00:00:00+00:00,6581.52,-0.0181730931,0.4162688117,4030.72562
2018-09-25 00:00:00+00:00,6428.99,-0.02344827199,0.5305120653,8206.617005
2018-09-26 00:00:00+00:00,6461.51,0.005045586904,0.3624023656,4295.926741
2018-09-27 00:00:00+00:00,6681.62,0.03349743651,0.4644043485,5664.852113
2018-09-28 00:00:00+00:00,6610.76,-0.01066184856,0.5444744451,7642.049364
2018-09-29 00:00:00+00:00,6579.38,-0.004758108588,0.5277686139,3382.015922
2018-09-30 00:00:00+00:00,6597.81,0.002797259813,0.3980286462,2482.695075
2018-10-01 00:00:00+00:00,6571.2,-0.004041311567,0.4114477779,4796.040132
2018-10-02 00:00:00+00:00,6500,-0.01089428732,0.413804628,4116.133424
2018-10-03 00:00:00+00:00,6456.77,-0.006672984149,0.3733529896,4774.763282
2018-10-04 00:00:00+00:00,6547.56,0.01396326841,0.3311645803,3832.700489
2018-10-05 00:00:00+00:00,6582.12,0.005264420735,0.3586363347,3807.269282
2018-10-06 00:00:00+00:00,6544.08,-0.005796057731,0.2766922511,2022.780759
2018-10-07 00:00:00+00:00,6577.63,0.005113673921,0.2811671454,2455.656591
2018-10-08 00:00:00+00:00,6604.75,0.004114589059,0.2973797761,4079.044249
2018-10-09 00:00:00+00:00,6588.8,-0.002417849293,0.1862443581,2254.95027
2018-10-10 00:00:00+00:00,6517.55,-0.0108726994,0.4913000066,5177.06676
2018-10-11 00:00:00+00:00,6152.76,-0.05759777681,0.8044556767,9616.239584
2018-10-12 00:00:00+00:00,6185.15,0.005250496139,0.3722302798,3246.381557
2018-10-13 00:00:00+00:00,6199.69,0.002348033028,0.2750224745,1954.046806
2018-10-14 00:00:00+00:00,6183,-0.002695700225,0.329665368,2525.738201
2018-10-15 00:00:00+00:00,6441.74,0.04099509938,0.9350058945,16895.8893
2018-10-16 00:00:00+00:00,6461.2,0.0030163691,0.3852438088,4703.093906
2018-10-17 00:00:00+00:00,6437.29,-0.003707414959,0.2609348344,2961.263374
2018-10-18 00:00:00+00:00,6396.18,-0.006406706934,0.3350752872,3823.169285
2018-10-19 00:00:00+00:00,6383.46,-0.001990667061,0.2682293365,2290.059012
2018-10-20 00:00:00+00:00,6412.86,0.004595079168,0.2773131782,1261.978495
2018-10-21 00:00:00+00:00,6413.38,8.10837783e-05,0.2412133752,1541.011517
2018-10-22 00:00:00+00:00,6406.06,-0.001142015688,0.234484058,2407.535462
2018-10-23 00:00:00+00:00,6393.41,-0.001976644989,0.2656861155,2851.005567
2018-10-24 00:00:00+00:00,6411.96,0.002897224051,0.2499279085,3535.338088
2018-10-25 00:00:00+00:00,6393.53,-0.002878454901,0.2095231289,3046.603806
2018-10-26 00:00:00+00:00,6406.1,0.001964119907,0.2875284254,3323.826318
2018-10-27 00:00:00+00:00,6407.66,0.0002434882513,0.2192238459,890.1271569
2018-10-28 00:00:00+00:00,6405.57,-0.0003262253184,0.1741196883,839.2976647
2018-10-29 00:00:00+00:00,6266.52,-0.02194674772,0.4104721387,5190.822015
2018-10-30 00:00:00+00:00,6269.46,0.0004690498954,0.2811687721,2523.577429
2018-10-31 00:00:00+00:00,6303.27,0.005378319824,0.2889065065,5148.082624
2018-11-01 00:00:00+00:00,6340.99,0.00596636132,0.2198480317,2190.970477
2018-11-02 00:00:00+00:00,6350.43,0.001487619469,0.2340922782,2678.069481
2018-11-03 00:00:00+00:00,6335,-0.002432713374,0.2006889606,1084.13862
2018-11-04 00:00:00+00:00,6421.76,0.01360240966,0.2991413577,2673.813914
2018-11-05 00:00:00+00:00,6403.2,-0.002894358026,0.2214940267,2335.488655
2018-11-06 00:00:00+00:00,6447.5,0.006894593366,0.2298688877,4270.3346
2018-11-07 00:00:00+00:00,6501,0.008263552449,0.2823661108,4800.824913
2018-11-08 00:00:00+00:00,6405.49,-0.01480057607,0.3247861777,3966.973032
2018-11-09 00:00:00+00:00,6325,-0.01264540054,0.3046926461,3218.129026
2018-11-10 00:00:00+00:00,6349.32,0.003837685943,0.3297475416,1523.39385
2018-11-11 00:00:00+00:00,6357.54,0.001293789519,0.3173407728,1718.268556
2018-11-12 00:00:00+00:00,6318,-0.006238807696,0.2798402426,3526.039032
2018-11-13 00:00:00+00:00,6260.91,-0.009077160421,0.3244903168,3630.562721
2018-11-14 00:00:00+00:00,5595.91,-0.1122895682,1.336231619,25121.93301
2018-11-15 00:00:00+00:00,5585,-0.001951541236,1.189240299,19945.90828
2018-11-16 00:00:00+00:00,5508.71,-0.01375395655,0.586468993,8074.605576
2018-11-17 00:00:00+00:00,5503.36,-0.000971661172,0.4655495476,2732.791629
2018-11-18 00:00:00+00:00,5559.26,0.01010619108,0.4745966675,2576.45532
2018-11-19 00:00:00+00:00,4735.44,-0.1603903585,1.356774139,28910.66553
2018-11-20 00:00:00+00:00,4352,-0.08443913779,2.171479796,39775.38944
2018-11-21 00:00:00+00:00,4538.01,0.04185308042,1.570516986,20678.25001
2018-11-22 00:00:00+00:00,4275.23,-0.05965068786,1.186429856,10258.46173
2018-11-23 00:00:00+00:00,4288.26,0.003043154148,1.204034926,13322.77737
2018-11-24 00:00:00+00:00,3785.65,-0.1246634536,1.30401346,14236.74417
2018-11-25 00:00:00+00:00,3938.89,0.03968135507,2.079001187,26969.94763
2018-11-26 00:00:00+00:00,3727.34,-0.05520411521,1.834243109,24357.88294
2018-11-27 00:00:00+00:00,3771.01,0.01164802757,1.426461776,16814.00297
2018-11-28 00:00:00+00:00,4220.16,0.1125301719,1.285331819,22983.71349
2018-11-29 00:00:00+00:00,4249.8,0.006998880984,1.132297325,15944.01263
2018-11-30 00:00:00+00:00,3971.06,-0.06783886143,1.25782547,14364.62145
2018-12-01 00:00:00+00:00,4140.39,0.04175692472,0.9891414856,6412.232537
2018-12-02 00:00:00+00:00,4102.05,-0.009303137547,1.098963452,7019.162058
2018-12-03 00:00:00+00:00,3834.34,-0.06748952783,1.063199606,10726.6773
2018-12-04 00:00:00+00:00,3903.52,0.01788138925,0.9835594135,12249.93689
2018-12-05 00:00:00+00:00,3696.69,-0.05444088551,0.9273501341,13443.22073
2018-12-06 00:00:00+00:00,3437.26,-0.07276318229,1.382236152,15480.96697
2018-12-07 00:00:00+00:00,3380.68,-0.01659776968,1.515230999,26513.23162
2018-12-08 00:00:00+00:00,3398.8,0.005345555455,1.222399798,10176.34927
2018-12-09 00:00:00+00:00,3529.75,0.03780461876,0.9218064421,8011.022952
2018-12-10 00:00:00+00:00,3408,-0.03510143794,1.021806822,10375.26877
2018-12-11 00:00:00+00:00,3353.42,-0.01614488837,0.7551513921,8951.710708
2018-12-12 00:00:00+00:00,3430.18,0.02263201734,0.7416755114,7284.103782
2018-12-13 00:00:00+00:00,3262.73,-0.05004846969,0.8236794888,11715.01908
2018-12-14 00:00:00+00:00,3195.75,-0.02074246618,0.7885868972,14437.50527
2018-12-15 00:00:00+00:00,3179.54,-0.005085269825,0.6927489333,5814.868532
2018-12-16 00:00:00+00:00,3193.78,0.004468636032,0.5659929256,6033.507146
2018-12-17 00:00:00+00:00,3496.73,0.09062307779,0.8862563806,16389.79445
2018-12-18 00:00:00+00:00,3667.16,0.04758927447,0.8013614244,13792.36428
2018-12-19 00:00:00+00:00,3684.5,0.004717310691,0.966332254,21125.61438
2018-12-20 00:00:00+00:00,4073.77,0.1004340294,1.411906832,25986.85292
2018-12-21 00:00:00+00:00,3841.08,-0.05881528358,1.258247147,16967.23461
2018-12-22 00:00:00+00:00,3980.9,0.03575434733,0.935484932,7697.598152
2018-12-23 00:00:00+00:00,3943.83,-0.009355592023,0.8879515967,4609.892617
2018-12-24 00:00:00+00:00,4036,0.02310177013,1.085858955,12017.91713
2018-12-25 00:00:00+00:00,3779.99,-0.06553273837,1.234007697,11801.43442
2018-12-26 00:00:00+00:00,3810.01,0.007910449682,0.8230219523,10064.18282
2018-12-27 00:00:00+00:00,3591.69,-0.05900896999,0.8121702852,11850.01238
2018-12-28 00:00:00+00:00,3884.97,0.07849241796,0.9629894225,13055.71841
2018-12-29 00:00:00+00:00,3725.48,-0.04191955919,0.9068041446,6901.382332
2018-12-30 00:00:00+00:00,3835.79,0.02917970841,0.9075252728,5736.453708
2018-12-31 00:00:00+00:00,3693.3,-0.03785504366,0.8609869116,6667.163737
2019-01-01 00:00:00+00:00,3823.44,0.03463017361,0.729777219,5149.606277
2019-01-02 00:00:00+00:00,3885.87,0.01619635602,0.7196143434,5534.469515
2019-01-03 00:00:00+00:00,3787.81,-0.0255588813,0.6147529625,4803.246109
2019-01-04 00:00:00+00:00,3817.71,0.00786275075,0.5823028926,7452.058944
2019-01-05 00:00:00+00:00,3791.84,-0.006799377011,0.6163446176,3656.375314
2019-01-06 00:00:00+00:00,4040.71,0.0635690297,0.8479984939,5400.714864
2019-01-07 00:00:00+00:00,4005.45,-0.008764485347,0.642219715,7445.096004
2019-01-08 00:00:00+00:00,3994.9,-0.002637386143,0.6078982066,11819.98677
2019-01-09 00:00:00+00:00,4002.13,0.001808171776,0.546811807,7390.133992
2019-01-10 00:00:00+00:00,3627.51,-0.0982802569,1.248372645,16118.42088
2019-01-11 00:00:00+00:00,3632.02,0.00124250484,0.6585955758,10571.08164
2019-01-12 00:00:00+00:00,3617.13,-0.00410807362,0.5381098721,3184.352194
2019-01-13 00:00:00+00:00,3515.95,-0.0283711347,0.7285486956,5908.522805
2019-01-14 00:00:00+00:00,3664.28,0.04132210409,0.7092088453,9925.990722
2019-01-15 00:00:00+00:00,3576.93,-0.02412697249,0.6296832567,8059.817378
2019-01-16 00:00:00+00:00,3605.91,0.008069275453,0.5629002077,7675.066064
2019-01-17 00:00:00+00:00,3638.01,0.008862662788,0.5567174114,7499.52553
2019-01-18 00:00:00+00:00,3609.21,-0.007947917024,0.3621298654,5023.510291
2019-01-19 00:00:00+00:00,3681,0.01969554257,0.557973713,4080.883464
2019-01-20 00:00:00+00:00,3536.72,-0.03998471044,0.6409285341,5591.015834
2019-01-21 00:00:00+00:00,3531.51,-0.001474202436,0.4887610757,5821.899831
2019-01-22 00:00:00+00:00,3576.81,0.01274580021,0.7698559271,6877.063676
2019-01-23 00:00:00+00:00,3552.32,-0.006870430567,0.4260101757,6170.842672
2019-01-24 00:00:00+00:00,3570.73,0.005169145519,0.3839890992,4488.014638
2019-01-25 00:00:00+00:00,3560,-0.003009511817,0.4008427698,4961.795123
2019-01-26 00:00:00+00:00,3555.56,-0.001247969401,0.4640450167,2697.883879
2019-01-27 00:00:00+00:00,3533.23,-0.006300108723,0.4560955558,3852.659641
2019-01-28 00:00:00+00:00,3429.5,-0.02979798878,0.6723797046,10345.10091
2019-01-29 00:00:00+00:00,3390.5,-0.01143707482,0.4907001544,7284.386863
2019-01-30 00:00:00+00:00,3437.35,0.01372342254,0.4404819852,5704.023402
2019-01-31 00:00:00+00:00,3413.11,-0.007076926562,0.3629072643,5951.81817
2019-02-01 00:00:00+00:00,3434.83,0.006343534796,0.3924820476,6659.847525
2019-02-02 00:00:00+00:00,3462.82,0.008115852105,0.3998296805,3051.958608
2019-02-03 00:00:00+00:00,3414.82,-0.01395850302,0.3660801538,2813.892224
2019-02-04 00:00:00+00:00,3410.87,-0.001157392276,0.3157523016,3244.084979
2019-02-05 00:00:00+00:00,3431.39,0.005998036181,0.2906544504,4045.625302
2019-02-06 00:00:00+00:00,3364.62,-0.01965039737,0.4238605301,6137.406398
2019-02-07 00:00:00+00:00,3359.33,-0.001573480199,0.2701340245,4293.555814
2019-02-08 00:00:00+00:00,3622.94,0.07554430159,0.7694669303,14388.64754
2019-02-09 00:00:00+00:00,3622.62,-8.832995661e-05,0.3601603065,4054.504617
2019-02-10 00:00:00+00:00,3650.37,0.007631011362,0.3959657283,4155.505683
2019-02-11 00:00:00+00:00,3588.7,-0.01703851239,0.4550494379,7931.408874
2019-02-12 00:00:00+00:00,3585.94,-0.0007693766199,0.4253804242,10074.81671
2019-02-13 00:00:00+00:00,3574.93,-0.003075047774,0.3866656685,7992.743211
2019-02-14 00:00:00+00:00,3560.46,-0.004055845535,0.3515254834,5910.243129
2019-02-15 00:00:00+00:00,3566.29,0.001636089747,0.3696423941,6234.768057
2019-02-16 00:00:00+00:00,3579.92,0.003814614048,0.3877525101,3442.476304
2019-02-17 00:00:00+00:00,3625.6,0.01267933806,0.4615110051,5012.461275
2019-02-18 00:00:00+00:00,3869.8,0.06518303427,0.7617116768,15567.08485
2019-02-19 00:00:00+00:00,3888.46,0.004810366237,0.6462924952,12525.13651
2019-02-20 00:00:00+00:00,3936.53,0.01228643224,0.4583452016,9854.354939
2019-02-21 00:00:00+00:00,3900.4,-0.009220512618,0.4613699225,8055.798928
2019-02-22 00:00:00+00:00,3939.82,0.01005592501,0.4011224321,6593.859934
2019-02-23 00:00:00+00:00,4113.53,0.04314650367,0.6204463609,7966.317211
2019-02-24 00:00:00+00:00,3730.68,-0.09769101799,1.021978612,13737.01399
2019-02-25 00:00:00+00:00,3820.71,0.02384574655,0.5399193759,8835.362249
2019-02-26 00:00:00+00:00,3795.06,-0.006736048223,0.4159902632,6543.164537
2019-02-27 00:00:00+00:00,3798.47,0.0008981330762,0.5917963136,7602.299845
2019-02-28 00:00:00+00:00,3791.36,-0.001873560298,0.5796159118,6747.880272
2019-03-01 00:00:00+00:00,3807.05,0.004129817238,0.3597341101,4761.410159
2019-03-02 00:00:00+00:00,3810.46,0.0008953057437,0.3597592652,3259.743125
2019-03-03 00:00:00+00:00,3789.52,-0.005510554762,0.3409888268,2508.086491
2019-03-04 00:00:00+00:00,3698.66,-0.02426877011,0.4488549705,7293.719628
2019-03-05 00:00:00+00:00,3844.07,0.03856110925,0.5342508582,7280.823976
2019-03-06 00:00:00+00:00,3851.55,0.001943963542,0.3917324669,6402.675075
2019-03-07 00:00:00+00:00,3856.64,0.001320673398,0.4524952645,7964.508254
2019-03-08 00:00:00+00:00,3844.64,-0.003116367594,0.4625082242,7707.39667
2019-03-09 00:00:00+00:00,3916.43,0.01850055408,0.4545771535,5125.898304
2019-03-10 00:00:00+00:00,3897.92,-0.004737447035,0.3376162327,3000.606719
2019-03-11 00:00:00+00:00,3849.25,-0.0125647534,0.3986095713,6612.115161
2019-03-12 00:00:00+00:00,3859.74,0.002721499567,0.3558022948,5794.614734
2019-03-13 00:00:00+00:00,3848.48,-0.002921558546,0.2862270179,4275.54
2019-03-14 00:00:00+00:00,3854.77,0.001633077311,0.5789544058,5167.566176
2019-03-15 00:00:00+00:00,3901.21,0.01197541897,0.3219920566,6411.983328
2019-03-16 00:00:00+00:00,3990,0.02250446948,0.4511936808,6959.477883
2019-03-17 00:00:00+00:00,3965.5,-0.006159280361,0.3084270811,2711.950168
2019-03-18 00:00:00+00:00,3969.59,0.001030864265,0.3467938903,5420.230378
2019-03-19 00:00:00+00:00,3998.13,0.007163937001,0.2817681142,5317.450555
2019-03-20 00:00:00+00:00,4031.59,0.008334087283,0.3404265923,6244.953702
2019-03-21 00:00:00+00:00,3974.21,-0.01433485287,0.3901004648,7561.759897
2019-03-22 00:00:00+00:00,3982.07,0.001975798377,0.2186566226,3453.368928
2019-03-23 00:00:00+00:00,3982.52,0.0001130001671,0.2548625272,2259.564526
2019-03-24 00:00:00+00:00,3969.99,-0.003151208956,0.261447108,2204.065609
2019-03-25 00:00:00+00:00,3910.51,-0.01509577553,0.3189407301,6913.367097
2019-03-26 00:00:00+00:00,3922.58,0.003081800299,0.2379661821,4315.604877
2019-03-27 00:00:00+00:00,4025.5,0.02589952618,0.3075750752,8151.675049
2019-03-28 00:00:00+00:00,4012.23,-0.003301930285,0.2544098035,3927.546822
2019-03-29 00:00:00+00:00,4090,0.01919777358,0.3543737784,8391.034624
2019-03-30 00:00:00+00:00,4094.92,0.00120221104,0.3350754469,3923.136466
2019-03-31 00:00:00+00:00,4096.08,0.0002832377018,0.2036843426,2402.588205
2019-04-01 00:00:00+00:00,4136.32,0.009776084856,0.3599292153,7232.987312
2019-04-02 00:00:00+00:00,4899.63,0.1693531884,1.448797886,30686.17351
2019-04-03 00:00:00+00:00,4978.23,0.01591471411,1.308950558,29321.27268
2019-04-04 00:00:00+00:00,4907.94,-0.01422010434,0.8536465526,15898.11515
2019-04-05 00:00:00+00:00,5039.73,0.02649820738,0.6412440087,13023.74652
2019-04-06 00:00:00+00:00,5041.39,0.0003293284903,0.8044975302,10049.84479
2019-04-07 00:00:00+00:00,5190.85,0.02921562255,0.7873081417,10872.51936
2019-04-08 00:00:00+00:00,5287.88,0.01851994914,0.806400518,13344.98151
2019-04-09 00:00:00+00:00,5192.6,-0.01818287427,0.6170718974,9410.3535
2019-04-10 00:00:00+00:00,5323.47,0.02489081124,0.7616945615,10723.93475
2019-04-11 00:00:00+00:00,5040.2,-0.05467958253,0.8019806209,15052.95606
2019-04-12 00:00:00+00:00,5076.35,0.00714673557,0.5459382721,8057.038477
2019-04-13 00:00:00+00:00,5063.63,-0.002508882004,0.40578034,4520.43703
2019-04-14 00:00:00+00:00,5162.72,0.01937995499,0.428421862,3443.447283
2019-04-15 00:00:00+00:00,5027.31,-0.02657852258,0.592110668,7423.013759
2019-04-16 00:00:00+00:00,5202.43,0.03424077432,0.4903243101,7675.40412
2019-04-17 00:00:00+00:00,5233.72,0.005996482182,0.4796819893,6741.07721
2019-04-18 00:00:00+00:00,5281.58,0.009102989071,0.4624797169,6375.895687
2019-04-19 00:00:00+00:00,5289.91,0.001575937115,0.4883638858,5285.60637
2019-04-20 00:00:00+00:00,5318.89,0.005463402474,0.4328626044,3665.569621
2019-04-21 00:00:00+00:00,5295.65,-0.00437890613,0.4281839832,4631.039168
2019-04-22 00:00:00+00:00,5386.8,0.01706578776,0.4971850708,7127.111868
2019-04-23 00:00:00+00:00,5531.32,0.02647496847,0.6251724503,10132.40317
2019-04-24 00:00:00+00:00,5440.95,-0.01647280709,0.6147462834,10521.03763
2019-04-25 00:00:00+00:00,5132.55,-0.05835106627,0.7916306106,9893.935909
2019-04-26 00:00:00+00:00,5155.19,0.004401362505,0.6943334625,15033.10178
2019-04-27 00:00:00+00:00,5168.91,0.002657860361,0.4007326451,4041.333553
2019-04-28 00:00:00+00:00,5160.98,-0.00153535063,0.3784362929,3957.254356
2019-04-29 00:00:00+00:00,5149.11,-0.002302599734,0.4607449823,5753.615137
2019-04-30 00:00:00+00:00,5269,0.02301670702,0.4337685309,5055.272836
2019-05-01 00:00:00+00:00,5318.42,0.009335675534,0.342035934,4209.284414
2019-05-02 00:00:00+00:00,5385,0.01244104385,0.3781020683,5908.521723
2019-05-03 00:00:00+00:00,5658.22,0.04949204451,0.745203425,12700.58899
2019-05-04 00:00:00+00:00,5764.65,0.01863508557,0.7015546142,8525.455708
2019-05-05 00:00:00+00:00,5709.32,-0.009644513431,0.537696886,5162.56183
2019-05-06 00:00:00+00:00,5685.46,-0.004187888642,0.5690375936,6826.980875
2019-05-07 00:00:00+00:00,5751.54,0.01155560642,0.7631556489,10741.56186
2019-05-08 00:00:00+00:00,5940.89,0.03239130876,0.6745296825,6320.413545
2019-05-09 00:00:00+00:00,6156.7,0.03568196591,0.5794437291,9081.240778
2019-05-10 00:00:00+00:00,6342.84,0.02978569796,0.6742158083,13821.71361
2019-05-11 00:00:00+00:00,7217.47,0.1291778583,1.301034688,22331.43531
2019-05-12 00:00:00+00:00,6974.35,-0.03426534258,1.646431899,27398.21436
2019-05-13 00:00:00+00:00,7810.05,0.1131722325,1.491992303,27299.34474
2019-05-14 00:00:00+00:00,7986,0.02227864276,1.469200355,18881.44116
2019-05-15 00:00:00+00:00,8208.69,0.02750334058,1.097631741,16613.07123
2019-05-16 00:00:00+00:00,7880,-0.04086544535,1.224276973,17078.70376
2019-05-17 00:00:00+00:00,7351.71,-0.06939496464,2.915830709,27307.5797
2019-05-18 00:00:00+00:00,7260.12,-0.0125365816,0.858712497,7564.89969
2019-05-19 00:00:00+00:00,8200,0.1217377966,1.131169523,15595.26745
2019-05-20 00:00:00+00:00,8005.64,-0.02398786099,1.225582314,13426.78751
2019-05-21 00:00:00+00:00,7955.16,-0.00632551856,0.8410468255,7518.555677
2019-05-22 00:00:00+00:00,7624.95,-0.04239500963,0.9176505705,8396.822037
2019-05-23 00:00:00+00:00,7880.22,0.03293005717,0.7730722559,8370.356253
2019-05-24 00:00:00+00:00,7999.02,0.01496321191,0.6632181748,9358.971812
2019-05-25 00:00:00+00:00,8064.64,0.008170039083,0.5690009369,3361.653251
2019-05-26 00:00:00+00:00,8733.26,0.07964965186,0.9636249171,8526.811644
2019-05-27 00:00:00+00:00,8770.73,0.004281316115,0.8421945988,8948.024674
2019-05-28 00:00:00+00:00,8717.96,-0.006034775635,0.6267792146,6144.011246
2019-05-29 00:00:00+00:00,8663.41,-0.006276856094,0.5682237486,7584.257859
2019-05-30 00:00:00+00:00,8277.76,-0.04553600911,1.051845434,15259.58793
2019-05-31 00:00:00+00:00,8547.2,0.03203134354,0.773935415,9957.910065
2019-06-01 00:00:00+00:00,8556.27,0.001060603591,0.52469958,5167.051307
2019-06-02 00:00:00+00:00,8734.49,0.02061520855,0.6196675783,4263.036165
2019-06-03 00:00:00+00:00,8103.64,-0.07496621262,0.8479305983,9955.032619
2019-06-04 00:00:00+00:00,7665.53,-0.05557968805,1.213281311,15485.70215
2019-06-05 00:00:00+00:00,7785.94,0.01558588762,0.8394866301,9193.711888
2019-06-06 00:00:00+00:00,7806.07,0.00258209316,0.7094489216,8738.666359
2019-06-07 00:00:00+00:00,8001.25,0.02469614329,0.6310573731,9012.096159
2019-06-08 00:00:00+00:00,7932.27,-0.008658530062,0.6265799928,4870.115567
2019-06-09 00:00:00+00:00,7632.99,-0.0384596067,0.6959003611,3895.848105
2019-06-10 00:00:00+00:00,8021.1,0.04959592687,0.7478107183,7150.594298
2019-06-11 00:00:00+00:00,7919.1,-0.01279800657,0.6125908368,5552.688038
2019-06-12 00:00:00+00:00,8176.27,0.03195849339,0.6562830104,8577.162497
2019-06-13 00:00:00+00:00,8238,0.007521539614,0.5244291911,7237.800391
2019-06-14 00:00:00+00:00,8697.54,0.05428263104,0.599750402,8678.250306
2019-06-15 00:00:00+00:00,8857.19,0.0181893315,0.5633439811,5275.753069
2019-06-16 00:00:00+00:00,8974.19,0.01312312105,0.9968692393,15018.85336
2019-06-17 00:00:00+00:00,9333.48,0.03925525606,0.9103387452,12760.9607
2019-06-18 00:00:00+00:00,9078.84,-0.02766150452,0.7652199866,11327.45394
2019-06-19 00:00:00+00:00,9278.27,0.02172867586,0.5554554656,4687.259843
2019-06-20 00:00:00+00:00,9534.99,0.02729308328,0.5736535504,7870.315839
2019-06-21 00:00:00+00:00,10222.12,0.06958580938,0.7551253117,12553.09963
2019-06-22 00:00:00+00:00,10661.3,0.04206636286,1.495153821,13709.30032
2019-06-23 00:00:00+00:00,10831.95,0.01587973768,1.044313269,7270.645812
2019-06-24 00:00:00+00:00,11029.63,0.01808518762,0.784721944,8247.393811
2019-06-25 00:00:00+00:00,11751.01,0.06335390652,0.8970276145,12133.57176
2019-06-26 00:00:00+00:00,12920.54,0.0948790988,2.229219066,37487.80243
2019-06-27 00:00:00+00:00,11153.74,-0.1470434255,2.414589564,36106.96055
2019-06-28 00:00:00+00:00,12354.43,0.1022398355,1.608820278,18718.10159
2019-06-29 00:00:00+00:00,11858.62,-0.04095967391,1.513024759,12265.99736
2019-06-30 00:00:00+00:00,10760.1,-0.09721018092,1.418751438,12642.61772
2019-07-01 00:00:00+00:00,10577.43,-0.0171223626,1.475338822,22917.4371
2019-07-02 00:00:00+00:00,10828.9,0.02349600037,1.651546544,20285.24655
2019-07-03 00:00:00+00:00,11967.43,0.09997030695,1.423897352,19389.85476
2019-07-04 00:00:00+00:00,11146.34,-0.07107760019,1.172092564,11185.2942
2019-07-05 00:00:00+00:00,10997.84,-0.01341230302,1.150954312,11893.43795
2019-07-06 00:00:00+00:00,11240,0.02177995459,1.049814929,7892.178668
2019-07-07 00:00:00+00:00,11469.96,0.02025259931,0.8883136595,6683.055467
2019-07-08 00:00:00+00:00,12286.14,0.06874035398,0.8752991856,11901.90089
2019-07-09 00:00:00+00:00,12567.23,0.02262083461,1.155761524,15115.55238
2019-07-10 00:00:00+00:00,12098.95,-0.03797396039,1.387183555,19838.38995
2019-07-11 00:00:00+00:00,11349.24,-0.06396789064,1.403326615,18468.686
2019-07-12 00:00:00+00:00,11808.91,0.03970354995,0.9204922324,9176.67943
2019-07-13 00:00:00+00:00,11378.79,-0.03710323513,1.018881941,9391.353414
2019-07-14 00:00:00+00:00,10191.87,-0.1101607525,1.314251718,12170.40824
2019-07-15 00:00:00+00:00,10850,0.06257473634,1.360754989,16048.02718
2019-07-16 00:00:00+00:00,9412.81,-0.1420935525,1.615401653,20761.02748
2019-07-17 00:00:00+00:00,9699.35,0.02998734544,1.409265025,16992.78526
2019-07-18 00:00:00+00:00,10648.6,0.09336955516,1.517527068,18289.54218
2019-07-19 00:00:00+00:00,10535.43,-0.01068456537,1.294310857,13787.45647
2019-07-20 00:00:00+00:00,10750.11,0.02017212433,0.9530410477,9964.673883
2019-07-21 00:00:00+00:00,10600.24,-0.01403934471,0.8830169563,5628.161767
2019-07-22 00:00:00+00:00,10328.83,-0.025937628,0.9829410984,9371.306442
2019-07-23 00:00:00+00:00,9847.02,-0.04777014304,0.8216406247,9040.848826
2019-07-24 00:00:00+00:00,9763.67,-0.008500517003,0.8805033398,9433.3452
2019-07-25 00:00:00+00:00,9883.96,0.01224488684,0.85035612,6377.957518
2019-07-26 00:00:00+00:00,9846.94,-0.003752494153,0.7145605065,5570.109147
2019-07-27 00:00:00+00:00,9481.37,-0.03783192643,1.073930211,9614.102075
2019-07-28 00:00:00+00:00,9533.19,0.005450573486,1.022428114,3860.834817
2019-07-29 00:00:00+00:00,9495.39,-0.003972976409,0.7328385527,5068.654309
2019-07-30 00:00:00+00:00,9593.62,0.01029187654,0.6678522461,5533.971185
2019-07-31 00:00:00+00:00,10085.34,0.04998459007,0.6927404705,7917.508477
2019-08-01 00:00:00+00:00,10407.71,0.03146399337,0.6363827885,7681.73236
2019-08-02 00:00:00+00:00,10529.51,0.01163491371,0.6732400134,9286.861727
2019-08-03 00:00:00+00:00,10821.52,0.02735495279,0.7045001871,6996.117228
2019-08-04 00:00:00+00:00,10986.96,0.0151723709,0.7073693235,7556.32923
2019-08-05 00:00:00+00:00,11800,0.07139041643,0.8590472508,17260.45577
2019-08-06 00:00:00+00:00,11470,-0.02836460033,1.109763363,16420.57916
2019-08-07 00:00:00+00:00,11971.57,0.04279974106,0.992761638,15480.45524
2019-08-08 00:00:00+00:00,11983.43,0.0009901900204,0.778370177,10144.46211
2019-08-09 00:00:00+00:00,11859.32,-0.01041080588,0.7084593481,7336.914849
2019-08-10 00:00:00+00:00,11273.2,-0.05068582893,0.8421617674,7447.248341
2019-08-11 00:00:00+00:00,11528.73,0.02241395336,0.6059934968,4361.390692
2019-08-12 00:00:00+00:00,11385.11,-0.01253581947,0.5571748681,3417.709357
2019-08-13 00:00:00+00:00,10862.28,-0.04701012408,0.6550272696,9003.178886
2019-08-14 00:00:00+00:00,10022.99,-0.08041478288,0.9043930653,12678.94119
2019-08-15 00:00:00+00:00,10301.44,0.02740223695,1.054868264,15083.17326
2019-08-16 00:00:00+00:00,10354.34,0.005122064202,1.088805112,11080.39966
2019-08-17 00:00:00+00:00,10210.89,-0.01395095767,0.8208129464,3907.528398
2019-08-18 00:00:00+00:00,10318.99,0.01053108923,0.6549683737,3398.419867
2019-08-19 00:00:00+00:00,10927.3,0.05727835809,0.6736915149,8044.021348
2019-08-20 00:00:00+00:00,10772.22,-0.01429364708,0.6286660559,5883.599953
2019-08-21 00:00:00+00:00,10134.75,-0.06100048546,0.8883599481,9812.621711
2019-08-22 00:00:00+00:00,10112.01,-0.002246286276,0.7726135798,6710.306648
2019-08-23 00:00:00+00:00,10401.6,0.02823581414,0.5921359428,5557.291443
2019-08-24 00:00:00+00:00,10149.7,-0.02451549207,0.6612999896,5106.556737
2019-08-25 00:00:00+00:00,10136.75,-0.001276714433,0.7221993291,3953.395281
2019-08-26 00:00:00+00:00,10360.97,0.02187842782,0.7941280577,7166.675341
2019-08-27 00:00:00+00:00,10167.29,-0.01887015725,0.5613301168,4781.335022
2019-08-28 00:00:00+00:00,9711.78,-0.04583612287,0.7551832517,9303.155919
2019-08-29 00:00:00+00:00,9490,-0.02310096905,0.7257154683,7717.106376
2019-08-30 00:00:00+00:00,9579.75,0.009412882987,0.6541598471,5317.3097
2019-08-31 00:00:00+00:00,9594.15,0.001502042121,0.5005930119,1572.155427
2019-09-01 00:00:00+00:00,9767.53,0.01791008162,0.4921940397,1799.367201
2019-09-02 00:00:00+00:00,10384.48,0.0612487645,0.6258173598,6144.798835
2019-09-03 00:00:00+00:00,10617.61,0.02220155955,0.6866680079,11443.5385
2019-09-04 00:00:00+00:00,10586.26,-0.002957009531,0.6568158187,10088.72363
2019-09-05 00:00:00+00:00,10573.66,-0.001190930919,0.5919636049,4555.624634
2019-09-06 00:00:00+00:00,10311.09,-0.02514598792,0.8720872324,10701.50994
2019-09-07 00:00:00+00:00,10484.39,0.01666746927,0.5301636614,3148.508953
2019-09-08 00:00:00+00:00,10400.18,-0.008064370622,0.5405490948,3130.861035
2019-09-09 00:00:00+00:00,10307.45,-0.008956178939,0.6938805417,6059.762744
2019-09-10 00:00:00+00:00,10096,-0.02072762895,0.653067871,4658.921411
2019-09-11 00:00:00+00:00,10154.46,0.005773712044,0.6151447444,4614.348493
2019-09-12 00:00:00+00:00,10420.34,0.02584664751,0.4888352303,4719.046686
2019-09-13 00:00:00+00:00,10368.65,-0.004972834805,0.4907914182,3755.417422
2019-09-14 00:00:00+00:00,10355.37,-0.001281604806,0.4274582643,2656.15453
2019-09-15 00:00:00+00:00,10305.74,-0.004804204175,0.3683957662,2297.722769
2019-09-16 00:00:00+00:00,10269.98,-0.003475945046,0.5321019311,5496.037494
2019-09-17 00:00:00+00:00,10195.73,-0.007256071329,0.4350301439,5078.598656
2019-09-18 00:00:00+00:00,10152.09,-0.004289409569,0.4120981954,3952.006836
2019-09-19 00:00:00+00:00,10271.53,0.01169639483,0.7750154589,7455.911412
2019-09-20 00:00:00+00:00,10169.02,-0.01003014688,0.456994069,4463.382021
2019-09-21 00:00:00+00:00,9985.28,-0.01823383503,0.4775001823,4148.899815
2019-09-22 00:00:00+00:00,10020.58,0.003528969675,0.4988366392,3213.954096
2019-09-23 00:00:00+00:00,9682.19,-0.03435286284,0.6988617157,5447.963132
2019-09-24 00:00:00+00:00,8536.82,-0.1258995423,1.522050883,28154.41356
2019-09-25 00:00:00+00:00,8432.16,-0.01233560616,1.059835321,17435.86789
2019-09-26 00:00:00+00:00,8055.03,-0.04575622593,1.238760298,16662.32021
2019-09-27 00:00:00+00:00,8187.72,0.01633872981,0.8004975434,10165.85294
2019-09-28 00:00:00+00:00,8218.07,0.003699917483,0.6928398435,6315.489539
2019-09-29 00:00:00+00:00,8047.6,-0.02096147798,0.6667656378,5366.570718
2019-09-30 00:00:00+00:00,8298.45,0.03069484004,0.8897858064,9518.992108
2019-10-01 00:00:00+00:00,8319.01,0.002474506993,0.7560061314,10224.59198
2019-10-02 00:00:00+00:00,8373.42,0.006519145828,0.622874243,4952.534115
2019-10-03 00:00:00+00:00,8239.92,-0.01607176806,0.5622188451,8701.120396
2019-10-04 00:00:00+00:00,8152.07,-0.0107187524,0.5154214681,6278.781419
2019-10-05 00:00:00+00:00,8145.17,-0.0008467691968,0.4590410342,4445.104068
2019-10-06 00:00:00+00:00,7854.12,-0.03638687866,0.6820479826,6454.535727
2019-10-07 00:00:00+00:00,8205.53,0.04377008234,0.6391270824,9363.327185
2019-10-08 00:00:00+00:00,8178.54,-0.003294666638,0.5063439919,3577.722873
2019-10-09 00:00:00+00:00,8586.34,0.04865891779,0.6705007074,11634.19485
2019-10-10 00:00:00+00:00,8582.11,-0.0004927643539,0.4562135965,7435.43199
2019-10-11 00:00:00+00:00,8265.55,-0.03758352928,0.6967800404,7824.587188
2019-10-12 00:00:00+00:00,8303.43,0.004572407716,0.3903494285,1828.833124
2019-10-13 00:00:00+00:00,8282.96,-0.002468290013,0.5206117376,4445.283814
2019-10-14 00:00:00+00:00,8362.99,0.009615626219,0.4574639539,4294.607389
2019-10-15 00:00:00+00:00,8155.13,-0.02516884157,0.5500918083,5044.661279
2019-10-16 00:00:00+00:00,7995.89,-0.01971951742,0.4575882878,8644.400116
2019-10-17 00:00:00+00:00,8073.32,0.009637138263,0.4011088014,5395.885992
2019-10-18 00:00:00+00:00,7955.08,-0.01475407962,0.4836015271,5611.093537
2019-10-19 00:00:00+00:00,7960.49,0.0006798374433,0.4692600186,3461.125292
2019-10-20 00:00:00+00:00,8235.74,0.03399266419,0.4863278033,6358.924991
2019-10-21 00:00:00+00:00,8213.65,-0.002685815496,0.4121753892,4919.734168
2019-10-22 00:00:00+00:00,8025.9,-0.02312359219,0.4067439363,5678.934831
2019-10-23 00:00:00+00:00,7470.77,-0.07167573945,0.8403742647,13306.18266
2019-10-24 00:00:00+00:00,7435,-0.004799492903,0.46771639,4997.423093
2019-10-25 00:00:00+00:00,8662.66,0.1528232549,1.171937695,19113.7955
2019-10-26 00:00:00+00:00,9252.75,0.06589896987,2.032324411,38751.80025
2019-10-27 00:00:00+00:00,9557.08,0.03236143644,1.16043966,17783.02516
2019-10-28 00:00:00+00:00,9216.44,-0.03629339521,0.9707774393,14722.0186
2019-10-29 00:00:00+00:00,9426.94,0.02258270183,0.9022508348,9059.611579
2019-10-30 00:00:00+00:00,9159.94,-0.02873191925,0.7427806543,8814.438048
2019-10-31 00:00:00+00:00,9150.07,-0.001078098915,0.7401405826,10113.15941
2019-11-01 00:00:00+00:00,9250.45,0.01091066946,0.6839105727,6640.552385
2019-11-02 00:00:00+00:00,9304.75,0.005852823468,0.5493318939,2701.136963
2019-11-03 00:00:00+00:00,9207,-0.01056095815,0.5267736878,2539.218331
2019-11-04 00:00:00+00:00,9410.76,0.02188965117,0.6225554198,4962.442315
2019-11-05 00:00:00+00:00,9320.14,-0.009676065436,0.6345518032,4979.578992
2019-11-06 00:00:00+00:00,9344.78,0.002640248585,0.4448563008,4670.234657
2019-11-07 00:00:00+00:00,9199.36,-0.01568398221,0.4633867255,3975.976617
2019-11-08 00:00:00+00:00,8767.37,-0.04809704098,0.7544420776,9699.74677
2019-11-09 00:00:00+00:00,8812.21,0.005101384361,0.5293394684,2271.517922
2019-11-10 00:00:00+00:00,9024.49,0.02380373313,0.6992626288,2663.27825
2019-11-11 00:00:00+00:00,8720.36,-0.03428147145,0.6798648075,6392.97506
2019-11-12 00:00:00+00:00,8813.91,0.01067063387,0.6732920047,4721.906107
2019-11-13 00:00:00+00:00,8755.24,-0.006678777071,0.5403715241,3185.820989
2019-11-14 00:00:00+00:00,8636.9,-0.01360865613,0.5716968447,3412.805815
2019-11-15 00:00:00+00:00,8463.49,-0.02028210403,0.7140469622,5213.701414
2019-11-16 00:00:00+00:00,8484.63,0.002494673269,0.4960295135,1180.57339
2019-11-17 00:00:00+00:00,8499.31,0.001728692359,0.5918269458,2074.007701
2019-11-18 00:00:00+00:00,8170.65,-0.03943651866,0.6989416209,4825.655625
2019-11-19 00:00:00+00:00,8121.63,-0.006017592126,0.5954876198,4412.394642
2019-11-20 00:00:00+00:00,8088.44,-0.004094991123,0.5802624544,2996.006192
2019-11-21 00:00:00+00:00,7611.51,-0.0607743065,0.7740009814,9374.99957
2019-11-22 00:00:00+00:00,7285.85,-0.04372746437,1.469662245,20120.14647
2019-11-23 00:00:00+00:00,7320.39,0.004729494296,0.7911512063,5550.472228
2019-11-24 00:00:00+00:00,6908.36,-0.05793133282,0.9513342658,6047.01776
2019-11-25 00:00:00+00:00,7122.14,0.03047596964,1.367711,18716.60131
2019-11-26 00:00:00+00:00,7159.22,0.005192794429,0.9605291159,7643.849568
2019-11-27 00:00:00+00:00,7527.84,0.05020711158,1.076655307,15156.99193
2019-11-28 00:00:00+00:00,7436.72,-0.01217825665,0.7691291648,6925.584897
2019-11-29 00:00:00+00:00,7753.69,0.04173896766,0.8710877072,7658.871602
2019-11-30 00:00:00+00:00,7550.67,-0.02653255804,0.6918363317,5446.273513
2019-12-01 00:00:00+00:00,7412.66,-0.01844695179,0.815419019,5477.972908
2019-12-02 00:00:00+00:00,7309.64,-0.01399532431,0.7655887656,4324.300163
2019-12-03 00:00:00+00:00,7300.43,-0.001260774414,0.6192252944,2552.202298
2019-12-04 00:00:00+00:00,7197.78,-0.01416060538,1.143782571,7737.391535
2019-12-05 00:00:00+00:00,7390.42,0.02641192176,0.8495318681,4641.756789
2019-12-06 00:00:00+00:00,7541.79,0.02027498747,0.7553309943,4167.240163
2019-12-07 00:00:00+00:00,7502.65,-0.005203262907,0.5802569253,2034.573719
2019-12-08 00:00:00+00:00,7524.26,0.002876175461,0.5972762142,1798.770413
2019-12-09 00:00:00+00:00,7340.52,-0.02472278213,0.7017720736,6582.470312
2019-12-10 00:00:00+00:00,7216.07,-0.01709920143,0.6124769392,4090.620929
2019-12-11 00:00:00+00:00,7207.42,-0.001199432459,0.5414142247,3419.938965
2019-12-12 00:00:00+00:00,7188.42,-0.002639652988,0.6429707585,4376.888993
2019-12-13 00:00:00+00:00,7257.47,0.009559885321,0.5221026438,3178.078496
2019-12-14 00:00:00+00:00,7059.03,-0.02772363496,0.6069213732,2012.348906
2019-12-15 00:00:00+00:00,7115.08,0.007908827032,0.6152417389,1848.345728
2019-12-16 00:00:00+00:00,6882.19,-0.03327956008,0.7086345251,5923.055479
2019-12-17 00:00:00+00:00,6612.3,-0.04000536427,0.7608193834,7107.256385
2019-12-18 00:00:00+00:00,7286.91,0.09714803687,1.215567669,12873.63439
2019-12-19 00:00:00+00:00,7149.57,-0.01902737281,0.7780533874,5936.556345
2019-12-20 00:00:00+00:00,7194.11,0.006210420639,0.6130380652,3201.663923
2019-12-21 00:00:00+00:00,7147.4,-0.006513981466,0.4659323913,1689.081995
2019-12-22 00:00:00+00:00,7509.7,0.04944686403,0.6650355386,3796.226081
2019-12-23 00:00:00+00:00,7316.17,-0.02610855124,0.7991976988,6710.76736
2019-12-24 00:00:00+00:00,7251.52,-0.008875864936,0.7334302834,4194.589803
2019-12-25 00:00:00+00:00,7195.79,-0.007714969281,0.6516544733,1504.527513
2019-12-26 00:00:00+00:00,7188.3,-0.001041428506,0.6554161378,3116.747152
2019-12-27 00:00:00+00:00,7246,0.007994888195,0.6200800835,4024.570866
2019-12-28 00:00:00+00:00,7296.24,0.006909554495,0.5999515968,1579.702726
2019-12-29 00:00:00+00:00,7385.54,0.01216488753,0.5323935905,2583.851342
2019-12-30 00:00:00+00:00,7220.24,-0.02263584115,0.4779753535,3722.913349
2019-12-31 00:00:00+00:00,7168.36,-0.007211295724,0.4773379048,2638.691309
2020-01-01 00:00:00+00:00,7178.68,0.001438624522,0.45363076,1119.109693
2020-01-02 00:00:00+00:00,6950.56,-0.03229329028,0.5107701605,3972.707954
2020-01-03 00:00:00+00:00,7338.91,0.05436809837,0.8204601012,8072.729087
2020-01-04 00:00:00+00:00,7344.48,0.0007586804229,0.5360398666,3256.737353
2020-01-05 00:00:00+00:00,7356.7,0.001662451968,0.5478287305,2707.273855
2020-01-06 00:00:00+00:00,7762.74,0.05372390203,0.6403394488,6728.282778
2020-01-07 00:00:00+00:00,8159.01,0.04978747343,0.8109560117,12158.32281
2020-01-08 00:00:00+00:00,8044.44,-0.01414166852,0.958810535,11913.23248
2020-01-09 00:00:00+00:00,7806.78,-0.02998858267,0.7213902258,5957.24424
2020-01-10 00:00:00+00:00,8200,0.04914156737,0.8265819753,8999.988257
2020-01-11 00:00:00+00:00,8016.22,-0.02266716519,0.6536551855,3788.327314
2020-01-12 00:00:00+00:00,8180.76,0.02031806676,0.5274536163,2056.086754
2020-01-13 00:00:00+00:00,8105.01,-0.009302666841,0.4553447,4011.439096
2020-01-14 00:00:00+00:00,8813.04,0.08375005386,0.9351343395,17009.43193
2020-01-15 00:00:00+00:00,8809.17,-0.0004392184706,0.7965984648,8606.883399
2020-01-16 00:00:00+00:00,8710.15,-0.01130421209,0.6305042869,6713.258476
2020-01-17 00:00:00+00:00,8892.63,0.02073383149,0.7474715171,9363.158926
2020-01-18 00:00:00+00:00,8908.53,0.001786400912,0.5860249498,3678.009266
2020-01-19 00:00:00+00:00,8696.6,-0.02407710003,0.9950358753,8785.449927
2020-01-20 00:00:00+00:00,8625.17,-0.008247471811,0.5364914909,4420.198252
2020-01-21 00:00:00+00:00,8717.89,0.0106925633,0.5408232393,3394.68916
2020-01-22 00:00:00+00:00,8655.93,-0.007132600968,0.4524702445,3143.812123
2020-01-23 00:00:00+00:00,8378.44,-0.03258289555,0.6011395106,8611.010788
2020-01-24 00:00:00+00:00,8422.13,0.005201025737,0.5825284074,6430.430233
2020-01-25 00:00:00+00:00,8329.5,-0.01105933502,0.6181068933,2812.789952
2020-01-26 00:00:00+00:00,8590.48,0.030851183,0.6201978501,6340.585776
2020-01-27 00:00:00+00:00,8894.54,0.03478299197,0.7223563313,9619.774743
2020-01-28 00:00:00+00:00,9400,0.05527208394,0.845962353,9565.559355
2020-01-29 00:00:00+00:00,9289.18,-0.0118594073,0.7505500914,6481.915946
2020-01-30 00:00:00+00:00,9500,0.02244151663,0.7417144244,7945.158779
2020-01-31 00:00:00+00:00,9327.85,-0.01828724975,0.6668264249,5009.622307
2020-02-01 00:00:00+00:00,9377.17,0.005273462878,0.6156419108,1669.002462
2020-02-02 00:00:00+00:00,9329.39,-0.00510837951,0.7389283774,3015.791589
2020-02-03 00:00:00+00:00,9288.09,-0.004436697958,0.7613765308,4758.133504
2020-02-04 00:00:00+00:00,9159.37,-0.01395553524,0.6140925892,4867.225459
2020-02-05 00:00:00+00:00,9618.42,0.048902611,0.6316616043,8063.967938
2020-02-06 00:00:00+00:00,9754.63,0.01406203406,0.7420657986,7554.488675
2020-02-07 00:00:00+00:00,9803.42,0.0049892603,0.6332433205,4013.490967
2020-02-08 00:00:00+00:00,9902,0.01000545255,0.5708491811,3268.735547
2020-02-09 00:00:00+00:00,10173.97,0.02709574076,0.538797606,4830.337877
2020-02-10 00:00:00+00:00,9850.01,-0.03236002729,0.7684333277,7560.667891
2020-02-11 00:00:00+00:00,10268.98,0.04165523019,0.6786689127,8127.596363
2020-02-12 00:00:00+00:00,10348.78,0.007740937763,0.6317195322,6553.409427
2020-02-13 00:00:00+00:00,10228.67,-0.01167407663,0.861626951,9347.451284
2020-02-14 00:00:00+00:00,10364.04,0.01314756047,0.5924051291,6190.37749
2020-02-15 00:00:00+00:00,9899.78,-0.04582958753,0.7299003446,5762.306345
2020-02-16 00:00:00+00:00,9912.89,0.001323395778,0.6829608904,4133.47675
2020-02-17 00:00:00+00:00,9697.15,-0.02200390254,0.7815313979,5913.204926
2020-02-18 00:00:00+00:00,10185.17,0.04910071285,0.736254812,6754.353941
2020-02-19 00:00:00+00:00,9595.72,-0.05961557502,1.044936856,9936.820681
2020-02-20 00:00:00+00:00,9612.76,0.001774216853,0.7552697938,6608.491079
2020-02-21 00:00:00+00:00,9696.13,0.008635454247,0.6390148894,4271.470743
2020-02-22 00:00:00+00:00,9668.13,-0.002891927656,0.443589545,2096.563536
2020-02-23 00:00:00+00:00,9965.21,0.03026511803,0.5602235111,3329.224336
2020-02-24 00:00:00+00:00,9652.58,-0.03187479007,0.7610692595,5877.007708
2020-02-25 00:00:00+00:00,9305.4,-0.03663036032,0.7536574306,6280.002955
2020-02-26 00:00:00+00:00,8779.36,-0.05819136476,0.913275066,11564.19794
2020-02-27 00:00:00+00:00,8816.5,0.004221453814,0.849467861,9273.903664
2020-02-28 00:00:00+00:00,8703.84,-0.01286065827,0.9292328403,6546.981228
2020-02-29 00:00:00+00:00,8527.74,-0.02043992844,0.6036571173,2338.067856
2020-03-01 00:00:00+00:00,8528.95,0.000141879814,0.7442216622,4156.571739
2020-03-02 00:00:00+00:00,8917.34,0.04453143687,0.6397483162,6186.860889
2020-03-03 00:00:00+00:00,8755.45,-0.01832133222,0.685630071,4629.972286
2020-03-04 00:00:00+00:00,8753.28,-0.0002478763464,0.5720696637,3353.232522
2020-03-05 00:00:00+00:00,9066.65,0.03517435913,0.5675463815,6448.685673
2020-03-06 00:00:00+00:00,9153.79,0.009565154781,0.478234204,4136.423394
2020-03-07 00:00:00+00:00,8893.93,-0.02879897959,0.5895451165,2805.591571
2020-03-08 00:00:00+00:00,8033.7,-0.1017238276,0.8324659891,9068.890402
2020-03-09 00:00:00+00:00,7936.25,-0.01220432244,1.156759441,12177.39425
2020-03-10 00:00:00+00:00,7885.92,-0.006361980659,0.8731079215,8274.953757
2020-03-11 00:00:00+00:00,7934.57,0.00615027137,0.8315882245,7289.611453
2020-03-12 00:00:00+00:00,4841.67,-0.4939694597,4.032857055,58513.38919
2020-03-13 00:00:00+00:00,5622.74,0.149559387,5.318335515,54419.64134
2020-03-14 00:00:00+00:00,5169.37,-0.08406826535,2.009018543,15370.86815
2020-03-15 00:00:00+00:00,5343.64,0.03315624447,1.949577527,16589.30386
2020-03-16 00:00:00+00:00,5033.42,-0.05980739515,3.121482621,34905.4636
2020-03-17 00:00:00+00:00,5324.99,0.05631116011,1.82884773,17517.84242
2020-03-18 00:00:00+00:00,5406.92,0.015268781,1.649788969,22559.23113
2020-03-19 00:00:00+00:00,6181.18,0.1338295771,1.673505793,24783.73487
2020-03-20 00:00:00+00:00,6210.14,0.00467424822,2.171058473,30082.50248
2020-03-21 00:00:00+00:00,6187.78,-0.003607060578,1.673519406,11796.72657
2020-03-22 00:00:00+00:00,5813.15,-0.06245378678,1.584464797,10813.38457
2020-03-23 00:00:00+00:00,6493.51,0.110680624,1.728851303,19053.80456
2020-03-24 00:00:00+00:00,6768.64,0.04149696391,1.41852895,19719.09402
2020-03-25 00:00:00+00:00,6692.22,-0.01135452282,1.267474871,16675.73512
2020-03-26 00:00:00+00:00,6760.72,0.0101837356,0.9244027159,7393.707234
2020-03-27 00:00:00+00:00,6376.03,-0.05858374664,1.014708805,10816.28557
2020-03-28 00:00:00+00:00,6253.08,-0.01947150426,1.117477159,11613.49398
2020-03-29 00:00:00+00:00,5870.9,-0.0630661983,0.8458948474,9298.939051
2020-03-30 00:00:00+00:00,6407.77,0.08750337242,1.027736533,14974.44416
2020-03-31 00:00:00+00:00,6421.14,0.002084355544,0.7455623228,6342.298327
2020-04-01 00:00:00+00:00,6652.07,0.03533241239,0.9623359677,11319.14794
2020-04-02 00:00:00+00:00,6801.99,0.022287132,1.262814718,17212.82067
2020-04-03 00:00:00+00:00,6742.57,-0.008774058544,1.028007729,10570.1064
2020-04-04 00:00:00+00:00,6879.61,0.02012080641,1.054227765,6018.515632
2020-04-05 00:00:00+00:00,6775.2,-0.01529307767,0.7342531757,3981.976924
2020-04-06 00:00:00+00:00,7352.43,0.0817619842,0.9026285399,13683.03789
2020-04-07 00:00:00+00:00,7202.73,-0.02057075001,0.8748667954,11669.01427
2020-04-08 00:00:00+00:00,7367.36,0.02259931225,0.769913537,8720.2105
2020-04-09 00:00:00+00:00,7293.93,-0.01001693766,0.6919434355,8324.921773
2020-04-10 00:00:00+00:00,6877.03,-0.05885562272,0.8814088973,10727.86686
2020-04-11 00:00:00+00:00,6883.18,0.0008938817663,0.6101466502,3326.674762
2020-04-12 00:00:00+00:00,6908.24,0.003634147547,0.7164437602,7264.51928
2020-04-13 00:00:00+00:00,6864.22,-0.006392489055,1.025528079,10837.57453
2020-04-14 00:00:00+00:00,6879.75,0.002259901122,0.6827991649,7275.686574
2020-04-15 00:00:00+00:00,6619,-0.03863801294,0.6351886708,8109.732343
2020-04-16 00:00:00+00:00,7111.67,0.07179279555,1.129568084,15726.69637
2020-04-17 00:00:00+00:00,7024.19,-0.0123771906,0.615324553,8539.618351
2020-04-18 00:00:00+00:00,7262.26,0.03333116908,0.569878473,5102.50262
2020-04-19 00:00:00+00:00,7126.4,-0.01888487708,0.5677917247,4662.192092
2020-04-20 00:00:00+00:00,6841,-0.0408722783,0.7810809987,11365.00932
2020-04-21 00:00:00+00:00,6854.98,0.002041475653,0.6626577585,5570.95619
2020-04-22 00:00:00+00:00,7137.79,0.0404278092,0.5704419469,6273.406315
2020-04-23 00:00:00+00:00,7484.58,0.04744169944,0.8784256177,14779.54814
2020-04-24 00:00:00+00:00,7505.53,0.002795178106,0.6115778465,7357.106707
2020-04-25 00:00:00+00:00,7547.56,0.005584250041,0.5904111885,3800.82773
2020-04-26 00:00:00+00:00,7701.73,0.02022064673,0.6004661346,5247.540818
2020-04-27 00:00:00+00:00,7786.41,0.01093492747,0.6380348982,6878.022538
2020-04-28 00:00:00+00:00,7767.79,-0.002394209782,0.4564891893,7248.955969
2020-04-29 00:00:00+00:00,8790.32,0.1236654194,1.142629275,26396.09716
2020-04-30 00:00:00+00:00,8627.32,-0.01871720379,1.405515101,24057.73934
2020-05-01 00:00:00+00:00,8832.44,0.02349739488,0.8592596387,11379.68574
2020-05-02 00:00:00+00:00,8983.79,0.01699053514,0.6754579177,5524.267066
2020-05-03 00:00:00+00:00,8915.98,-0.007576669912,0.8398464895,9218.274909
2020-05-04 00:00:00+00:00,8882.87,-0.003720469378,0.7659736041,10018.975
2020-05-05 00:00:00+00:00,9034.85,0.01696461882,0.7667817094,9592.134462
2020-05-06 00:00:00+00:00,9154.32,0.01313657721,0.8185709188,15110.94181
2020-05-07 00:00:00+00:00,10000,0.08835919398,0.9858931857,25012.90031
2020-05-08 00:00:00+00:00,9801.35,-0.0200649617,0.7190212853,19203.48379
2020-05-09 00:00:00+00:00,9546.56,-0.02633925111,0.726462438,11278.63372
2020-05-10 00:00:00+00:00,8731.17,-0.08928149869,2.204899083,31639.42874
2020-05-11 00:00:00+00:00,8571.98,-0.01840063706,1.556165869,34465.18657
2020-05-12 00:00:00+00:00,8825.46,0.02914198168,0.8625037532,14010.26121
2020-05-13 00:00:00+00:00,9315.5,0.05403895337,0.7445984926,12762.85162
2020-05-14 00:00:00+00:00,9793.5,0.05003922083,0.9813335418,19936.18546
2020-05-15 00:00:00+00:00,9306.21,-0.05103698106,1.087547057,17324.1446
2020-05-16 00:00:00+00:00,9389.07,0.008864327527,0.7298532253,6170.096097
2020-05-17 00:00:00+00:00,9665.7,0.02903728954,0.6897472847,9515.79358
2020-05-18 00:00:00+00:00,9721.91,0.005798564908,0.785700631,12362.32764
2020-05-19 00:00:00+00:00,9787.65,0.006739285644,0.7400026424,12149.68535
2020-05-20 00:00:00+00:00,9516.51,-0.02809320192,0.7719074705,12351.42818
2020-05-21 00:00:00+00:00,9062.47,-0.04888647512,0.8565937831,16879.82891
2020-05-22 00:00:00+00:00,9171.96,0.01200929406,0.636216469,7261.284197
2020-05-23 00:00:00+00:00,9183.46,0.001253036052,0.5315642042,3477.278509
2020-05-24 00:00:00+00:00,8718.77,-0.05192586701,0.7239447247,8855.477633
2020-05-25 00:00:00+00:00,8903.56,0.02097302383,0.68238676,8919.92379
2020-05-26 00:00:00+00:00,8840.91,-0.007061384231,0.6230067776,5923.005237
2020-05-27 00:00:00+00:00,9210,0.04090003774,0.5890719895,6867.671019
2020-05-28 00:00:00+00:00,9577.38,0.03911421788,0.5993808229,11523.40889
2020-05-29 00:00:00+00:00,9421.04,-0.01645858226,0.5757133515,7226.7739
2020-05-30 00:00:00+00:00,9705.1,0.02970603464,0.6151511541,6781.841962
2020-05-31 00:00:00+00:00,9446.19,-0.02704003493,0.5449028765,5697.998384
2020-06-01 00:00:00+00:00,10203.64,0.07713303377,0.7401088791,12109.1415
2020-06-02 00:00:00+00:00,9525.73,-0.06874796088,1.076174011,22725.11942
2020-06-03 00:00:00+00:00,9668.99,0.01492729877,0.5330100974,6928.763229
2020-06-04 00:00:00+00:00,9791.92,0.01263369853,0.6197442862,8938.768889
2020-06-05 00:00:00+00:00,9619.99,-0.01771433063,0.5740939087,7157.370957
2020-06-06 00:00:00+00:00,9669.85,0.005169572276,0.481078706,4047.269247
2020-06-07 00:00:00+00:00,9750.04,0.008258590113,0.5490329857,6762.651588
2020-06-08 00:00:00+00:00,9783,0.00337479791,0.4671761615,5379.078016
2020-06-09 00:00:00+00:00,9776.84,-0.0006298620238,0.6339634086,6922.797885
2020-06-10 00:00:00+00:00,9894.32,0.01194453167,0.5360850078,7107.201403
2020-06-11 00:00:00+00:00,9264.26,-0.06579686905,0.8015977059,16389.44455
2020-06-12 00:00:00+00:00,9463.07,0.02123286866,0.4706708309,6934.135335
2020-06-13 00:00:00+00:00,9473.46,0.001097350047,0.379789666,2938.682221
2020-06-14 00:00:00+00:00,9329.99,-0.01526026173,0.3843966737,3477.252359
2020-06-15 00:00:00+00:00,9435.15,0.0112081339,0.6637883003,11765.11353
2020-06-16 00:00:00+00:00,9530.3,0.01003411976,0.5126690859,6864.218224
2020-06-17 00:00:00+00:00,9461.29,-0.007267459305,0.4794474951,5902.36636
2020-06-18 00:00:00+00:00,9374.78,-0.009185632489,0.4723916981,3997.012847
2020-06-19 00:00:00+00:00,9304.32,-0.00754429648,0.4740334873,5305.907719
2020-06-20 00:00:00+00:00,9355.46,0.005481321649,0.4508565541,3071.793848
2020-06-21 00:00:00+00:00,9283.03,-0.007772127957,0.399771489,1435.211896
2020-06-22 00:00:00+00:00,9683.12,0.04219616128,0.4468846501,6615.645409
2020-06-23 00:00:00+00:00,9622.81,-0.006247841589,0.3959173397,4866.114705
2020-06-24 00:00:00+00:00,9286.06,-0.0356219709,0.546207681,10072.57542
2020-06-25 00:00:00+00:00,9239.48,-0.005028743903,0.5484984841,8701.246175
2020-06-26 00:00:00+00:00,9158.26,-0.008829402704,0.5396718343,7912.383755
2020-06-27 00:00:00+00:00,9009.3,-0.01639882716,0.5602858631,4399.676024
2020-06-28 00:00:00+00:00,9118.01,0.01199420137,0.4277079899,3231.857281
2020-06-29 00:00:00+00:00,9188.88,0.007742478819,0.4177403841,4942.72533
2020-06-30 00:00:00+00:00,9132.96,-0.006104209363,0.3581899595,2781.631251
2020-07-01 00:00:00+00:00,9233.38,0.01093533069,0.4036766597,4321.565592
2020-07-02 00:00:00+00:00,9092.92,-0.01532908994,0.4544565914,6866.048974
2020-07-03 00:00:00+00:00,9063.08,-0.003287070596,0.3115297564,3510.003538
2020-07-04 00:00:00+00:00,9138.52,0.00828942862,0.3348259142,2180.372372
2020-07-05 00:00:00+00:00,9076.82,-0.006774535745,0.4251065766,3067.877809
2020-07-06 00:00:00+00:00,9348.22,0.02946203984,0.380944888,5361.352849
2020-07-07 00:00:00+00:00,9257.16,-0.009788644692,0.2990266239,4702.825654
2020-07-08 00:00:00+00:00,9437.16,0.01925778128,0.3838348455,6275.546664
2020-07-09 00:00:00+00:00,9234.9,-0.02166530221,0.3881617798,4575.44854
2020-07-10 00:00:00+00:00,9283.53,0.005252077178,0.3317610004,3910.32679
2020-07-11 00:00:00+00:00,9238.3,-0.004883976357,0.3286981935,1453.165359
2020-07-12 00:00:00+00:00,9306.17,0.007319734997,0.3812842994,2037.15363
2020-07-13 00:00:00+00:00,9233.1,-0.007882767592,0.3458882145,3875.173191
2020-07-14 00:00:00+00:00,9251.59,0.002000575197,0.3907528025,4479.910606
2020-07-15 00:00:00+00:00,9190.07,-0.006671875331,0.2815379119,3810.048411
2020-07-16 00:00:00+00:00,9132.87,-0.006243559801,0.316346997,5541.853894
2020-07-17 00:00:00+00:00,9156.5,0.002584016087,0.2840897096,3593.49713
2020-07-18 00:00:00+00:00,9177.43,0.002283199411,0.2741927453,1358.28532
2020-07-19 00:00:00+00:00,9211.99,0.003758687407,0.2947969152,1585.399169
2020-07-20 00:00:00+00:00,9162.43,-0.00539446907,0.2624475773,3064.807394
2020-07-21 00:00:00+00:00,9391.25,0.02466697735,0.3314883225,5559.47431
2020-07-22 00:00:00+00:00,9539.51,0.01566371676,0.2967406253,5520.762624
2020-07-23 00:00:00+00:00,9617.2,0.008111040563,0.3597627598,10413.94385
2020-07-24 00:00:00+00:00,9547.91,-0.007230879646,0.3048760795,8012.905092
2020-07-25 00:00:00+00:00,9710.98,0.01693492172,0.3528238006,5065.449896
2020-07-26 00:00:00+00:00,9944.65,0.02377751403,0.5494328425,9090.214307
2020-07-27 00:00:00+00:00,11046.19,0.105050854,1.131507805,27736.83221
2020-07-28 00:00:00+00:00,10939.27,-0.009726504965,0.9155043178,17062.3738
2020-07-29 00:00:00+00:00,11111.17,0.01559184148,0.7186615603,12452.86304
2020-07-30 00:00:00+00:00,11112.12,8.549589197e-05,0.5230208287,10456.84805
2020-07-31 00:00:00+00:00,11356.74,0.02177499575,0.5689703215,10417.50746
2020-08-01 00:00:00+00:00,11817.49,0.0397692372,0.6769775841,11195.80752
2020-08-02 00:00:00+00:00,11071.66,-0.06519194717,1.495208522,12656.41103
2020-08-03 00:00:00+00:00,11236.39,0.01476892819,0.5500820463,6984.67078
2020-08-04 00:00:00+00:00,11192.42,-0.003920855037,0.5431759242,5522.110518
2020-08-05 00:00:00+00:00,11755.24,0.04906233516,0.5970689494,7514.791425
2020-08-06 00:00:00+00:00,11770.08,0.001261619563,0.5313379107,9855.994363
2020-08-07 00:00:00+00:00,11600.85,-0.0144823469,0.5641521386,10503.36175
2020-08-08 00:00:00+00:00,11776.9,0.01506161441,0.4492439413,3983.748887
2020-08-09 00:00:00+00:00,11683.03,-0.008002624131,0.426503624,2649.489176
2020-08-10 00:00:00+00:00,11895.12,0.01799087041,0.7463710721,7701.728069
2020-08-11 00:00:00+00:00,11392.64,-0.04316069911,0.7106689913,10470.68807
2020-08-12 00:00:00+00:00,11565.35,0.01504602609,0.5282564585,5668.601805
2020-08-13 00:00:00+00:00,11793.26,0.01951462289,0.6229794625,6839.551215
2020-08-14 00:00:00+00:00,11779.77,-0.001144528427,0.4463909215,5526.796498
2020-08-15 00:00:00+00:00,11852.2,0.006129850943,0.4985626733,3983.17593
2020-08-16 00:00:00+00:00,11914.02,0.005202353544,0.3986691719,2494.170003
2020-08-17 00:00:00+00:00,12298.38,0.03175168848,0.7324613887,9778.328568
2020-08-18 00:00:00+00:00,11958.1,-0.02805867336,0.6532804631,8818.187841
2020-08-19 00:00:00+00:00,11757.55,-0.01691328559,0.599916869,9401.501184
2020-08-20 00:00:00+00:00,11859.37,0.008622684996,0.3766310999,4191.757921
2020-08-21 00:00:00+00:00,11531.74,-0.02801503887,0.4922020818,6391.179727
2020-08-22 00:00:00+00:00,11667.7,0.01172110676,0.404023791,3401.421923
2020-08-23 00:00:00+00:00,11644.65,-0.001977493261,0.3171187366,1632.870918
2020-08-24 00:00:00+00:00,11761.8,0.01001014492,0.3655699293,2887.058083
2020-08-25 00:00:00+00:00,11328.88,-0.03750177443,0.5608912114,7073.693746
2020-08-26 00:00:00+00:00,11469.3,0.01231868296,0.4695759548,4273.080169
2020-08-27 00:00:00+00:00,11330,-0.01221982547,0.5823772225,7796.155697
2020-08-28 00:00:00+00:00,11536.58,0.01806878163,0.4338092844,6046.497464
2020-08-29 00:00:00+00:00,11471.71,-0.005638852074,0.3761390746,2095.936003
2020-08-30 00:00:00+00:00,11708.97,0.02047121013,0.4144233578,2328.657019
2020-08-31 00:00:00+00:00,11655,-0.004619942244,0.4335192585,4534.218102
2020-09-01 00:00:00+00:00,11923.96,0.02281454874,0.5184039711,7960.82238
2020-09-02 00:00:00+00:00,11398.44,-0.0450733173,0.6381305858,13056.07288
2020-09-03 00:00:00+00:00,10160,-0.1150180618,1.172721351,18554.73121
2020-09-04 00:00:00+00:00,10456.32,0.02874813814,0.9667329268,17415.36006
2020-09-05 00:00:00+00:00,10167.19,-0.02804071126,1.175723398,12165.47309
2020-09-06 00:00:00+00:00,10260.17,0.009103539776,0.690320433,5121.251804
2020-09-07 00:00:00+00:00,10377.14,0.0113359011,0.7197641971,8725.09204
2020-09-08 00:00:00+00:00,10123.96,-0.02470041824,0.8430932081,10560.87471
2020-09-09 00:00:00+00:00,10232.8,0.01069335564,0.4995143869,5872.219512
2020-09-10 00:00:00+00:00,10342.59,0.01067207397,0.5434179753,10223.19118
2020-09-11 00:00:00+00:00,10393.04,0.00486603007,0.4067253865,5245.742445
2020-09-12 00:00:00+00:00,10443.33,0.00482714577,0.3375516261,2509.239834
2020-09-13 00:00:00+00:00,10334.78,-0.0104485911,0.4341313149,4325.105565
2020-09-14 00:00:00+00:00,10675.15,0.03240370452,0.4612975254,7325.232456
2020-09-15 00:00:00+00:00,10783.83,0.01012917941,0.507283367,6456.662953
2020-09-16 00:00:00+00:00,10951.54,0.01543229569,0.4968574143,8300.239832
2020-09-17 00:00:00+00:00,10940.47,-0.001011327963,0.4434042631,5525.71741
2020-09-18 00:00:00+00:00,10931.2,-0.0008476719478,0.341148355,4398.924393
2020-09-19 00:00:00+00:00,11077.22,0.01326966158,0.3623698491,2253.351538
2020-09-20 00:00:00+00:00,10923.5,-0.01397431553,0.4002488039,3250.017496
2020-09-21 00:00:00+00:00,10411.29,-0.04802563753,0.5515027763,9948.021251
2020-09-22 00:00:00+00:00,10534.31,0.01174675489,0.4478210929,4800.598552
2020-09-23 00:00:00+00:00,10233.42,-0.0289787142,0.4787198587,5711.360662
2020-09-24 00:00:00+00:00,10744.02,0.04869048578,0.5016870179,6703.918816
2020-09-25 00:00:00+00:00,10689.81,-0.005058369465,0.4119833688,6346.723794
2020-09-26 00:00:00+00:00,10729.09,0.00366779284,0.3502052869,2550.316303
2020-09-27 00:00:00+00:00,10780.66,0.004795043997,0.3600830824,2286.861625
2020-09-28 00:00:00+00:00,10689.48,-0.008493707835,0.4315804563,4991.570627
2020-09-29 00:00:00+00:00,10836.42,0.0136526029,0.3412244065,4029.39173
2020-09-30 00:00:00+00:00,10778.22,-0.005385251908,0.3468754839,4304.622695
2020-10-01 00:00:00+00:00,10622.71,-0.01453326908,0.4747102358,8678.347283
2020-10-02 00:00:00+00:00,10578.54,-0.00416674148,0.4551458611,8333.458524
2020-10-03 00:00:00+00:00,10553.66,-0.002354701498,0.2989803886,1134.797758
2020-10-04 00:00:00+00:00,10669.63,0.01092866886,0.2864470893,1057.775304
2020-10-05 00:00:00+00:00,10795,0.01168167592,0.3124662566,3618.015292
2020-10-06 00:00:00+00:00,10606.33,-0.01763207127,0.3669227308,4800.695136
2020-10-07 00:00:00+00:00,10669.14,0.005904469558,0.2649824649,5560.249136
2020-10-08 00:00:00+00:00,10925.2,0.0237165852,0.3851264338,6969.040851
2020-10-09 00:00:00+00:00,11052,0.01153935961,0.3198509184,5355.339594
2020-10-10 00:00:00+00:00,11301.2,0.02229750771,0.5571514043,3270.37027
2020-10-11 00:00:00+00:00,11372.93,0.006327055485,0.3650735908,2177.650858
2020-10-12 00:00:00+00:00,11535.98,0.01423487658,0.5234452822,7088.227785
2020-10-13 00:00:00+00:00,11427.98,-0.009406112558,0.4004258561,5097.960824
2020-10-14 00:00:00+00:00,11428.84,7.525106296e-05,0.3869313495,3788.250759
2020-10-15 00:00:00+00:00,11511.11,0.007172670622,0.389068667,4864.429556
2020-10-16 00:00:00+00:00,11321.86,-0.01657728573,0.3990209626,4309.224486
2020-10-17 00:00:00+00:00,11365.8,0.003873476149,0.3259001684,1124.420199
2020-10-18 00:00:00+00:00,11519.97,0.01347320472,0.2992171613,1047.168691
2020-10-19 00:00:00+00:00,11764.14,0.02097387024,0.3976522377,5459.933988
2020-10-20 00:00:00+00:00,11921.11,0.01325485677,0.4643730829,5859.837324
2020-10-21 00:00:00+00:00,12802.67,0.07134296482,0.828953727,20093.61486
2020-10-22 00:00:00+00:00,12983.26,0.01400709244,0.6464635563,9277.562186
2020-10-23 00:00:00+00:00,12941.59,-0.003214679035,0.4456214335,4996.39792
2020-10-24 00:00:00+00:00,13122.73,0.01389968481,0.4465259325,2820.823333
2020-10-25 00:00:00+00:00,13039.09,-0.006394072351,0.5247194265,3658.602809
2020-10-26 00:00:00+00:00,13066.73,0.002117536268,0.4901758058,5725.19572
2020-10-27 00:00:00+00:00,13647.9,0.04351635859,0.5468525393,11242.75451
2020-10-28 00:00:00+00:00,13274.73,-0.0277234357,0.6645551985,10670.86462
2020-10-29 00:00:00+00:00,13468.44,0.01448694286,0.5437387846,8894.956945
2020-10-30 00:00:00+00:00,13562.13,0.006932179025,0.6087812304,8981.11986
2020-10-31 00:00:00+00:00,13816.08,0.01855178139,0.6570056531,6337.392928
2020-11-01 00:00:00+00:00,13762,-0.003921960435,0.4701521468,2534.085815
2020-11-02 00:00:00+00:00,13563.72,-0.01451258961,0.5582110962,7065.411109
2020-11-03 00:00:00+00:00,14041.58,0.03462434671,0.5911176764,7225.866356
2020-11-04 00:00:00+00:00,14160.59,0.008439826186,0.7341656228,10926.32681
2020-11-05 00:00:00+00:00,15605.04,0.09713118494,0.8388125782,18422.63186
2020-11-06 00:00:00+00:00,15598.09,-0.0004454681383,0.8652070014,13479.46707
2020-11-07 00:00:00+00:00,14838.97,-0.04989164254,0.904315422,10933.92419
2020-11-08 00:00:00+00:00,15489.15,0.04288295049,0.6243525768,5046.499164
2020-11-09 00:00:00+00:00,15332.04,-0.01019502237,0.8570759918,14466.07954
2020-11-10 00:00:00+00:00,15313.65,-0.001200168912,0.5385349724,8966.481714
2020-11-11 00:00:00+00:00,15707.89,0.02541854636,0.567927458,10013.26427
2020-11-12 00:00:00+00:00,16300,0.03700197392,0.7637386549,16261.47119
2020-11-13 00:00:00+00:00,16335.58,0.002180443191,0.5167195728,7843.224216
2020-11-14 00:00:00+00:00,16086.34,-0.01537508635,0.4972425067,5046.326705
2020-11-15 00:00:00+00:00,15975.49,-0.006914791931,0.4562486532,3225.70533
2020-11-16 00:00:00+00:00,16724.62,0.04582621256,0.5125341798,7511.71484
2020-11-17 00:00:00+00:00,17680.63,0.05558780478,0.716737402,9824.73853
2020-11-18 00:00:00+00:00,17785.95,0.005939129715,1.264378142,15717.92072
2020-11-19 00:00:00+00:00,17825.47,0.00221951364,0.7056622817,10506.69646
2020-11-20 00:00:00+00:00,18687.65,0.04723454446,0.6682994885,10020.01351
2020-11-21 00:00:00+00:00,18725,0.001996651529,0.6575891444,5937.505363
2020-11-22 00:00:00+00:00,18435.2,-0.01559764885,0.737686697,6417.217717
2020-11-23 00:00:00+00:00,18383.35,-0.002816516907,0.8093432384,9412.087222
2020-11-24 00:00:00+00:00,19160.85,0.04142377117,0.815423267,13262.83117
2020-11-25 00:00:00+00:00,18732.43,-0.02261288839,0.8286542089,8962.622255
2020-11-26 00:00:00+00:00,17160.09,-0.08766990763,1.628714939,21424.98656
2020-11-27 00:00:00+00:00,17154.39,-0.0003322212694,1.002478466,8964.832429
2020-11-28 00:00:00+00:00,17741.79,0.03366875618,0.6573624849,4471.522025
2020-11-29 00:00:00+00:00,18192.03,0.02506071238,0.6222420297,3736.159179
2020-11-30 00:00:00+00:00,19700.19,0.07964469428,0.9082902434,10612.67092
2020-12-01 00:00:00+00:00,18771.43,-0.04829224727,1.495092284,11799.58943
2020-12-02 00:00:00+00:00,19226.55,0.02395610323,0.963234211,6749.364019
2020-12-03 00:00:00+00:00,19448.4,0.01147266814,0.6534012287,6196.525072
2020-12-04 00:00:00+00:00,18673.76,-0.04064547458,0.7042909423,6261.696744
2020-12-05 00:00:00+00:00,19162.16,0.02581817117,0.5266259656,2376.723224
2020-12-06 00:00:00+00:00,19380.58,0.01133403272,0.4799835622,2503.454263
2020-12-07 00:00:00+00:00,19173.5,-0.01074241644,0.4567541123,4323.270441
2020-12-08 00:00:00+00:00,18316.43,-0.04573064607,0.6167009468,5979.966233
2020-12-09 00:00:00+00:00,18556.64,0.01302920523,0.7215544985,8906.945247
2020-12-10 00:00:00+00:00,18250.3,-0.01664615824,0.544030581,6784.455491
2020-12-11 00:00:00+00:00,18040.02,-0.01158889497,0.6739862753,6687.922674
2020-12-12 00:00:00+00:00,18815.63,0.04209528413,0.4553393513,3515.327046
2020-12-13 00:00:00+00:00,19162.36,0.01826003083,0.4777098208,4251.96121
2020-12-14 00:00:00+00:00,19274.33,0.005826220558,0.4694751621,3618.376905
2020-12-15 00:00:00+00:00,19434.87,0.008294716525,0.4756293192,6750.772194
2020-12-16 00:00:00+00:00,21365.7,0.09471795711,0.805418558,14974.62184
2020-12-17 00:00:00+00:00,22814.24,0.06559806998,1.386162236,22626.69253
2020-12-18 00:00:00+00:00,23136.14,0.01401099473,0.7578186362,11360.3389
2020-12-19 00:00:00+00:00,23842.99,0.03009435666,0.7514707342,8672.037696
2020-12-20 00:00:00+00:00,23470.85,-0.01573102814,0.7776128017,5095.96264
2020-12-21 00:00:00+00:00,22732.01,-0.03198516231,1.062806088,12675.12802
2020-12-22 00:00:00+00:00,23835.1,0.04738522082,0.8033096933,9367.609483
2020-12-23 00:00:00+00:00,23247.71,-0.0249526516,1.02475026,11541.96937
2020-12-24 00:00:00+00:00,23726.28,0.02037666201,0.7801089938,7185.482055
2020-12-25 00:00:00+00:00,24705.15,0.04042842936,0.7996795167,6469.228973
2020-12-26 00:00:00+00:00,26466.28,0.06885974598,0.814389602,7491.461846
2020-12-27 00:00:00+00:00,26259.6,-0.00783983344,1.424851678,13234.33413
2020-12-28 00:00:00+00:00,27037.91,0.02920831882,0.8927505826,7987.777611
2020-12-29 00:00:00+00:00,27370,0.01220756776,0.7975669625,9577.278292
2020-12-30 00:00:00+00:00,28881.3,0.05374680381,0.9606563858,11741.73338
2020-12-31 00:00:00+00:00,28992.79,0.003852851524,0.9196332493,9477.676618
2021-01-01 00:00:00+00:00,29402.64,0.01403728785,0.6517249819,8781.465555
2021-01-02 00:00:00+00:00,32216.53,0.09139520863,1.261941515,17867.8789
2021-01-03 00:00:00+00:00,33097.83,0.02698804646,1.333364628,14160.58128
2021-01-04 00:00:00+00:00,32005.88,-0.0335480854,1.96814376,22446.94001
2021-01-05 00:00:00+00:00,34039.05,0.06158875905,1.471031763,14806.49651
2021-01-06 00:00:00+00:00,36849.94,0.07934559544,1.37361965,19219.28789
2021-01-07 00:00:00+00:00,39510.49,0.06971221586,1.606472275,23102.26121
2021-01-08 00:00:00+00:00,40667.07,0.02885246778,1.855572034,22183.95174
2021-01-09 00:00:00+00:00,40239.06,-0.01058050837,1.189754951,8535.847313
2021-01-10 00:00:00+00:00,38173.73,-0.05269058297,1.600581618,16218.99741
2021-01-11 00:00:00+00:00,35455.58,-0.07386693732,3.265005475,40786.96425
2021-01-12 00:00:00+00:00,34035.02,-0.04089065086,1.843070797,18267.87445
2021-01-13 00:00:00+00:00,37393.49,0.09410663057,1.572049118,13662.38751
2021-01-14 00:00:00+00:00,39134.35,0.04550397285,1.113497701,10923.50473
2021-01-15 00:00:00+00:00,36756.57,-0.06268361275,1.503404771,13499.11727
2021-01-16 00:00:00+00:00,36000,-0.02079804673,1.216610542,7688.582698
2021-01-17 00:00:00+00:00,35819.25,-0.005033480066,1.176384193,6821.712559
2021-01-18 00:00:00+00:00,36616.95,0.02202578957,1.019764788,6251.214541
2021-01-19 00:00:00+00:00,35917.62,-0.01928326507,0.9677930453,6578.858251
2021-01-20 00:00:00+00:00,35496.91,-0.01178233245,1.1712904,12160.46753
2021-01-21 00:00:00+00:00,30818.18,-0.1413408749,1.717048772,21214.64126
2021-01-22 00:00:00+00:00,32992.06,0.06816215087,1.592108632,17019.58345
2021-01-23 00:00:00+00:00,32117.49,-0.02686618489,1.045390156,5255.745868
2021-01-24 00:00:00+00:00,32288.83,0.005320608419,0.8522969128,4658.709626
2021-01-25 00:00:00+00:00,32261.22,-0.0008554602726,1.08464824,10038.75547
2021-01-26 00:00:00+00:00,32504.53,0.007513574525,1.196498291,11554.91101
2021-01-27 00:00:00+00:00,30424.62,-0.06612731517,1.36111326,22403.70666
2021-01-28 00:00:00+00:00,33484.87,0.09584154595,1.07971945,17879.35698
2021-01-29 00:00:00+00:00,34249.64,0.02258235868,2.301819312,31439.61903
2021-01-30 00:00:00+00:00,34323,0.002139629683,1.251139313,7281.285666
2021-01-31 00:00:00+00:00,33141.38,-0.03503303073,0.945195139,4750.123156
2021-02-01 00:00:00+00:00,33532.74,0.01173962235,1.041007395,8374.05662
2021-02-02 00:00:00+00:00,35522.16,0.05763445208,0.8852262691,7225.86502
2021-02-03 00:00:00+00:00,37691.63,0.0592813268,0.8094167915,8777.332877
2021-02-04 00:00:00+00:00,36996.32,-0.01861960565,1.012658432,11762.80235
2021-02-05 00:00:00+00:00,38320,0.03515350486,0.7860322613,5211.974881
2021-02-06 00:00:00+00:00,39282.1,0.02479699128,0.8826679915,8635.660207
2021-02-07 00:00:00+00:00,38858.39,-0.01084493207,0.938712005,5973.240161
2021-02-08 00:00:00+00:00,46416.45,0.17772991,1.534181144,19053.71344
2021-02-09 00:00:00+00:00,46505.2,0.001910212033,1.25760954,12505.08248
2021-02-10 00:00:00+00:00,44854.63,-0.03613731812,1.100689228,9483.328956
2021-02-11 00:00:00+00:00,47981.48,0.06738828695,1.094112775,9390.816355
2021-02-12 00:00:00+00:00,47395.84,-0.01228064199,0.9967947402,5970.135903
2021-02-13 00:00:00+00:00,47228.48,-0.003537360681,0.7725459988,4271.672151
2021-02-14 00:00:00+00:00,48662.5,0.02991161248,0.7195494142,5201.693926
2021-02-15 00:00:00+00:00,47942.57,-0.01490487669,0.9759055567,6924.334089
2021-02-16 00:00:00+00:00,49166.53,0.0252092712,1.059973602,8376.076088
2021-02-17 00:00:00+00:00,52174.28,0.05937654571,0.831289928,9571.647969
2021-02-18 00:00:00+00:00,51579.54,-0.01146457093,0.6205020143,6330.142919
2021-02-19 00:00:00+00:00,55988.58,0.08202265914,0.8123940554,9229.782504
2021-02-20 00:00:00+00:00,55936.04,-0.0009388462317,0.9245194064,5187.250463
2021-02-21 00:00:00+00:00,57492.91,0.02745274072,0.7093680253,3562.96951
2021-02-22 00:00:00+00:00,54173.65,-0.05946700798,1.789131932,17002.83273
2021-02-23 00:00:00+00:00,48887.93,-0.1026640921,2.606097819,17766.39815
2021-02-24 00:00:00+00:00,49754,0.01756032664,1.379798444,8774.366743
2021-02-25 00:00:00+00:00,47088.58,-0.0550603536,1.259604505,7920.692947
2021-02-26 00:00:00+00:00,46314.83,-0.0165682966,1.703395459,8126.227409
2021-02-27 00:00:00+00:00,46109.98,-0.004432799709,1.060220847,3071.568366
2021-02-28 00:00:00+00:00,45240.96,-0.01902654129,1.312398453,6668.918114
2021-03-01 00:00:00+00:00,49629.33,0.09257911843,0.9569835193,8512.759438
2021-03-02 00:00:00+00:00,48516.35,-0.02268113507,0.9531053883,4945.788807
2021-03-03 00:00:00+00:00,50379.68,0.03768706464,0.8855353174,6151.487152
2021-03-04 00:00:00+00:00,48360.5,-0.04090455436,1.196810219,5641.612136
2021-03-05 00:00:00+00:00,48739.21,0.007800474796,1.029160652,5219.246909
2021-03-06 00:00:00+00:00,48904.63,0.003388235413,0.7033299289,2141.060295
2021-03-07 00:00:00+00:00,50967.3,0.04131217559,0.7296808068,2818.449911
2021-03-08 00:00:00+00:00,52427.8,0.02825273438,0.8156796107,4419.561134
2021-03-09 00:00:00+00:00,54929.02,0.04660482131,0.7150837086,5428.892244
2021-03-10 00:00:00+00:00,55852.29,0.01666872105,0.9135513458,6916.278181
2021-03-11 00:00:00+00:00,57772.09,0.03379525973,0.9033802024,6640.487765
2021-03-12 00:00:00+00:00,57271.04,-0.00871070125,0.8823776984,5232.310571
2021-03-13 00:00:00+00:00,61165.19,0.06578315101,0.8239175667,6187.834002
2021-03-14 00:00:00+00:00,59016.39,-0.03576303491,0.6814187548,3274.122155
2021-03-15 00:00:00+00:00,55644.37,-0.05883429735,1.120225703,7725.21405
2021-03-16 00:00:00+00:00,56908.34,0.02246099874,1.039792512,7733.226695
2021-03-17 00:00:00+00:00,58901.8,0.03442974714,0.8613852618,5840.077026
2021-03-18 00:00:00+00:00,57648.05,-0.02151522912,0.7895233504,5516.463894
2021-03-19 00:00:00+00:00,58072,0.007327198644,0.7679050036,3523.482332
2021-03-20 00:00:00+00:00,58138.39,0.001142582986,0.6320805675,2382.945648
2021-03-21 00:00:00+00:00,57381.79,-0.01309919736,0.7826790102,3628.797809
2021-03-22 00:00:00+00:00,54070.92,-0.05943048738,0.8389496534,6566.966963
2021-03-23 00:00:00+00:00,54361.57,0.005360952167,0.8280506464,4996.463652
2021-03-24 00:00:00+00:00,52287.52,-0.03889975113,1.002135591,6867.564337
2021-03-25 00:00:00+00:00,51326.11,-0.01855812971,1.06393626,6682.617404
2021-03-26 00:00:00+00:00,55081.37,0.0706119569,0.7211732107,4874.251115
2021-03-27 00:00:00+00:00,55839.42,0.01366852512,0.6343947358,2609.96758
2021-03-28 00:00:00+00:00,55790.92,-0.0008689394488,0.5633655382,2073.449191
2021-03-29 00:00:00+00:00,57600.1,0.03191317168,0.6730915279,5360.425663
2021-03-30 00:00:00+00:00,58760.59,0.01994708829,0.5483182573,3392.338619
2021-03-31 00:00:00+00:00,58782.58,0.0003741604086,0.8019445473,4595.252521
2021-04-01 00:00:00+00:00,58728.53,-0.0009199130842,0.5963754236,2786.58091
2021-04-02 00:00:00+00:00,59003.6,0.00467281957,0.5194415086,2564.600021
2021-04-03 00:00:00+00:00,57064.42,-0.03341765389,0.5702337794,1663.268353
2021-04-04 00:00:00+00:00,58212.18,0.01991380609,0.5037399875,1440.63182
2021-04-05 00:00:00+00:00,59125,0.01555923562,0.4994674356,2402.437135
2021-04-06 00:00:00+00:00,58018.3,-0.01889536879,0.54644227,2711.397847
2021-04-07 00:00:00+00:00,55932.83,-0.03660697151,0.7676910829,5454.576616
2021-04-08 00:00:00+00:00,58096.6,0.03795563584,0.5101326053,4586.806859
2021-04-09 00:00:00+00:00,58109.56,0.0002230518598,0.4329756336,2660.648097
2021-04-10 00:00:00+00:00,59766.93,0.02812230374,0.6123505167,3917.950817
2021-04-11 00:00:00+00:00,59979.26,0.003546337842,0.5272463852,1822.72045
2021-04-12 00:00:00+00:00,59831.66,-0.002463883504,0.5358072002,3707.436455
2021-04-13 00:00:00+00:00,63564.48,0.06051987147,0.6278887348,5711.526769
2021-04-14 00:00:00+00:00,62986.09,-0.009140915404,0.8723452837,6002.893543
2021-04-15 00:00:00+00:00,63239.19,0.004010295548,0.5287414948,3433.449345
2021-04-16 00:00:00+00:00,61436.24,-0.02892431486,0.7007373905,5778.816687
2021-04-17 00:00:00+00:00,60032.29,-0.02311730492,0.5861759124,3091.483658
2021-04-18 00:00:00+00:00,56280.6,-0.06453269096,1.907727269,12869.85937
2021-04-19 00:00:00+00:00,55694.55,-0.01046759663,0.8853916966,5791.239062
2021-04-20 00:00:00+00:00,56503.19,0.01441480019,0.9389955854,5863.882839
2021-04-21 00:00:00+00:00,53806.24,-0.04890765116,0.8149208418,4578.257087
2021-04-22 00:00:00+00:00,51683.95,-0.04024215713,1.22251628,7838.956347
2021-04-23 00:00:00+00:00,51176.65,-0.009863915109,1.370652541,11649.31918
2021-04-24 00:00:00+00:00,50118.94,-0.02088439277,0.8681383989,3445.136583
2021-04-25 00:00:00+00:00,49128.43,-0.01996109093,0.8354523195,4167.435708
2021-04-26 00:00:00+00:00,54073.41,0.09590467817,0.9091953776,6046.796828
2021-04-27 00:00:00+00:00,55091.39,0.01865087481,0.6251305026,4111.125216
2021-04-28 00:00:00+00:00,54901.97,-0.00344421131,0.7362425587,4542.50992
2021-04-29 00:00:00+00:00,53593.97,-0.02411266955,0.6897471493,4172.676707
2021-04-30 00:00:00+00:00,57775.27,0.0751242677,0.6334275891,4809.182047
2021-05-01 00:00:00+00:00,57851.91,0.001325640065,0.5363507232,2248.555451
2021-05-02 00:00:00+00:00,56622.66,-0.02147721107,0.5728736765,1887.084272
2021-05-03 00:00:00+00:00,57222.37,0.0105356474,0.658444869,3636.517357
2021-05-04 00:00:00+00:00,53236.84,-0.07219426795,0.995440273,5747.194019
2021-05-05 00:00:00+00:00,57509.93,0.07720699065,0.8374744545,5504.557881
2021-05-06 00:00:00+00:00,56447.39,-0.01864857463,0.7870419721,5144.233171
2021-05-07 00:00:00+00:00,57381.73,0.01641690606,0.7837776462,4234.709544
2021-05-08 00:00:00+00:00,58984.75,0.02755297594,0.686823903,2928.993454
2021-05-09 00:00:00+00:00,58305.24,-0.01158696667,0.7060555397,2589.625619
2021-05-10 00:00:00+00:00,55880.72,-0.04247255019,0.9189701487,6589.42714
2021-05-11 00:00:00+00:00,56763.7,0.01567761786,0.7979327761,4203.169069
2021-05-12 00:00:00+00:00,49386.56,-0.1392187145,1.21178085,6367.354102
2021-05-13 00:00:00+00:00,49694.96,0.006225197109,1.77578162,9096.383633
2021-05-14 00:00:00+00:00,49880.43,0.003725221955,0.8125660907,4011.081904
2021-05-15 00:00:00+00:00,46708.89,-0.06569423088,1.112670801,3613.928378
2021-05-16 00:00:00+00:00,46444.75,-0.005671076469,1.455161958,5750.083264
2021-05-17 00:00:00+00:00,43593.39,-0.06335790076,1.66898663,12262.72268
2021-05-18 00:00:00+00:00,42877.75,-0.01655248999,1.292932334,6275.913872
2021-05-19 00:00:00+00:00,36780.43,-0.1533871331,3.656426764,32468.86397
2021-05-20 00:00:00+00:00,40640.9,0.09980903845,2.301112734,14703.03042
2021-05-21 00:00:00+00:00,37335.16,-0.08483943869,2.494277229,13106.8406
2021-05-22 00:00:00+00:00,37500.54,0.004419822871,1.660174332,5720.005622
2021-05-23 00:00:00+00:00,34706.79,-0.07741998783,2.440004514,9376.292086
2021-05-24 00:00:00+00:00,38839.86,0.1125116938,1.654866252,10213.18325
2021-05-25 00:00:00+00:00,38397.72,-0.01144895605,1.372706915,5765.34726
2021-05-26 00:00:00+00:00,39309.56,0.02346966346,1.10784504,4205.612835
2021-05-27 00:00:00+00:00,38503.47,-0.02071937919,1.060285773,4113.43821
2021-05-28 00:00:00+00:00,35692.46,-0.07580890511,1.400584687,6167.020592
2021-05-29 00:00:00+00:00,34632.08,-0.03015904186,1.413958178,4457.16762
2021-05-30 00:00:00+00:00,35677.72,0.02974598419,0.9755767782,2979.719777
2021-05-31 00:00:00+00:00,37341.41,0.04557649419,0.9933371092,4383.792334
2021-06-01 00:00:00+00:00,36693.3,-0.01750872143,1.018777309,4348.754484
2021-06-02 00:00:00+00:00,37589.36,0.02412685454,0.7638286052,4270.103411
2021-06-03 00:00:00+00:00,39219.88,0.04246272947,0.6898508798,4058.942932
2021-06-04 00:00:00+00:00,36887.32,-0.06131590054,0.984651216,5786.186087
2021-06-05 00:00:00+00:00,35532.14,-0.03743022155,1.008645418,4106.348807
2021-06-06 00:00:00+00:00,35808.85,0.00775743055,0.7060145298,2526.73362
2021-06-07 00:00:00+00:00,33582.62,-0.06418639832,1.009999666,4913.040225
2021-06-08 00:00:00+00:00,33411.69,-0.005102832491,1.161844876,9044.64847
2021-06-09 00:00:00+00:00,37400,0.1127648657,1.21082887,8539.587342
2021-06-10 00:00:00+00:00,36707.54,-0.01868852087,1.081802268,5761.724887
2021-06-11 00:00:00+00:00,37341.11,0.01711268096,0.9008323839,3741.230516
2021-06-12 00:00:00+00:00,35542.76,-0.04935838582,0.9091817032,3727.952353
2021-06-13 00:00:00+00:00,39013.76,0.09317792573,0.847177793,3601.917666
2021-06-14 00:00:00+00:00,40532.79,0.03819687175,0.8491762831,6281.280597
2021-06-15 00:00:00+00:00,40171.47,-0.008954233994,0.8116258845,4078.801974
2021-06-16 00:00:00+00:00,38353.99,-0.04629847805,1.003321581,4008.512964
2021-06-17 00:00:00+00:00,38097.68,-0.006705176232,0.7179545188,3569.252616
2021-06-18 00:00:00+00:00,35840,-0.06108879978,0.8490380514,4240.404867
2021-06-19 00:00:00+00:00,35507.06,-0.009333038159,0.8234803624,3129.334722
2021-06-20 00:00:00+00:00,35589.77,0.002326687064,0.9385675134,3958.11812
2021-06-21 00:00:00+00:00,31634.16,-0.1178206876,1.680681631,8580.06222
2021-06-22 00:00:00+00:00,32545.26,0.02839418655,1.798546133,9778.516945
2021-06-23 00:00:00+00:00,33652.28,0.03344907418,1.255836209,5855.581294
2021-06-24 00:00:00+00:00,34649.32,0.02919729051,0.930943305,4725.827185
2021-06-25 00:00:00+00:00,31597.75,-0.0921921851,1.170427793,5099.263534
2021-06-26 00:00:00+00:00,32269.38,0.02103287746,1.303092435,3300.160058
2021-06-27 00:00:00+00:00,34699.5,0.07260648464,1.055454179,3260.565345
2021-06-28 00:00:00+00:00,34487.11,-0.006139646593,0.8929614987,3369.993717
2021-06-29 00:00:00+00:00,35907.93,0.04037253143,0.8525569323,3179.50784
2021-06-30 00:00:00+00:00,35037.23,-0.02454695203,0.8299951746,3381.045395
2021-07-01 00:00:00+00:00,33564.21,-0.04295088974,0.8368667845,3118.763259
2021-07-02 00:00:00+00:00,33811.56,0.007342435159,0.7539551186,2086.838816
2021-07-03 00:00:00+00:00,34688.3,0.02559969845,0.566246042,1244.496924
2021-07-04 00:00:00+00:00,35289.21,0.01717479719,0.4966076808,1204.003715
2021-07-05 00:00:00+00:00,33704.21,-0.04595449612,0.7183096549,2254.353409
2021-07-06 00:00:00+00:00,34244.09,0.0158912397,0.7762070465,2386.505117
2021-07-07 00:00:00+00:00,33882.47,-0.01061622358,0.5972815066,1540.042448
2021-07-08 00:00:00+00:00,32898.79,-0.02946189252,0.7615184214,2945.854925
2021-07-09 00:00:00+00:00,33826.43,0.02780657061,0.5984078968,1636.57507
2021-07-10 00:00:00+00:00,33517.6,-0.009171775581,0.5112475744,1442.424832
2021-07-11 00:00:00+00:00,34258.53,0.02186491079,0.5108038199,1635.017659
2021-07-12 00:00:00+00:00,33105,-0.03425125642,0.5705488674,1879.537335
2021-07-13 00:00:00+00:00,32728,-0.01145334775,0.538896365,1870.574033
2021-07-14 00:00:00+00:00,32823.55,0.002915264938,0.6937381834,2753.098061
2021-07-15 00:00:00+00:00,31848.65,-0.03015125063,0.7027853051,2470.213036
2021-07-16 00:00:00+00:00,31388.17,-0.0145639246,0.6441016195,1912.468667
2021-07-17 00:00:00+00:00,31529.68,0.004498254108,0.5607454378,1550.072011
2021-07-18 00:00:00+00:00,31776.65,0.007802418902,0.4915275427,1256.546061
2021-07-19 00:00:00+00:00,30829.29,-0.03026653123,0.5567585114,2506.277441
2021-07-20 00:00:00+00:00,29786.58,-0.03440725561,0.7227112371,3413.242065
2021-07-21 00:00:00+00:00,32138.45,0.07599517613,0.8707954099,4842.163997
2021-07-22 00:00:00+00:00,32300.88,0.005041341802,0.6045591793,2392.469481
2021-07-23 00:00:00+00:00,33684.17,0.04193351962,0.5197108585,1976.384218
2021-07-24 00:00:00+00:00,34301.78,0.01816925381,0.5070262756,1440.466279
2021-07-25 00:00:00+00:00,35428.28,0.0323131234,0.5925096325,2063.49425
2021-07-26 00:00:00+00:00,37291.24,0.05124807525,1.68464168,8840.39875
2021-07-27 00:00:00+00:00,39475.41,0.05691949989,0.935103214,5896.667156
2021-07-28 00:00:00+00:00,40036.32,0.01410909572,1.046876148,3943.478004
2021-07-29 00:00:00+00:00,40037.51,2.972256979e-05,0.7221089566,2306.038386
2021-07-30 00:00:00+00:00,42234.89,0.053429892,0.868727891,3651.71579
2021-07-31 00:00:00+00:00,41490.13,-0.01779108908,0.6325082523,1507.868221
2021-08-01 00:00:00+00:00,39839,-0.04060923563,0.7534121634,2042.017068
2021-08-02 00:00:00+00:00,39165.55,-0.01704879813,0.7015300737,2407.96527
2021-08-03 00:00:00+00:00,38177.07,-0.02556246027,0.8169714877,3279.644937
2021-08-04 00:00:00+00:00,39741.12,0.04015134631,0.6276729704,4080.835359
2021-08-05 00:00:00+00:00,40894.67,0.02861331679,0.8923119638,5804.407069
2021-08-06 00:00:00+00:00,42856.59,0.04685968881,0.8833364446,2937.384839
2021-08-07 00:00:00+00:00,44612.94,0.04016452596,0.8503000039,4886.938381
2021-08-08 00:00:00+00:00,43858.42,-0.01705723285,0.8594531123,3647.13063
2021-08-09 00:00:00+00:00,46292.89,0.05402166696,0.9443684397,4961.588281
2021-08-10 00:00:00+00:00,45609.7,-0.01486797239,0.7016593279,2390.088508
2021-08-11 00:00:00+00:00,45539.85,-0.001532646375,0.6156942193,2606.126367
2021-08-12 00:00:00+00:00,44444.45,-0.02434767205,0.6703601651,2463.506284
2021-08-13 00:00:00+00:00,47860.58,0.07405210631,0.6578301073,2934.742031
2021-08-14 00:00:00+00:00,47119.73,-0.01560039181,0.6511263896,1908.951412
2021-08-15 00:00:00+00:00,47028.3,-0.001942261112,0.6428069156,1726.795628
2021-08-16 00:00:00+00:00,45930.51,-0.02361994603,0.7064849099,2410.150995
2021-08-17 00:00:00+00:00,44694.35,-0.02728250671,0.7584406191,3286.273265
2021-08-18 00:00:00+00:00,44721.13,0.0005990014436,0.6889895612,2247.934158
2021-08-19 00:00:00+00:00,46764.3,0.04467399445,0.6824228958,2776.237685
2021-08-20 00:00:00+00:00,49356,0.05393924772,0.579909046,2815.551595
2021-08-21 00:00:00+00:00,48884.34,-0.009602239244,0.571884944,1768.241566
2021-08-22 00:00:00+00:00,49301.86,0.008504708739,0.5121774102,985.765333
2021-08-23 00:00:00+00:00,49561.37,0.005249891108,0.5252695945,2419.868147
2021-08-24 00:00:00+00:00,47731.33,-0.03762370394,0.5874849371,2217.803057
2021-08-25 00:00:00+00:00,49011.75,0.02647206958,0.5813733688,1902.720534
2021-08-26 00:00:00+00:00,46856.29,-0.04497480734,0.6925086242,2091.109826
2021-08-27 00:00:00+00:00,49100.49,0.04678375644,0.6256623674,1943.557256
2021-08-28 00:00:00+00:00,48935.36,-0.003368770836,0.4012016123,692.7058855
2021-08-29 00:00:00+00:00,48808.72,-0.002591258128,0.5311749793,1044.48189
2021-08-30 00:00:00+00:00,47003.44,-0.0376881949,0.5426791337,1676.482551
2021-08-31 00:00:00+00:00,47156.09,0.003242372466,0.5546852775,2239.167703
2021-09-01 00:00:00+00:00,48853.49,0.03536265614,0.577633408,2194.630079
2021-09-02 00:00:00+00:00,49274.79,0.008586772103,0.5439622554,2267.931975
2021-09-03 00:00:00+00:00,50025.04,0.01511108884,0.6483853991,2226.782949
2021-09-04 00:00:00+00:00,49943.16,-0.001638121289,0.4711874685,869.2883929
2021-09-05 00:00:00+00:00,51809.28,0.03668372502,0.4704001124,986.487083
2021-09-06 00:00:00+00:00,52708.2,0.01720175737,0.4389232308,2057.328622
2021-09-07 00:00:00+00:00,46866.82,-0.1174610788,1.751529052,6811.922188
2021-09-08 00:00:00+00:00,46091.94,-0.01667186499,0.8951989457,3309.098344
2021-09-09 00:00:00+00:00,46392.81,0.006506392922,0.7071851797,2595.98697
2021-09-10 00:00:00+00:00,44857.38,-0.03365636687,0.7352606633,2392.571106
2021-09-11 00:00:00+00:00,45176.66,0.007092458328,0.5172492067,906.8062038
2021-09-12 00:00:00+00:00,46035,0.01882139495,0.5234363308,1015.762158
2021-09-13 00:00:00+00:00,44974.34,-0.02330987183,1.051742644,2308.422074
2021-09-14 00:00:00+00:00,47103.18,0.04624840976,0.624834286,1643.956624
2021-09-15 00:00:00+00:00,48150.94,0.02200014571,0.4638658724,1307.248711
2021-09-16 00:00:00+00:00,47760.64,-0.00813879105,0.5494322892,1886.041734
2021-09-17 00:00:00+00:00,47305.18,-0.009582066086,0.5104052334,1558.523176
2021-09-18 00:00:00+00:00,48326.74,0.02136522741,0.4333811544,1452.506231
2021-09-19 00:00:00+00:00,47245.25,-0.02263291087,0.470126887,999.5959909
2021-09-20 00:00:00+00:00,43035.99,-0.09331537742,1.090312645,4240.48542
2021-09-21 00:00:00+00:00,40596.54,-0.05835390107,1.377165225,5961.587903
2021-09-22 00:00:00+00:00,43589.53,0.0711341426,0.8902669886,3040.945141
2021-09-23 00:00:00+00:00,44903.5,0.02969875881,0.6534741425,2317.755784
2021-09-24 00:00:00+00:00,42848.5,-0.04684510412,1.023475611,4348.928284
2021-09-25 00:00:00+00:00,42722.19,-0.002952181214,0.6851606391,879.1967738
2021-09-26 00:00:00+00:00,43204.73,0.01123152261,0.8426469194,1659.784662
2021-09-27 00:00:00+00:00,42189.81,-0.02377125731,0.7138407788,1936.649572
2021-09-28 00:00:00+00:00,41049,-0.02741224762,0.7487814021,2246.85358
2021-09-29 00:00:00+00:00,41542.9,0.01196015317,0.6334836864,1804.778085
2021-09-30 00:00:00+00:00,43834.43,0.05369295341,0.698787786,2614.504209
2021-10-01 00:00:00+00:00,48171.86,0.09435545149,0.8827088133,3446.872265
2021-10-02 00:00:00+00:00,47685.8,-0.01014137349,0.5047068886,1361.844027
2021-10-03 00:00:00+00:00,48235.93,0.01147051939,0.5431478056,1164.602969
2021-10-04 00:00:00+00:00,49242.14,0.02064558193,0.7381080031,2737.780533
2021-10-05 00:00:00+00:00,51501.19,0.04485515323,0.605184964,2206.596443
2021-10-06 00:00:00+00:00,55345.79,0.07199568064,1.031945629,4441.902718
2021-10-07 00:00:00+00:00,53787.6,-0.0285576375,0.6979057573,2349.701215
2021-10-08 00:00:00+00:00,53957.21,0.003148367705,0.6235381318,2217.755137
2021-10-09 00:00:00+00:00,54976.92,0.01872213576,0.4570596121,1061.023243
2021-10-10 00:00:00+00:00,54714.95,-0.004776479753,0.6422526967,1735.421935
2021-10-11 00:00:00+00:00,57485.2,0.04939054232,0.5802762449,1955.785603
2021-10-12 00:00:00+00:00,55995.49,-0.02625637159,0.7535361875,3224.839703
2021-10-13 00:00:00+00:00,57374.55,0.02432967344,0.6726968734,3359.69683
2021-10-14 00:00:00+00:00,57371.58,-5.176645174e-05,0.5935595576,1879.454012
2021-10-15 00:00:00+00:00,61657.35,0.07204338515,0.7896806034,4205.42307
2021-10-16 00:00:00+00:00,60870.26,-0.01284773002,0.531353324,1263.448002
2021-10-17 00:00:00+00:00,61538.97,0.01092591878,0.5886497351,1261.129961
2021-10-18 00:00:00+00:00,62034.65,0.00802246723,0.6849491271,5754.551842
2021-10-19 00:00:00+00:00,64241.61,0.03495803169,0.6623873512,3253.739792
2021-10-20 00:00:00+00:00,65990.31,0.02685678147,0.5593144467,3070.6843
2021-10-21 00:00:00+00:00,62219.44,-0.05884042196,1.054362295,3891.528533
2021-10-22 00:00:00+00:00,60702.68,-0.02467964245,0.6919764845,3159.425285
2021-10-23 00:00:00+00:00,61338.76,0.01042409463,0.5486794573,1056.079658
2021-10-24 00:00:00+00:00,60910.16,-0.007011951616,0.6067364122,1204.847735
2021-10-25 00:00:00+00:00,63101.43,0.03534344006,0.4960339749,1730.146216
2021-10-26 00:00:00+00:00,60328.22,-0.04494344411,0.6080283704,1965.545225
2021-10-27 00:00:00+00:00,58465.9,-0.03135630933,0.7885455777,3479.738096
2021-10-28 00:00:00+00:00,60592.76,0.03573173569,1.190570376,3769.755064
2021-10-29 00:00:00+00:00,62301.59,0.02781153315,0.6261827034,3884.642362
2021-10-30 00:00:00+00:00,61932.3,-0.005945094172,0.4791484443,1542.319175
2021-10-31 00:00:00+00:00,61359.44,-0.009292822415,0.5262384632,1548.129016
2021-11-01 00:00:00+00:00,60922.85,-0.007140720952,0.6217058736,2507.397971
2021-11-02 00:00:00+00:00,63260,0.03764490828,0.5673606643,3336.526818
2021-11-03 00:00:00+00:00,62930.72,-0.00521877912,0.7321148694,2148.470863
2021-11-04 00:00:00+00:00,61457.25,-0.02369262761,0.5260648194,1507.542722
2021-11-05 00:00:00+00:00,61031.91,-0.006944969001,0.4850714232,1569.407922
2021-11-06 00:00:00+00:00,61542.44,0.008330175966,0.4446506033,1268.51182
2021-11-07 00:00:00+00:00,63300,0.02815831103,0.4224758823,1115.668851
2021-11-08 00:00:00+00:00,67559,0.06511596102,0.5440832378,2715.423864
2021-11-09 00:00:00+00:00,66945.72,-0.009119148383,0.5226700127,2136.858361
2021-11-10 00:00:00+00:00,64921.43,-0.03070437227,1.013682024,3419.118693
2021-11-11 00:00:00+00:00,64821.33,-0.001543053653,0.5511664687,1583.2838
2021-11-12 00:00:00+00:00,64158.41,-0.01027953441,0.6444769395,2519.307306
2021-11-13 00:00:00+00:00,64417.52,0.004030464345,0.4099688355,830.1310181
2021-11-14 00:00:00+00:00,65509.87,0.01681517251,0.4588388395,1247.884517
2021-11-15 00:00:00+00:00,63606.09,-0.02949159783,0.484181973,2000.823622
2021-11-16 00:00:00+00:00,60142.31,-0.05599563328,0.9876170807,4632.773317
2021-11-17 00:00:00+00:00,60373.65,0.003839164276,0.8159902554,3716.810559
2021-11-18 00:00:00+00:00,56917.66,-0.05894708943,0.9021510727,6160.709758
2021-11-19 00:00:00+00:00,58128.55,0.02105127527,0.6571205441,3277.025859
2021-11-20 00:00:00+00:00,59768.54,0.02782249826,0.5005134636,1172.15931
2021-11-21 00:00:00+00:00,58678.47,-0.01840655625,0.5060726881,895.6750948
2021-11-22 00:00:00+00:00,56294.11,-0.04148296776,0.8298122987,2943.163373
2021-11-23 00:00:00+00:00,57579.99,0.02258519996,0.7649931999,2732.084801
2021-11-24 00:00:00+00:00,57185.06,-0.006882436054,0.6152056405,1809.454329
2021-11-25 00:00:00+00:00,58990.14,0.03107763584,0.5144829667,1362.174805
2021-11-26 00:00:00+00:00,53789.35,-0.09229481911,0.8983176725,5221.840567
2021-11-27 00:00:00+00:00,54774.66,0.01815218607,0.5695922541,1360.565868
2021-11-28 00:00:00+00:00,57338.55,0.04574549413,0.659354715,1377.554549
2021-11-29 00:00:00+00:00,57845.12,0.00879592161,0.5658837059,2069.734969
2021-11-30 00:00:00+00:00,56974.12,-0.01517196435,0.8658740074,3562.717627
2021-12-01 00:00:00+00:00,57251.59,0.004858285333,0.7033236225,2515.54072
2021-12-02 00:00:00+00:00,56547.96,-0.01236628733,0.6619065042,2758.144698
2021-12-03 00:00:00+00:00,53743.69,-0.05086286287,0.864271061,2964.768185
2021-12-04 00:00:00+00:00,49234.97,-0.08762212139,2.272780678,10025.68967
2021-12-05 00:00:00+00:00,49463.22,0.004625219711,0.8344789149,5156.666137
2021-12-06 00:00:00+00:00,50555,0.02183248946,0.9479217435,4652.117677
2021-12-07 00:00:00+00:00,50627.32,0.001429498994,0.6604700326,1719.317619
2021-12-08 00:00:00+00:00,50543.3,-0.001660956893,0.6848062861,1598.435713
2021-12-09 00:00:00+00:00,47593.12,-0.06014218167,0.7255888116,2585.432708
2021-12-10 00:00:00+00:00,47142.42,-0.009514980341,0.8737573001,2705.170704
2021-12-11 00:00:00+00:00,49400.54,0.04678812267,0.7433632103,1323.03956
2021-12-12 00:00:00+00:00,50124.38,0.01454616116,0.5641825301,1233.788386
2021-12-13 00:00:00+00:00,46725.02,-0.0702277351,0.8690342606,3337.447929
2021-12-14 00:00:00+00:00,48389.96,0.03501257281,0.7192738433,2016.589815
2021-12-15 00:00:00+00:00,48876.84,0.01001131047,0.8592566962,2593.35181
2021-12-16 00:00:00+00:00,47663.42,-0.02513943727,0.5923769606,1456.257258
2021-12-17 00:00:00+00:00,46210.92,-0.03094809359,0.8414436644,2077.280247
2021-12-18 00:00:00+00:00,46881.87,0.01441489976,0.5738747271,827.3937426
2021-12-19 00:00:00+00:00,46704.67,-0.003786873877,0.65148293,1275.499371
2021-12-20 00:00:00+00:00,46915,0.004493294067,0.6811914251,1726.016033
2021-12-21 00:00:00+00:00,48929.86,0.04205039032,0.5554467029,1674.164469
2021-12-22 00:00:00+00:00,48618.99,-0.006373648739,0.4761841283,1306.165742
2021-12-23 00:00:00+00:00,50850,0.04486592717,0.5265333,1715.358027
2021-12-24 00:00:00+00:00,50841.48,-0.0001675656608,0.512955428,1446.088831
2021-12-25 00:00:00+00:00,50442.22,-0.007884034017,0.4044830422,823.0487292
2021-12-26 00:00:00+00:00,50791.21,0.0068947853,0.4753144075,1015.221975
2021-12-27 00:00:00+00:00,50718.11,-0.001440262089,0.412565243,1102.983437
2021-12-28 00:00:00+00:00,47543.3,-0.06464217128,0.6584635905,2215.268634
2021-12-29 00:00:00+00:00,46483.36,-0.02254647566,0.659233143,2089.308158
2021-12-30 00:00:00+00:00,47150.71,0.0142546682,0.5589247256,2162.270443
2021-12-31 00:00:00+00:00,46214.37,-0.0200582786,0.6312474228,1798.552604
2022-01-01 00:00:00+00:00,47777.42,0.03326235427,0.501750862,741.5206031
2022-01-02 00:00:00+00:00,47350.22,-0.008981677079,0.4621960887,702.0947554
2022-01-03 00:00:00+00:00,46439.89,-0.01941267769,0.4934265434,1140.179088
2022-01-04 00:00:00+00:00,45820,-0.01343811115,0.5776039379,1832.612837
2022-01-05 00:00:00+00:00,43435.8,-0.05343669116,0.8953965141,3397.545778
2022-01-06 00:00:00+00:00,43097.6,-0.007816674764,0.6141524622,2450.113094
2022-01-07 00:00:00+00:00,41535.66,-0.03691497573,1.006287557,2984.205861
2022-01-08 00:00:00+00:00,41690.77,0.003727426001,0.6638549304,1581.47362
2022-01-09 00:00:00+00:00,41875.81,0.004428571863,0.5479134122,1532.588234
2022-01-10 00:00:00+00:00,41845.42,-0.0007259807658,0.9234776405,3494.013786
2022-01-11 00:00:00+00:00,42736,0.02105930389,0.6306069469,2442.654151
2022-01-12 00:00:00+00:00,43933.5,0.02763547065,0.5315758107,2502.762101
2022-01-13 00:00:00+00:00,42571.94,-0.03148177622,0.5256351662,1993.883243
2022-01-14 00:00:00+00:00,43102.35,0.01238216918,0.5283432198,1386.832758
2022-01-15 00:00:00+00:00,43102.01,-7.888232103e-06,0.3883547258,707.658523
2022-01-16 00:00:00+00:00,43107.7,0.0001320036921,0.4108696178,621.9530273
2022-01-17 00:00:00+00:00,42255.07,-0.01997728884,0.5039596007,1060.009388
2022-01-18 00:00:00+00:00,42377.4,0.002890854661,0.5560716754,1638.87086
2022-01-19 00:00:00+00:00,41683.21,-0.01651679143,0.5614084865,1664.704053
2022-01-20 00:00:00+00:00,40736.05,-0.02298496004,0.6019767909,2425.152607
2022-01-21 00:00:00+00:00,36495.46,-0.1099255805,1.333083973,6201.046101
2022-01-22 00:00:00+00:00,35091.11,-0.03924004725,1.238764405,4510.372186
2022-01-23 00:00:00+00:00,36293.62,0.03369414621,0.8287374553,2533.703976
2022-01-24 00:00:00+00:00,36724.99,0.01181548152,1.302246299,6335.15428
2022-01-25 00:00:00+00:00,36975.91,0.006809169752,0.8251825401,2793.691079
2022-01-26 00:00:00+00:00,36829.32,-0.003972352441,1.045321817,3663.155571
2022-01-27 00:00:00+00:00,37208.36,0.01023920014,0.8518490606,3103.823011
2022-01-28 00:00:00+00:00,37748.36,0.01440856383,0.7075818425,2420.654107
2022-01-29 00:00:00+00:00,38192.65,0.01170105768,0.5488755231,1296.908923
2022-01-30 00:00:00+00:00,37941.82,-0.006589154887,0.4672100216,708.7948127
2022-01-31 00:00:00+00:00,38491.92,0.0143944153,0.5943485972,2009.130003
2022-02-01 00:00:00+00:00,38733.04,0.006244633433,0.6351942132,2073.938717
2022-02-02 00:00:00+00:00,36923.5,-0.04784477786,0.5835617693,1672.707195
2022-02-03 00:00:00+00:00,37320.11,0.01068411875,0.6085200197,1624.390147
2022-02-04 00:00:00+00:00,41579.57,0.1080766174,0.7852330669,3901.598904
2022-02-05 00:00:00+00:00,41427.72,-0.003658718876,0.5342685125,1892.237974
2022-02-06 00:00:00+00:00,42420.24,0.02367538484,0.5126768935,854.6757144
2022-02-07 00:00:00+00:00,43869.04,0.03358322527,0.6303427394,2601.46944
2022-02-08 00:00:00+00:00,44091.56,0.005059548814,0.7398172841,2591.801464
2022-02-09 00:00:00+00:00,44426.84,0.007575410387,0.5867448582,1625.883525
2022-02-10 00:00:00+00:00,43524.6,-0.02051749581,0.8701208125,2692.623398
2022-02-11 00:00:00+00:00,42406.19,-0.02603195334,0.8484525687,2170.372397
2022-02-12 00:00:00+00:00,42241.11,-0.003900424687,0.5429344375,892.3453304
2022-02-13 00:00:00+00:00,42077.74,-0.003875057699,0.4431350905,515.4557423
2022-02-14 00:00:00+00:00,42540.3,0.01093300217,0.5631770191,1270.886517
2022-02-15 00:00:00+00:00,44582.48,0.0468890948,0.4832754943,1772.923258
2022-02-16 00:00:00+00:00,43901.48,-0.01539292424,0.4747214208,1251.833594
2022-02-17 00:00:00+00:00,40556.11,-0.07926158511,0.7208626655,2437.490361
2022-02-18 00:00:00+00:00,39996.99,-0.0138822461,0.7160227374,2212.71492
2022-02-19 00:00:00+00:00,40109.02,0.002797045391,0.4220588339,695.654296
2022-02-20 00:00:00+00:00,38373.9,-0.04422370567,0.5737238451,1283.511547
2022-02-21 00:00:00+00:00,37076.6,-0.03439149814,1.052184213,3501.420364
2022-02-22 00:00:00+00:00,38269.94,0.03167868877,0.8470414816,2388.759035
2022-02-23 00:00:00+00:00,37274.18,-0.02636386988,0.6550699124,1778.275258
2022-02-24 00:00:00+00:00,38376.88,0.02915433319,1.415017842,6302.850957
2022-02-25 00:00:00+00:00,39231.64,0.02202836915,0.8225216092,2202.851827
2022-02-26 00:00:00+00:00,39146.66,-0.002168458191,0.6149954,912.7240869
2022-02-27 00:00:00+00:00,37712.68,-0.03731872847,0.7815562866,1701.817043
2022-02-28 00:00:00+00:00,43178.98,0.1353574253,1.060623322,3160.61807
2022-03-01 00:00:00+00:00,44443.96,0.02887526695,0.768466195,2831.297222
2022-03-02 00:00:00+00:00,43936.72,-0.01147865279,0.7972236181,2043.556839
2022-03-03 00:00:00+00:00,42476.26,-0.0338050853,0.6497945409,2253.43077
2022-03-04 00:00:00+00:00,39175.56,-0.08089224866,0.8195540242,2493.65743
2022-03-05 00:00:00+00:00,39416.79,0.006138784692,0.4746343617,806.9114287
2022-03-06 00:00:00+00:00,38438.89,-0.02512216015,0.6599597884,1194.373734
2022-03-07 00:00:00+00:00,38016.47,-0.01105022064,0.8317601471,1949.69692
2022-03-08 00:00:00+00:00,38753.65,0.01920545803,0.8507842368,1864.904614
2022-03-09 00:00:00+00:00,41960.02,0.07949231526,0.7385931307,1980.293625
2022-03-10 00:00:00+00:00,39444.45,-0.06182390719,0.8868058583,2506.234827
2022-03-11 00:00:00+00:00,38729.79,-0.01828428163,0.7631633291,2063.223352
2022-03-12 00:00:00+00:00,38822.02,0.002378540062,0.3927428039,962.8556659
2022-03-13 00:00:00+00:00,37790.54,-0.02692880467,0.5191759152,737.8801322
2022-03-14 00:00:00+00:00,39665.71,0.04842827975,0.664915836,1439.767682
2022-03-15 00:00:00+00:00,39302.7,-0.0091938677,0.5972076272,1638.68403
2022-03-16 00:00:00+00:00,41142.76,0.04575475116,1.14847348,5987.103889
2022-03-17 00:00:00+00:00,40963.22,-0.004373379044,0.5296634312,1657.761653
2022-03-18 00:00:00+00:00,41794.37,0.02008705054,0.5391532525,2125.123182
2022-03-19 00:00:00+00:00,42235.31,0.01049495957,0.4115273714,976.888851
2022-03-20 00:00:00+00:00,41242.14,-0.02379605187,0.4383841417,1061.353074
2022-03-21 00:00:00+00:00,41043.14,-0.004836840513,0.519601751,1779.498066
2022-03-22 00:00:00+00:00,42393.41,0.03236921697,0.6723603579,2375.424654
2022-03-23 00:00:00+00:00,42925.41,0.01247103265,0.4984115211,1906.723546
2022-03-24 00:00:00+00:00,44025.99,0.02531618307,0.528278884,2173.304975
2022-03-25 00:00:00+00:00,44320.6,0.006669438901,0.4779335467,1725.07157
2022-03-26 00:00:00+00:00,44535.65,0.004840411786,0.3124478509,494.7242021
2022-03-27 00:00:00+00:00,46864.39,0.05096811996,0.5435101538,1548.888905
2022-03-28 00:00:00+00:00,47152.38,0.006126373002,0.5104479551,2691.937848
2022-03-29 00:00:00+00:00,47459.03,0.006482327529,0.4626901566,1716.323923
2022-03-30 00:00:00+00:00,47068.08,-0.008271748266,0.4768463041,1627.543218
2022-03-31 00:00:00+00:00,45517.27,-0.03350324989,0.5115973273,1372.965107
2022-04-01 00:00:00+00:00,46307.81,0.01721881499,0.5681391155,1953.219529
2022-04-02 00:00:00+00:00,45820.28,-0.0105838415,0.5574543628,724.3087501
2022-04-03 00:00:00+00:00,46401.57,0.01260650699,0.4985203929,1063.628732
2022-04-04 00:00:00+00:00,46598.2,0.004228618909,0.5408857112,1496.641541
2022-04-05 00:00:00+00:00,45502.73,-0.02378958962,0.4847719329,1127.690437
2022-04-06 00:00:00+00:00,43191.59,-0.05212652378,0.698692978,3073.556897
2022-04-07 00:00:00+00:00,43454.53,0.006069303672,0.5509940486,1381.677378
2022-04-08 00:00:00+00:00,42290.11,-0.02716185148,0.5879722639,1453.744661
2022-04-09 00:00:00+00:00,42767.89,0.01123433481,0.3311678637,525.173544
2022-04-10 00:00:00+00:00,42133.85,-0.01493613175,0.4307772085,862.6131047
2022-04-11 00:00:00+00:00,39524.86,-0.0639216146,0.7198351161,2288.479212
2022-04-12 00:00:00+00:00,40097.46,0.01438314963,0.6390564578,2111.920574
2022-04-13 00:00:00+00:00,41147.74,0.02585601393,0.558849035,1563.484487
2022-04-14 00:00:00+00:00,39961.53,-0.02925176326,0.4902720882,1169.493818
2022-04-15 00:00:00+00:00,40563.18,0.01494351724,0.4250425829,752.399438
2022-04-16 00:00:00+00:00,40395.67,-0.004138157571,0.3128962471,365.7262478
2022-04-17 00:00:00+00:00,39691.27,-0.01759133674,0.3628459604,485.0037186
2022-04-18 00:00:00+00:00,40814.6,0.02790859627,0.6869669114,2421.081856
2022-04-19 00:00:00+00:00,41505.77,0.01679259318,0.4274349055,1457.110812
2022-04-20 00:00:00+00:00,41375.85,-0.003135076424,0.4434129197,1359.541313
2022-04-21 00:00:00+00:00,40470.76,-0.02211763924,0.5924561849,2163.314054
2022-04-22 00:00:00+00:00,39726.03,-0.01857309771,0.5714430199,2136.999771
2022-04-23 00:00:00+00:00,39421.59,-0.007693004577,0.3371263667,398.2444878
2022-04-24 00:00:00+00:00,39467.4,0.001161378924,0.4968637044,663.7041724
2022-04-25 00:00:00+00:00,40441.11,0.02437182716,0.7204830405,2220.044028
2022-04-26 00:00:00+00:00,38137.67,-0.05864433426,0.6718109874,2909.72252
2022-04-27 00:00:00+00:00,39256.05,0.02890306489,0.6499151181,1769.009307
2022-04-28 00:00:00+00:00,39754.2,0.01260992342,0.6810763166,1842.005084
2022-04-29 00:00:00+00:00,38593.42,-0.02963370028,0.5604172413,1600.899167
2022-04-30 00:00:00+00:00,37639.8,-0.02501979441,0.4024898879,728.2796199
2022-05-01 00:00:00+00:00,38488.34,0.02229333707,0.5040794117,1248.04269
2022-05-02 00:00:00+00:00,38521.01,0.0008484684512,0.5929055017,1434.100799
2022-05-03 00:00:00+00:00,37729.95,-0.02074959796,0.4270528453,1157.922077
2022-05-04 00:00:00+00:00,39685.23,0.0505248694,0.5386937077,2297.272134
2022-05-05 00:00:00+00:00,36533.93,-0.08273766034,0.746131152,3736.730129
2022-05-06 00:00:00+00:00,36019.22,-0.01418873295,0.7474570402,2594.533331
2022-05-07 00:00:00+00:00,35463.46,-0.01554981426,0.471203944,1224.396993
2022-05-08 00:00:00+00:00,34025.5,-0.04139262711,0.7034991211,2670.399816
2022-05-09 00:00:00+00:00,30082,-0.1231832573,1.291862258,7631.121662
2022-05-10 00:00:00+00:00,30999.97,0.03005925051,1.286705755,7402.302313
2022-05-11 00:00:00+00:00,29000,-0.06669040676,2.036013698,11180.84884
2022-05-12 00:00:00+00:00,28896.19,-0.003586077469,2.067127439,16578.8106
2022-05-13 00:00:00+00:00,29238.81,0.01178718386,1.100010085,6010.273639
2022-05-14 00:00:00+00:00,30033.96,0.02683180505,0.7485920961,2910.992163
2022-05-15 00:00:00+00:00,31295.03,0.04113055756,0.7316242475,2085.066301
2022-05-16 00:00:00+00:00,29832.45,-0.04786257176,0.8586994156,3112.79429
2022-05-17 00:00:00+00:00,30425.36,0.01967974394,0.6752498627,2143.925663
2022-05-18 00:00:00+00:00,28681.26,-0.05903252336,0.7225374682,2318.15545
2022-05-19 00:00:00+00:00,30290.33,0.05458457184,0.7362435608,2516.774845
2022-05-20 00:00:00+00:00,29176.7,-0.03745807412,0.6477926592,2337.17319
2022-05-21 00:00:00+00:00,29421.05,0.008339959002,0.4011468192,490.4273845
2022-05-22 00:00:00+00:00,30264.66,0.02827029064,0.5079584991,1318.89418
2022-05-23 00:00:00+00:00,29081.76,-0.03986952165,0.6213837611,2158.650472
2022-05-24 00:00:00+00:00,29632.15,0.01874874702,0.5532903007,1490.236132
2022-05-25 00:00:00+00:00,29510.15,-0.004125648581,0.5864795774,1563.30877
2022-05-26 00:00:00+00:00,29183.06,-0.01114586802,0.7630156135,2835.005224
2022-05-27 00:00:00+00:00,28589.48,-0.02054958595,0.7090594857,2109.941982
2022-05-28 00:00:00+00:00,29010.82,0.01463004586,0.3888361009,721.5469467
2022-05-29 00:00:00+00:00,29448.94,0.01498905239,0.347641183,909.1918002
2022-05-30 00:00:00+00:00,31731.22,0.07464313803,0.6898392947,3257.548736
2022-05-31 00:00:00+00:00,31762.76,0.0009934800935,0.5431611326,1621.622499
2022-06-01 00:00:00+00:00,29787.4,-0.06420904906,0.6535284436,2629.801847
2022-06-02 00:00:00+00:00,30437.18,0.02157940213,0.6193789823,1226.290743
2022-06-03 00:00:00+00:00,29669.39,-0.02554901284,0.5251135032,1151.145147
2022-06-04 00:00:00+00:00,29853.51,0.006186546262,0.360564708,472.4038605
2022-06-05 00:00:00+00:00,29888.98,0.001187429723,0.3683788506,563.0629405
2022-06-06 00:00:00+00:00,31351.21,0.04776301224,0.5630210379,2494.104247
2022-06-07 00:00:00+00:00,31115.82,-0.007536491303,0.897489497,3672.304934
2022-06-08 00:00:00+00:00,30185.58,-0.03035204462,0.7189172626,1909.672403
2022-06-09 00:00:00+00:00,30089.03,-0.003203673407,0.4769924389,953.9292645
2022-06-10 00:00:00+00:00,29065.66,-0.03460324488,0.7086448177,2545.341269
2022-06-11 00:00:00+00:00,28390.94,-0.02348732843,0.6140349993,1587.195247
2022-06-12 00:00:00+00:00,26585.1,-0.06571917172,0.862461426,2588.833474
2022-06-13 00:00:00+00:00,22450.43,-0.1690411408,1.791092181,12621.88319
2022-06-14 00:00:00+00:00,22097.3,-0.01585433857,1.73782538,8576.80051
2022-06-15 00:00:00+00:00,22555.27,0.02051331241,1.802628435,13481.53959
2022-06-16 00:00:00+00:00,20382.88,-0.1012734087,1.125523258,4889.124304
2022-06-17 00:00:00+00:00,20440.7,0.002832678499,0.9559842338,3615.097318
2022-06-18 00:00:00+00:00,18956.8,-0.07536530511,1.565018912,7958.385322
2022-06-19 00:00:00+00:00,20552.82,0.08083545159,1.440716397,5100.883118
2022-06-20 00:00:00+00:00,20555.44,0.0001274682997,1.167577919,5112.850525
2022-06-21 00:00:00+00:00,20712.29,0.007601617792,0.9162440424,3543.16812
2022-06-22 00:00:00+00:00,19963.68,-0.03681262127,0.9873841389,4210.495383
2022-06-23 00:00:00+00:00,21093.42,0.05504652088,0.8271528854,2677.899028
2022-06-24 00:00:00+00:00,21215.42,0.005767132266,0.7435609289,2444.772171
2022-06-25 00:00:00+00:00,21486.8,0.01271051733,0.5757272579,1196.384662
2022-06-26 00:00:00+00:00,21028.69,-0.02155109729,0.5643659531,1437.607095
2022-06-27 00:00:00+00:00,20699.72,-0.0157675222,0.6391532067,1648.588032
2022-06-28 00:00:00+00:00,20261.34,-0.0214055368,0.6120011747,2048.684519
2022-06-29 00:00:00+00:00,20093.18,-0.008334182805,0.6608231234,1605.323562
2022-06-30 00:00:00+00:00,19924.89,-0.008410750048,0.8241829702,4907.84854
2022-07-01 00:00:00+00:00,19239.47,-0.03500580588,0.9902495735,4424.088559
2022-07-02 00:00:00+00:00,19228.25,-0.0005833462611,0.5408115727,1478.974118
2022-07-03 00:00:00+00:00,19294.46,0.003437456253,0.6222291656,1438.936494
2022-07-04 00:00:00+00:00,20209.53,0.04633626726,0.6391898362,2016.082007
2022-07-05 00:00:00+00:00,20168.63,-0.002025848329,0.7336331467,2882.226472
2022-07-06 00:00:00+00:00,20547.45,0.01860841865,0.7826891726,2093.381932
2022-07-07 00:00:00+00:00,21643.56,0.05197110496,0.6196725229,3422.571595
2022-07-08 00:00:00+00:00,21584.14,-0.002749164884,0.8803611639,3352.947538
2022-07-09 00:00:00+00:00,21588.35,0.0001950316052,0.5718101907,865.3870158
2022-07-10 00:00:00+00:00,20856.08,-0.03450830489,0.5984407315,1398.918063
2022-07-11 00:00:00+00:00,19949.71,-0.04443090556,0.6229217426,1381.038473
2022-07-12 00:00:00+00:00,19321.14,-0.03201477363,0.6408170938,1738.030824
2022-07-13 00:00:00+00:00,20232.35,0.04608297529,1.036648722,3196.864138
2022-07-14 00:00:00+00:00,20577.23,0.01690231611,0.7375341208,2574.758853
2022-07-15 00:00:00+00:00,20835.39,0.01246785855,0.6696728983,1581.830129
2022-07-16 00:00:00+00:00,21195.49,0.01713544,0.6161658303,1740.639268
2022-07-17 00:00:00+00:00,20801.85,-0.01874649814,0.5749561473,1497.203541
2022-07-18 00:00:00+00:00,22435.04,0.07558209729,0.8844801778,4288.356874
2022-07-19 00:00:00+00:00,23405.02,0.04232650692,1.147381091,4682.352971
2022-07-20 00:00:00+00:00,23208.53,-0.008430645759,0.9954013523,4052.684592
2022-07-21 00:00:00+00:00,23163.34,-0.001949027042,0.8364090559,2267.474088
2022-07-22 00:00:00+00:00,22682.26,-0.02098773531,0.7079639974,2025.583858
2022-07-23 00:00:00+00:00,22468.69,-0.009460336619,0.6167488704,1010.857836
2022-07-24 00:00:00+00:00,22595.81,0.005641706318,0.5991351565,681.1967368
2022-07-25 00:00:00+00:00,21306.56,-0.05874948434,0.7181984331,2128.780168
2022-07-26 00:00:00+00:00,21259.78,-0.002197981731,0.674305466,1965.577984
2022-07-27 00:00:00+00:00,22969.04,0.07733019739,0.7720782269,2976.188829
2022-07-28 00:00:00+00:00,23853.11,0.03776738497,0.8551874036,3463.790183
2022-07-29 00:00:00+00:00,23785.31,-0.002846443932,0.7689205475,2536.491668
2022-07-30 00:00:00+00:00,23644.58,-0.005934250026,0.66677004,1739.574946
2022-07-31 00:00:00+00:00,23322.53,-0.01371406703,0.6371065411,1624.151725
2022-08-01 00:00:00+00:00,23282.92,-0.001699801613,0.5677674817,1310.171805
2022-08-02 00:00:00+00:00,23001.52,-0.01215974385,0.6845523701,1441.506419
2022-08-03 00:00:00+00:00,22835.88,-0.007227317475,0.5533369137,1306.295023
2022-08-04 00:00:00+00:00,22615.24,-0.009708967929,0.5628200881,1537.966295
2022-08-05 00:00:00+00:00,23326.4,0.03096175107,0.5768947392,2070.359898
2022-08-06 00:00:00+00:00,22956.61,-0.0159798539,0.3701802081,672.1452969
2022-08-07 00:00:00+00:00,23187.62,0.01001260309,0.3540012124,691.3833738
2022-08-08 00:00:00+00:00,23821.68,0.02697757485,0.4912709794,1845.040918
2022-08-09 00:00:00+00:00,23164.78,-0.02796306867,0.4606810363,1206.111691
2022-08-10 00:00:00+00:00,23964,0.03391968248,0.7002487072,2251.388441
2022-08-11 00:00:00+00:00,23959,-0.0002086680725,0.6484395506,1964.20432
2022-08-12 00:00:00+00:00,24407,0.01852594025,0.4841487131,1258.792716
2022-08-13 00:00:00+00:00,24456,0.002005608187,0.4578570109,891.4216972
2022-08-14 00:00:00+00:00,24320,-0.005576527491,0.4682858038,1360.869754
2022-08-15 00:00:00+00:00,24110,-0.008672364905,0.625293381,1764.960549
2022-08-16 00:00:00+00:00,23867,-0.01012994051,0.4767050823,761.7864025
2022-08-17 00:00:00+00:00,23340,-0.02232812482,0.5986096568,1814.516302
2022-08-18 00:00:00+00:00,23201,-0.005973245667,0.3760084175,888.9358017
2022-08-19 00:00:00+00:00,20841,-0.1072731808,1.083979221,3558.420975
2022-08-20 00:00:00+00:00,21146,0.01452856193,0.5405159883,1475.277663
2022-08-21 00:00:00+00:00,21514,0.0172531237,0.5156761529,1070.762559
2022-08-22 00:00:00+00:00,21411,-0.004799077353,0.5731568062,1428.989681
2022-08-23 00:00:00+00:00,21520,0.005077926637,0.5552562197,1237.155475
2022-08-24 00:00:00+00:00,21372,-0.006901081198,0.4935813059,1825.655858
2022-08-25 00:00:00+00:00,21571,0.009268165917,0.3960518428,1134.963662
2022-08-26 00:00:00+00:00,20250,-0.06319502646,0.7711370638,3482.091378
2022-08-27 00:00:00+00:00,20045,-0.01017504746,0.4935055792,1322.837659
2022-08-28 00:00:00+00:00,19557,-0.02464646748,0.4365238112,883.3577112
2022-08-29 00:00:00+00:00,20302,0.03738612475,0.4906242804,1226.533905
2022-08-30 00:00:00+00:00,19819,-0.02407832982,0.5543714096,2061.628167
2022-08-31 00:00:00+00:00,20059,0.0120368573,0.5867970016,2271.165558
2022-09-01 00:00:00+00:00,20128,0.003433949675,0.5843613203,1841.618902
2022-09-02 00:00:00+00:00,19959,-0.00843171109,0.5124209507,1704.549709
2022-09-03 00:00:00+00:00,19840,-0.005980067571,0.3298433651,454.4522163
2022-09-04 00:00:00+00:00,20007,0.008382110462,0.3478955188,468.4646082
2022-09-05 00:00:00+00:00,19794,-0.01070335084,0.3442144462,975.9635285
2022-09-06 00:00:00+00:00,18789,-0.05210726926,0.665349621,3216.973546
2022-09-07 00:00:00+00:00,19276,0.02558920657,0.5002088977,1946.274023
2022-09-08 00:00:00+00:00,19322,0.002383544317,0.4990705128,1759.192951
2022-09-09 00:00:00+00:00,21371,0.1007905197,0.7198263451,4009.323732
2022-09-10 00:00:00+00:00,21672,0.01398624197,0.4995427255,1355.392967
2022-09-11 00:00:00+00:00,21835,0.007493082155,0.4558403084,844.394591
2022-09-12 00:00:00+00:00,22401,0.02559141378,0.6480602409,2496.986997
2022-09-13 00:00:00+00:00,20177,-0.1045622589,0.9811355862,3927.080031
2022-09-14 00:00:00+00:00,20233,0.002771592965,0.6159516502,2793.906305
2022-09-15 00:00:00+00:00,19691,-0.02715325623,0.665267068,2531.571163
2022-09-16 00:00:00+00:00,19802,0.005621264137,0.5181500498,2514.426846
2022-09-17 00:00:00+00:00,20114,0.01563314732,0.3736956465,947.2778271
2022-09-18 00:00:00+00:00,19419,-0.03516412179,0.4858346222,1609.639654
2022-09-19 00:00:00+00:00,19538,0.006109318999,0.8376983639,3418.21694
2022-09-20 00:00:00+00:00,18878,-0.03436406433,0.6794956136,2544.252889
2022-09-21 00:00:00+00:00,18466,-0.02206601955,1.377914565,5332.937768
2022-09-22 00:00:00+00:00,19403,0.04949648994,0.6743688084,2607.04176
2022-09-23 00:00:00+00:00,19294,-0.005633526541,0.6616043816,2593.18338
2022-09-24 00:00:00+00:00,18921,-0.0195217504,0.4387972161,922.0239414
2022-09-25 00:00:00+00:00,18810,-0.005883773037,0.4222546269,979.4430638
2022-09-26 00:00:00+00:00,19226,0.02187488633,0.5608742042,3167.387998
2022-09-27 00:00:00+00:00,19075,-0.007884952473,0.7606714648,4423.716939
2022-09-28 00:00:00+00:00,19413,0.01756436757,0.7723675649,3817.64022
2022-09-29 00:00:00+00:00,19592,0.009178374907,0.6799813518,1812.62119
2022-09-30 00:00:00+00:00,19425,-0.008560423396,0.7589478035,2413.784323
2022-10-01 00:00:00+00:00,19312,-0.005834231899,0.2974974343,378.6069873
2022-10-02 00:00:00+00:00,19051,-0.01360707072,0.3732123436,518.0338052
2022-10-03 00:00:00+00:00,19636,0.03024502256,0.4771093043,1109.131767
2022-10-04 00:00:00+00:00,20343,0.03537225617,0.4970340027,2455.542892
2022-10-05 00:00:00+00:00,20162,-0.008937227738,0.4614322617,1789.848922
2022-10-06 00:00:00+00:00,19951,-0.01052037724,0.5095555167,1438.889525
2022-10-07 00:00:00+00:00,19532,-0.02122512119,0.4374850464,1290.580164
2022-10-08 00:00:00+00:00,19420,-0.005750683336,0.222837661,517.3187632
2022-10-09 00:00:00+00:00,19445,0.001286504745,0.2436703903,707.2745161
2022-10-10 00:00:00+00:00,19131,-0.01627991161,0.3648830423,1052.983018
2022-10-11 00:00:00+00:00,19059,-0.003770625049,0.3793835547,1332.932453
2022-10-12 00:00:00+00:00,19157,0.00512875313,0.3078081416,870.2707088
2022-10-13 00:00:00+00:00,19377,0.01141861164,0.8262542213,2920.782084
2022-10-14 00:00:00+00:00,19181,-0.01016658998,0.5058845224,1313.801114
2022-10-15 00:00:00+00:00,19066,-0.006013561668,0.2124674356,331.4309828
2022-10-16 00:00:00+00:00,19264,0.01033142506,0.2751922564,417.0116096
2022-10-17 00:00:00+00:00,19547,0.01458375284,0.3274561297,1141.623503
2022-10-18 00:00:00+00:00,19334,-0.01095661793,0.3834731051,1524.526354
2022-10-19 00:00:00+00:00,19126,-0.01081653812,0.2886086579,1302.595354
2022-10-20 00:00:00+00:00,19043,-0.004349085951,0.3349812851,1491.664493
2022-10-21 00:00:00+00:00,19165,0.006386118856,0.3774085319,1923.439911
2022-10-22 00:00:00+00:00,19206,0.002137031383,0.1175460072,455.4208891
2022-10-23 00:00:00+00:00,19574,0.01897942479,0.274532204,1195.620136
2022-10-24 00:00:00+00:00,19332,-0.01244040102,0.3137920129,1155.863484
2022-10-25 00:00:00+00:00,20087,0.03831108567,0.4863268162,2804.513146
2022-10-26 00:00:00+00:00,20775,0.03367750109,0.5622818401,2711.069047
2022-10-27 00:00:00+00:00,20296,-0.02332651844,0.4763984292,1669.883996
2022-10-28 00:00:00+00:00,20599,0.01481870863,0.4104335058,1827.613807
2022-10-29 00:00:00+00:00,20821,0.01071956185,0.3933985683,1213.189466
2022-10-30 00:00:00+00:00,20628,-0.009312716584,0.30492616,679.838763
2022-10-31 00:00:00+00:00,20498,-0.006322055779,0.4038436439,1880.024567
2022-11-01 00:00:00+00:00,20480,-0.0008785202381,0.2896871347,1276.69181
2022-11-02 00:00:00+00:00,20154,-0.01604602031,0.5135600442,2292.082362
2022-11-03 00:00:00+00:00,20209,0.002725269878,0.2918275559,1004.118933
2022-11-04 00:00:00+00:00,21153,0.04565368967,0.5216432595,3501.475358
2022-11-05 00:00:00+00:00,21301,0.006972280565,0.2964337823,774.1252201
2022-11-06 00:00:00+00:00,20907,-0.01866998885,0.264473532,551.95849
2022-11-07 00:00:00+00:00,20590,-0.01527851008,0.3751911869,1417.995635
2022-11-08 00:00:00+00:00,18550,-0.104335732,1.782777438,12035.90179
2022-11-09 00:00:00+00:00,15877,-0.155598268,1.557298973,8350.565446
2022-11-10 00:00:00+00:00,17551,0.1002394073,1.72826198,8375.256925
2022-11-11 00:00:00+00:00,17007,-0.03148590434,1.185778922,5636.755612
2022-11-12 00:00:00+00:00,16788,-0.01296067854,0.4374718204,1882.264157
2022-11-13 00:00:00+00:00,16310,-0.02888592884,0.4607570272,2703.911947
2022-11-14 00:00:00+00:00,16589,0.01696140848,1.027160037,7964.340069
2022-11-15 00:00:00+00:00,16874,0.01703415063,0.5891747583,5633.399348
2022-11-16 00:00:00+00:00,16654,-0.01312354793,0.4953005341,4035.800424
2022-11-17 00:00:00+00:00,16686,0.001919616666,0.3529104437,2458.666891
2022-11-18 00:00:00+00:00,16683,-0.0001798076063,0.3408324419,2673.28042
2022-11-19 00:00:00+00:00,16690,0.0004195008002,0.1718590786,1377.396397
2022-11-20 00:00:00+00:00,16256,-0.02634766628,0.3305210519,1827.056766
2022-11-21 00:00:00+00:00,15766,-0.03060634876,0.6672923837,5633.487802
2022-11-22 00:00:00+00:00,16197,0.02697031727,0.4717394914,3718.554559
2022-11-23 00:00:00+00:00,16603,0.02475736202,0.4103783333,3505.293131
2022-11-24 00:00:00+00:00,16591,-0.0007230222644,0.3198798124,2141.484462
2022-11-25 00:00:00+00:00,16508,-0.005015267771,0.2394055447,2043.43508
2022-11-26 00:00:00+00:00,16454,-0.003276503144,0.1988548652,1503.64131
2022-11-27 00:00:00+00:00,16424,-0.00182492903,0.1747911787,1189.794707
2022-11-28 00:00:00+00:00,16210,-0.01311534397,0.3711780942,3254.701778
2022-11-29 00:00:00+00:00,16434,0.01372402376,0.2737432916,2310.870796
2022-11-30 00:00:00+00:00,17170,0.0438113154,0.4699014723,4442.427261
2022-12-01 00:00:00+00:00,16977,-0.01130418808,0.3041197669,3207.290941
2022-12-02 00:00:00+00:00,17095,0.006926536263,0.2826969771,2329.03285
2022-12-03 00:00:00+00:00,16886,-0.01230114684,0.1857683261,1177.012645
2022-12-04 00:00:00+00:00,17114,0.01341196575,0.2159513257,1603.551601
2022-12-05 00:00:00+00:00,16968,-0.008567624733,0.3237932889,2251.519576
2022-12-06 00:00:00+00:00,17087,0.006988723204,0.2193385515,1303.371225
2022-12-07 00:00:00+00:00,16836,-0.01479848956,0.2464662775,1185.393283
2022-12-08 00:00:00+00:00,17229,0.02307455964,0.2671672253,1724.693497
2022-12-09 00:00:00+00:00,17128,-0.005879459263,0.2461653404,1226.705648
2022-12-10 00:00:00+00:00,17128,0,0.09886934291,677.741807
2022-12-11 00:00:00+00:00,17091,-0.002162542121,0.1243951391,1239.357786
2022-12-12 00:00:00+00:00,17209,0.006880493616,0.1921725159,1695.056525
2022-12-13 00:00:00+00:00,17772,0.03219168229,0.5383004318,3838.865011
2022-12-14 00:00:00+00:00,17803,0.001742797349,0.5190679813,3836.865546
2022-12-15 00:00:00+00:00,17362,-0.02508307245,0.297972565,1887.371722
2022-12-16 00:00:00+00:00,16633,-0.04289523616,0.4284531373,2853.96836
2022-12-17 00:00:00+00:00,16781,0.008858620211,0.2064758219,1114.370244
2022-12-18 00:00:00+00:00,16749,-0.001908739023,0.1574854477,695.9909177
2022-12-19 00:00:00+00:00,16446,-0.01825626845,0.3096172937,2157.441546
2022-12-20 00:00:00+00:00,16898,0.02711298518,0.3441976363,2115.978892
2022-12-21 00:00:00+00:00,16824,-0.00438883333,0.1956130711,1618.767299
2022-12-22 00:00:00+00:00,16821,-0.0001783325908,0.220813966,1946.30527
2022-12-23 00:00:00+00:00,16779,-0.002500001302,0.1901728296,2138.446688
2022-12-24 00:00:00+00:00,16839,0.003569520121,0.06931782347,960.3266097
2022-12-25 00:00:00+00:00,16828,-0.0006534588999,0.1193527412,717.9655727
2022-12-26 00:00:00+00:00,16917,0.005274867765,0.08438748061,731.8569701
2022-12-27 00:00:00+00:00,16700,-0.01291031407,0.1790628564,2204.704065
2022-12-28 00:00:00+00:00,16540,-0.009627029827,0.2361025023,2220.788167
2022-12-29 00:00:00+00:00,16628,0.005306331795,0.161483798,1560.43977
2022-12-30 00:00:00+00:00,16603,-0.001504619465,0.1887435709,2223.643942
2022-12-31 00:00:00+00:00,16528,-0.004527489548,0.1120297754,602.4343716
2023-01-01 00:00:00+00:00,16615,0.005249989429,0.08311602947,473.832738
2023-01-02 00:00:00+00:00,16673,0.003484742772,0.1608870287,1046.727437
2023-01-03 00:00:00+00:00,16670,-0.0001799478156,0.1353925927,1388.071966
2023-01-04 00:00:00+00:00,16849,0.01068061109,0.2081750597,2038.030123
2023-01-05 00:00:00+00:00,16826,-0.001365998728,0.1164949182,1131.619417
2023-01-06 00:00:00+00:00,16950,0.007342524698,0.1762818271,1738.579753
2023-01-07 00:00:00+00:00,16945,-0.0002950287674,0.05724283845,523.7544244
2023-01-08 00:00:00+00:00,17119,0.01021615273,0.1150119718,816.5720931
2023-01-09 00:00:00+00:00,17179,0.003498749852,0.212926196,2213.348246
2023-01-10 00:00:00+00:00,17446,0.01542268837,0.1887989285,1354.435147
2023-01-11 00:00:00+00:00,17930,0.02736489161,0.3440893582,1904.452316
2023-01-12 00:00:00+00:00,18853,0.05019676481,0.707844658,5124.558453
2023-01-13 00:00:00+00:00,19931,0.05560425616,0.53653634,3765.274259
2023-01-14 00:00:00+00:00,20960,0.05033955087,0.9166714044,6843.48564
2023-01-15 00:00:00+00:00,20885,-0.003584661504,0.4516016369,1352.720258
2023-01-16 00:00:00+00:00,21189,0.01445098115,0.6037965895,3236.957174
2023-01-17 00:00:00+00:00,21134,-0.002599061076,0.4937861294,2302.397361
2023-01-18 00:00:00+00:00,20670,-0.02219974433,0.6545662457,3794.756717
2023-01-19 00:00:00+00:00,21086,0.01992593946,0.3170671358,2391.670691
2023-01-20 00:00:00+00:00,22678,0.07278597839,0.5514755813,2937.147343
2023-01-21 00:00:00+00:00,22783,0.004619352267,0.6940826009,3013.230072
2023-01-22 00:00:00+00:00,22717,-0.002901100936,0.488122939,1548.970739
2023-01-23 00:00:00+00:00,22922,0.008983605193,0.4938814486,1699.036477
2023-01-24 00:00:00+00:00,22637,-0.01251141235,0.450162837,1953.732125
2023-01-25 00:00:00+00:00,23054,0.01825355446,0.6558731275,2582.120433
2023-01-26 00:00:00+00:00,23010,-0.001910386132,0.4510260897,1472.744743
2023-01-27 00:00:00+00:00,23083,0.003167511815,0.441256144,2086.706475
2023-01-28 00:00:00+00:00,23033,-0.002168445641,0.1959089716,834.3522255
2023-01-29 00:00:00+00:00,23746,0.03048612502,0.4503643832,1620.982795
2023-01-30 00:00:00+00:00,22831,-0.03929483365,0.5059363645,2081.822727
2023-01-31 00:00:00+00:00,23127,0.01288150455,0.3700419235,1557.984591
2023-02-01 00:00:00+00:00,23735,0.02594998586,0.438571502,2468.522406
2023-02-02 00:00:00+00:00,23498,-0.01003544086,0.5114465511,2609.582527
2023-02-03 00:00:00+00:00,23434,-0.002727351899,0.4065035283,1742.071128
2023-02-04 00:00:00+00:00,23330,-0.004447873213,0.2063058184,778.7309127
2023-02-05 00:00:00+00:00,22937,-0.01698875882,0.3257821001,1525.50155
2023-02-06 00:00:00+00:00,22763,-0.007614916447,0.3448808738,1731.602845
2023-02-07 00:00:00+00:00,23252,0.02125473907,0.3785278316,2758.475644
2023-02-08 00:00:00+00:00,22961,-0.01259402533,0.3037923117,1236.371401
2023-02-09 00:00:00+00:00,21802,-0.0517954158,0.5049543277,2260.785085
2023-02-10 00:00:00+00:00,21639,-0.007504466517,0.39329573,1503.993238
2023-02-11 00:00:00+00:00,21868,0.01052713884,0.1893862731,699.3725529
2023-02-12 00:00:00+00:00,21789,-0.003619125741,0.2729166045,1481.78577
2023-02-13 00:00:00+00:00,21790,4.589366439e-05,0.3619819535,1923.037408
2023-02-14 00:00:00+00:00,22211,0.0191365127,0.4782316153,2032.442807
2023-02-15 00:00:00+00:00,24332,0.0912046948,0.5424051069,2316.238303
2023-02-16 00:00:00+00:00,23521,-0.03389871733,0.6606712083,3634.800249
2023-02-17 00:00:00+00:00,24580,0.044039465,0.6838345275,3328.631204
2023-02-18 00:00:00+00:00,24640,0.002438034527,0.3050411761,721.1887172
2023-02-19 00:00:00+00:00,24296,-0.01405941092,0.4570948488,1717.158161
2023-02-20 00:00:00+00:00,24843,0.02226429498,0.5206095743,1828.537751
2023-02-21 00:00:00+00:00,24450,-0.0159458068,0.5097892458,2506.057382
2023-02-22 00:00:00+00:00,24188,-0.01077357351,0.5669632225,1951.95971
2023-02-23 00:00:00+00:00,23939,-0.01034771425,0.5313189973,2000.282213
2023-02-24 00:00:00+00:00,23189,-0.03183089986,0.5229147212,2782.788731
2023-02-25 00:00:00+00:00,23161,-0.001208198637,0.2881614308,863.3722174
2023-02-26 00:00:00+00:00,23562,0.01716541516,0.3242716589,1019.200888
2023-02-27 00:00:00+00:00,23493,-0.002932740387,0.4234615503,1768.125736
2023-02-28 00:00:00+00:00,23136,-0.01531265846,0.3674660379,1185.704637
2023-03-01 00:00:00+00:00,23634,0.02129650724,0.4584326445,1748.04687
2023-03-02 00:00:00+00:00,23466,-0.007133788215,0.3362096431,1090.903179
2023-03-03 00:00:00+00:00,22359,-0.04832364043,0.5755722643,2878.022196
2023-03-04 00:00:00+00:00,22347,-0.0005368407054,0.1822438046,608.3476768
2023-03-05 00:00:00+00:00,22428,0.003618094399,0.2997123022,944.6643297
2023-03-06 00:00:00+00:00,22407,-0.0009367682184,0.2604238326,1156.23473
2023-03-07 00:00:00+00:00,22200,-0.009281121165,0.4062711238,1837.722341
2023-03-08 00:00:00+00:00,21704,-0.02259571352,0.3665791381,1477.184029
2023-03-09 00:00:00+00:00,20367,-0.06358063137,0.5241358018,3373.149107
2023-03-10 00:00:00+00:00,20220,-0.007243730395,0.7199909519,4695.236854
2023-03-11 00:00:00+00:00,20618,0.01949226708,0.5988953249,3590.954075
2023-03-12 00:00:00+00:00,22183,0.07316174909,0.7267983251,3599.494677
2023-03-13 00:00:00+00:00,24209,0.08739823509,0.9499846379,6738.265743
2023-03-14 00:00:00+00:00,24750,0.02210102416,1.167960197,7966.023232
2023-03-15 00:00:00+00:00,24368,-0.01555469286,0.8840267202,4368.445714
2023-03-16 00:00:00+00:00,25050,0.02760303138,0.6511698986,2430.850193
2023-03-17 00:00:00+00:00,27466,0.09207504858,0.8921721421,5166.28277
2023-03-18 00:00:00+00:00,26980,-0.01785302533,0.69503511,2933.796863
2023-03-19 00:00:00+00:00,28054,0.03903537352,0.6006842136,2615.712518
2023-03-20 00:00:00+00:00,27815,-0.00855578077,0.7394586166,3998.093582
2023-03-21 00:00:00+00:00,28192,0.01346280623,0.579284355,2955.116286
2023-03-22 00:00:00+00:00,27320,-0.03141921505,0.8547639739,5024.210406
2023-03-23 00:00:00+00:00,28343,0.0367610514,0.6788217801,3199.654512
2023-03-24 00:00:00+00:00,27493,-0.03044865929,0.6614549076,2789.449515
2023-03-25 00:00:00+00:00,27499,0.0002182135592,0.3488262224,963.8384074
2023-03-26 00:00:00+00:00,28004,0.01819771674,0.384181543,1100.203311
2023-03-27 00:00:00+00:00,27142,-0.03126501346,0.5197525816,2258.963936
2023-03-28 00:00:00+00:00,27272,0.004778191176,0.4729974862,2137.041969
2023-03-29 00:00:00+00:00,28353,0.03887230985,0.5069413344,2161.812926
2023-03-30 00:00:00+00:00,28039,-0.01113644649,0.5974049729,2912.725887
2023-03-31 00:00:00+00:00,28476,0.01546522905,0.4892495306,2301.182362
2023-04-01 00:00:00+00:00,28469,-0.0002458512612,0.2802609599,656.3367915
2023-04-02 00:00:00+00:00,28186,-0.009990375211,0.2917709049,689.98224
2023-04-03 00:00:00+00:00,27816,-0.01321400606,0.5842919122,2393.226229
2023-04-04 00:00:00+00:00,28178,0.01293013693,0.3985593381,1294.597361
2023-04-05 00:00:00+00:00,28183,0.0001774276543,0.4574187355,1576.30734
2023-04-06 00:00:00+00:00,28051,-0.004694677328,0.3319394742,1064.880094
2023-04-07 00:00:00+00:00,27931,-0.004287098846,0.2477092599,436.4796401
2023-04-08 00:00:00+00:00,27969,0.001359570871,0.1628828028,417.7631391
2023-04-09 00:00:00+00:00,28340,0.01317748028,0.2676331239,718.5476578
2023-04-10 00:00:00+00:00,29652,0.04525534253,0.4403784397,2711.673207
2023-04-11 00:00:00+00:00,30246,0.01983436753,0.4470653997,2689.404895
2023-04-12 00:00:00+00:00,29903,-0.01140513452,0.4497794526,1926.941951
2023-04-13 00:00:00+00:00,30410,0.01681269188,0.3081300706,1503.934272
2023-04-14 00:00:00+00:00,30498,0.002889606004,0.4358088542,2540.140594
2023-04-15 00:00:00+00:00,30332,-0.005457846854,0.1972557341,560.6401066
2023-04-16 00:00:00+00:00,30330,-6.59391382e-05,0.2207053687,656.8116377
2023-04-17 00:00:00+00:00,29448,-0.02951132562,0.3966402725,2077.002929
2023-04-18 00:00:00+00:00,30395,0.03165212512,0.3453498445,1827.467614
2023-04-19 00:00:00+00:00,28827,-0.05296567324,0.5525552639,3869.096549
2023-04-20 00:00:00+00:00,28238,-0.02064385938,0.4948567866,2450.063299
2023-04-21 00:00:00+00:00,27254,-0.03546828926,0.4654744489,2455.899696
2023-04-22 00:00:00+00:00,27817,0.02044704526,0.2828353475,1010.447372
2023-04-23 00:00:00+00:00,27596,-0.007976509908,0.3408570206,798.0455277
2023-04-24 00:00:00+00:00,27512,-0.003048561554,0.4395071273,2236.655009
2023-04-25 00:00:00+00:00,28300,0.02823953152,0.3825087319,1874.166251
2023-04-26 00:00:00+00:00,28428,0.004512770315,0.8812667856,5277.187044
2023-04-27 00:00:00+00:00,29485,0.03650708449,0.7691751751,3748.605765
2023-04-28 00:00:00+00:00,29333,-0.005168497343,0.4155794228,2449.074977
2023-04-29 00:00:00+00:00,29247,-0.002936157794,0.2316208976,932.4796118
2023-04-30 00:00:00+00:00,29235,-0.0004103826876,0.3823165772,1415.255061
2023-05-01 00:00:00+00:00,28079,-0.04034465564,0.5307883533,2913.862834
2023-05-02 00:00:00+00:00,28680,0.02117804974,0.434048138,1935.556491
2023-05-03 00:00:00+00:00,29033,0.01223309834,0.5121560598,2838.452316
2023-05-04 00:00:00+00:00,28851,-0.00628845967,0.3756272062,1656.279229
2023-05-05 00:00:00+00:00,29547,0.02383756146,0.4408680445,1923.169744
2023-05-06 00:00:00+00:00,28911,-0.02176007032,0.3812374388,1443.171747
2023-05-07 00:00:00+00:00,28472,-0.01530099733,0.3300269309,1021.457156
2023-05-08 00:00:00+00:00,27690,-0.02784981103,0.5182479817,2936.799134
2023-05-09 00:00:00+00:00,27650,-0.001445609215,0.362319392,1573.530765
2023-05-10 00:00:00+00:00,27618,-0.001157993905,0.7703714107,2848.942523
2023-05-11 00:00:00+00:00,26991,-0.02296425696,0.4472523728,2126.871093
2023-05-12 00:00:00+00:00,26811,-0.006691226036,0.5593006834,4842.982461
2023-05-13 00:00:00+00:00,26789,-0.0008208955685,0.2887395818,1269.304646
2023-05-14 00:00:00+00:00,26933,0.005360945046,0.2597103082,1325.634219
2023-05-15 00:00:00+00:00,27166,0.008613890856,0.3583188307,1805.129564
2023-05-16 00:00:00+00:00,27037,-0.004759893126,0.3199065255,1730.337634
2023-05-17 00:00:00+00:00,27404,0.01348268987,0.3648554821,2653.36762
2023-05-18 00:00:00+00:00,26818,-0.02161568428,0.401378362,1987.576786
2023-05-19 00:00:00+00:00,26893,0.002792725838,0.324452561,1277.232748
2023-05-20 00:00:00+00:00,27115,0.008221050597,0.1603910891,603.0193969
2023-05-21 00:00:00+00:00,26750,-0.01355260695,0.2390228969,654.1474386
2023-05-22 00:00:00+00:00,26856,0.003954786336,0.2846012115,1111.873888
2023-05-23 00:00:00+00:00,27226,0.01368313941,0.28043188,1174.419634
2023-05-24 00:00:00+00:00,26325,-0.03365334107,0.3836048887,2214.543861
2023-05-25 00:00:00+00:00,26478,0.005795141495,0.341885667,1646.825838
2023-05-26 00:00:00+00:00,26718,0.009023296052,0.2380835719,1666.102372
2023-05-27 00:00:00+00:00,26872,0.005747356742,0.1659412823,636.4638861
2023-05-28 00:00:00+00:00,28072,0.04368778597,0.366644744,1665.649226
2023-05-29 00:00:00+00:00,27749,-0.01157283477,0.3129608271,1684.678334
2023-05-30 00:00:00+00:00,27706,-0.001550807271,0.3113484327,1567.551175
2023-05-31 00:00:00+00:00,27219,-0.01773373738,0.364121768,1863.476253
2023-06-01 00:00:00+00:00,26826,-0.01454369238,0.3686817037,2004.357203
2023-06-02 00:00:00+00:00,27251,0.0157186512,0.3261867833,1671.434456
2023-06-03 00:00:00+00:00,27076,-0.006442491037,0.1794142652,772.4219318
2023-06-04 00:00:00+00:00,27125,0.001808085214,0.212634225,789.8995641
2023-06-05 00:00:00+00:00,25739,-0.05244846049,0.5142961793,3837.590323
2023-06-06 00:00:00+00:00,27236,0.05653227625,0.5193519287,3965.211604
2023-06-07 00:00:00+00:00,26348,-0.03314725684,0.5214970537,2996.804957
2023-06-08 00:00:00+00:00,26510,0.006129649522,0.3245838285,1530.425542
2023-06-09 00:00:00+00:00,26484,-0.0009812432383,0.2678167863,1059.79847
2023-06-10 00:00:00+00:00,25857,-0.02395941973,0.5474427854,3074.542284
2023-06-11 00:00:00+00:00,25941,0.003243371313,0.3069977412,1020.99238
2023-06-12 00:00:00+00:00,25906,-0.001350126538,0.3575787642,1761.025449
2023-06-13 00:00:00+00:00,25934,0.001080247019,0.3926976648,1895.967967
2023-06-14 00:00:00+00:00,25127,-0.03161188393,0.4819832715,2747.128693
2023-06-15 00:00:00+00:00,25573,0.01759414221,0.3754073816,2880.442408
2023-06-16 00:00:00+00:00,26333,0.02928579808,0.3977385558,2556.840393
2023-06-17 00:00:00+00:00,26507,0.006585943563,0.3362900214,1155.485227
2023-06-18 00:00:00+00:00,26340,-0.006320152739,0.2522999452,1005.714398
2023-06-19 00:00:00+00:00,26842,0.01887912866,0.3246855633,1828.965241
2023-06-20 00:00:00+00:00,28315,0.05342387459,0.4728829067,3123.513863
2023-06-21 00:00:00+00:00,30009,0.05810563711,0.6714284282,6043.643167
2023-06-22 00:00:00+00:00,29889,-0.00400681694,0.4626106486,3777.431498
2023-06-23 00:00:00+00:00,30716,0.02729317174,0.589232218,4388.385624
2023-06-24 00:00:00+00:00,30548,-0.005484474442,0.3187690933,1211.734955
2023-06-25 00:00:00+00:00,30477,-0.002326916249,0.3302257785,1480.271148
2023-06-26 00:00:00+00:00,30274,-0.006683042437,0.4218258693,2062.079244
2023-06-27 00:00:00+00:00,30696,0.0138430946,0.3864526235,2087.558065
2023-06-28 00:00:00+00:00,30079,-0.0203050991,0.3820992071,1867.545665
2023-06-29 00:00:00+00:00,30444,0.01206167656,0.3342442539,1924.618344
2023-06-30 00:00:00+00:00,30469,0.0008208428875,0.7413858856,4944.390138
2023-07-01 00:00:00+00:00,30592,0.004028763576,0.1877550658,603.9348395
2023-07-02 00:00:00+00:00,30616,0.0007842112544,0.3141395564,1091.40198
2023-07-03 00:00:00+00:00,31158,0.01754828597,0.3159547896,1549.493443
2023-07-04 00:00:00+00:00,30771,-0.0124983461,0.2736615693,848.5245097
2023-07-05 00:00:00+00:00,30501,-0.008813218032,0.253808071,1179.489351
2023-07-06 00:00:00+00:00,29912,-0.01949973229,0.4853973845,3087.633796
2023-07-07 00:00:00+00:00,30348,0.0144708798,0.3445346783,1886.471018
2023-07-08 00:00:00+00:00,30293,-0.001813954753,0.1642105324,602.9939825
2023-07-09 00:00:00+00:00,30167,-0.004168051023,0.189871852,640.4847792
2023-07-10 00:00:00+00:00,30421,0.0083845477,0.3662447893,1899.485507
2023-07-11 00:00:00+00:00,30621,0.006552888689,0.2764624638,1275.018825
2023-07-12 00:00:00+00:00,30382,-0.007835720304,0.3288356502,1734.619769
2023-07-13 00:00:00+00:00,31471,0.03521615908,0.4796297203,3038.410851
2023-07-14 00:00:00+00:00,30331,-0.03689619505,0.4293752085,2687.884981
2023-07-15 00:00:00+00:00,30301,-0.000989576542,0.1274455214,483.2308718
2023-07-16 00:00:00+00:00,30253,-0.001585362158,0.1981640822,999.6757819
2023-07-17 00:00:00+00:00,30154,-0.003277768756,0.3426952038,1810.61232
2023-07-18 00:00:00+00:00,29868,-0.009529911183,0.3359359094,1637.267043
2023-07-19 00:00:00+00:00,29919,0.001706056914,0.279575482,1446.884227
2023-07-20 00:00:00+00:00,29806,-0.003784014561,0.318086925,1431.361956
2023-07-21 00:00:00+00:00,29908,0.003416287611,0.2143414882,1197.733854
2023-07-22 00:00:00+00:00,29789,-0.003986805287,0.1466270445,630.3917991
2023-07-23 00:00:00+00:00,30085,0.009887510822,0.1958119433,766.4672675
2023-07-24 00:00:00+00:00,29177,-0.03064598101,0.450850872,2817.838132
2023-07-25 00:00:00+00:00,29224,0.001609561828,0.1852851491,1213.491294
2023-07-26 00:00:00+00:00,29354,0.004438533696,0.289146523,1517.241483
2023-07-27 00:00:00+00:00,29219,-0.004609640587,0.1876314024,1313.643708
2023-07-28 00:00:00+00:00,29317,0.003348369945,0.183134956,1241.484191
2023-07-29 00:00:00+00:00,29360,0.001465651199,0.08619510603,402.4855437
2023-07-30 00:00:00+00:00,29279,-0.002762668242,0.1827264711,792.1788859
2023-07-31 00:00:00+00:00,29231,-0.00164074554,0.213743736,899.8708839
2023-08-01 00:00:00+00:00,29696,0.01578256664,0.339287007,2302.770189
2023-08-02 00:00:00+00:00,29164,-0.01807728466,0.3465659853,1990.071266
2023-08-03 00:00:00+00:00,29176,0.0004113815622,0.2158478874,1359.652403
2023-08-04 00:00:00+00:00,29077,-0.003398969849,0.2012177807,1430.634874
2023-08-05 00:00:00+00:00,29049,-0.0009634243597,0.08429391184,339.3123539
2023-08-06 00:00:00+00:00,29042,-0.000241001189,0.1010512032,494.2372268
2023-08-07 00:00:00+00:00,29181,0.004774754447,0.2403553629,1440.495445
2023-08-08 00:00:00+00:00,29764,0.01978179698,0.3018671185,2548.208767
2023-08-09 00:00:00+00:00,29565,-0.006708380262,0.2535369044,1342.081765
2023-08-10 00:00:00+00:00,29423,-0.00481454785,0.1852880375,1091.258191
2023-08-11 00:00:00+00:00,29398,-0.0008500366028,0.1437144567,839.5834365
2023-08-12 00:00:00+00:00,29415,0.0005781034966,0.0553490614,349.6367829
2023-08-13 00:00:00+00:00,29284,-0.004463456532,0.07426138903,357.1547605
2023-08-14 00:00:00+00:00,29408,0.004225454389,0.2007725265,1281.107817
2023-08-15 00:00:00+00:00,29172,-0.008057401051,0.1621620548,1081.010442
2023-08-16 00:00:00+00:00,28701,-0.01627737976,0.2191635696,1798.076171
2023-08-17 00:00:00+00:00,26642,-0.07444304743,0.6930656683,4949.558874
2023-08-18 00:00:00+00:00,26051,-0.02243276275,0.5438863436,2639.688237
2023-08-19 00:00:00+00:00,26097,0.001764210015,0.2581730667,1021.349296
2023-08-20 00:00:00+00:00,26192,0.003633655435,0.1920488344,711.9330305
2023-08-21 00:00:00+00:00,26125,-0.002561310344,0.2554439339,1609.354644
2023-08-22 00:00:00+00:00,26042,-0.003182090978,0.3802461045,1785.386043
2023-08-23 00:00:00+00:00,26431,0.01482694439,0.3745600018,2472.527191
2023-08-24 00:00:00+00:00,26168,-0.01000027346,0.2713231788,1678.628158
2023-08-25 00:00:00+00:00,26048,-0.004596300416,0.2887123053,1924.707929
2023-08-26 00:00:00+00:00,26008,-0.001536806819,0.09607081478,249.0430185
2023-08-27 00:00:00+00:00,26090,0.003147916147,0.1128093131,399.5693664
2023-08-28 00:00:00+00:00,26103,0.0004981511034,0.2332897592,1212.344581
2023-08-29 00:00:00+00:00,27726,0.06032035086,0.6923828659,4581.622098
2023-08-30 00:00:00+00:00,27300,-0.01548389893,0.3391662891,2084.644684
2023-08-31 00:00:00+00:00,25932,-0.05140897488,0.5009209434,2809.731764
2023-09-01 00:00:00+00:00,25798,-0.00518075777,0.3734224242,1970.689019
2023-09-02 00:00:00+00:00,25870,0.002787026655,0.1478175605,557.9266434
2023-09-03 00:00:00+00:00,25970,0.003858029477,0.1960800907,719.5381164
2023-09-04 00:00:00+00:00,25819,-0.005831370673,0.2465559999,1083.704249
2023-09-05 00:00:00+00:00,25783,-0.001395294982,0.2311697747,1006.679884
2023-09-06 00:00:00+00:00,25748,-0.001358405829,0.3005993919,1278.208472
2023-09-07 00:00:00+00:00,26245,0.01911854051,0.3048891672,1647.35198
2023-09-08 00:00:00+00:00,25908,-0.01292369338,0.296395789,1649.47775
2023-09-09 00:00:00+00:00,25899,-0.0003474433992,0.106792678,436.0909594
2023-09-10 00:00:00+00:00,25836,-0.002435489751,0.2021054869,876.911593
2023-09-11 00:00:00+00:00,25155,-0.02671218423,0.4125461133,2016.082627
2023-09-12 00:00:00+00:00,25844,0.02702178175,0.5365828152,3217.442488
2023-09-13 00:00:00+00:00,26226,0.01467281941,0.3716920207,1566.277456
2023-09-14 00:00:00+00:00,26529,0.01148718915,0.3416217033,2087.026026
2023-09-15 00:00:00+00:00,26607,0.002935864801,0.2519512757,1388.809004
2023-09-16 00:00:00+00:00,26571,-0.001353943567,0.1601331542,609.7138034
2023-09-17 00:00:00+00:00,26535,-0.001355779216,0.1298571794,522.9789157
2023-09-18 00:00:00+00:00,26770,0.008817241252,0.380085064,2015.829667
2023-09-19 00:00:00+00:00,27214,0.01644968924,0.3757273057,1886.730596
2023-09-20 00:00:00+00:00,27128,-0.003165141945,0.3413850609,2264.838492
2023-09-21 00:00:00+00:00,26563,-0.02104713479,0.2846017755,1557.055594
2023-09-22 00:00:00+00:00,26581,0.0006774048129,0.2076714671,683.4990334
2023-09-23 00:00:00+00:00,26583,7.523888349e-05,0.09472134673,263.3226174
2023-09-24 00:00:00+00:00,26248,-0.01268211807,0.2380373509,778.7802983
2023-09-25 00:00:00+00:00,26297,0.001865068578,0.2719197435,1307.386109
2023-09-26 00:00:00+00:00,26208,-0.003390156566,0.2042131578,884.5818962
2023-09-27 00:00:00+00:00,26361,0.005820937511,0.2984542158,1845.695305
2023-09-28 00:00:00+00:00,27026,0.02491372043,0.3798558793,2763.608132
2023-09-29 00:00:00+00:00,26911,-0.004264240661,0.3247221994,1536.6151
2023-09-30 00:00:00+00:00,26966,0.002041688257,0.1337679624,532.6068557
2023-10-01 00:00:00+00:00,27995,0.03744910959,0.5452150471,1264.645405
2023-10-02 00:00:00+00:00,27507,-0.01758540506,0.4919072235,2577.97315
2023-10-03 00:00:00+00:00,27435,-0.002620947225,0.3165566718,1304.182862
2023-10-04 00:00:00+00:00,27790,0.01285667324,0.3254754977,1275.011058
2023-10-05 00:00:00+00:00,27417,-0.0135129848,0.340402612,1535.578367
2023-10-06 00:00:00+00:00,27948,0.01918238173,0.4108332528,1718.753547
2023-10-07 00:00:00+00:00,27971,0.0008226184766,0.1556267645,355.0021642
2023-10-08 00:00:00+00:00,27933,-0.001359473592,0.2192034011,559.6878134
2023-10-09 00:00:00+00:00,27594,-0.01221042779,0.3225486364,1186.724515
2023-10-10 00:00:00+00:00,27395,-0.007237842795,0.2897543766,1183.583709
2023-10-11 00:00:00+00:00,26874,-0.01920123854,0.3534349338,2042.777387
2023-10-12 00:00:00+00:00,26756,-0.004400529197,0.2670248729,1099.969966
2023-10-13 00:00:00+00:00,26867,0.004140020459,0.2926683292,1292.127867
2023-10-14 00:00:00+00:00,26855,-0.000446744358,0.1229482516,421.7198
2023-10-15 00:00:00+00:00,27174,0.01180861044,0.181076994,758.2545207
2023-10-16 00:00:00+00:00,28518,0.04827483306,1.022299393,4785.419441
2023-10-17 00:00:00+00:00,28408,-0.003864671219,0.3950377882,1864.881141
2023-10-18 00:00:00+00:00,28328,-0.002820080831,0.3843178237,1413.076381
2023-10-19 00:00:00+00:00,28733,0.0141955732,0.3636284529,1546.739749
2023-10-20 00:00:00+00:00,29688,0.03269663575,0.4976338748,2771.392848
2023-10-21 00:00:00+00:00,29927,0.008018159204,0.2879504009,918.261903
2023-10-22 00:00:00+00:00,30002,0.002502963145,0.3012434188,921.9091014
2023-10-23 00:00:00+00:00,33074,0.09748342912,1.084832734,5126.766153
2023-10-24 00:00:00+00:00,33917,0.02516888839,0.9817283716,5503.075154
2023-10-25 00:00:00+00:00,34498,0.01698498773,0.5793352697,2514.837977
2023-10-26 00:00:00+00:00,34165,-0.00969962311,0.4454028136,2077.766121
2023-10-27 00:00:00+00:00,33906,-0.007609738357,0.4023135173,2094.037743
2023-10-28 00:00:00+00:00,34091,0.005441429959,0.2657221761,772.8556376
2023-10-29 00:00:00+00:00,34538,0.01302674733,0.2813558338,949.3333632
2023-10-30 00:00:00+00:00,34495,-0.001245781164,0.3697820581,1843.156765
2023-10-31 00:00:00+00:00,34661,0.004800749575,0.3273605103,1565.287625
2023-11-01 00:00:00+00:00,35440,0.02222599016,0.4821874482,2098.166184
2023-11-02 00:00:00+00:00,34937,-0.01429468619,0.4367127065,1636.75756
2023-11-03 00:00:00+00:00,34727,-0.006028957169,0.3996805489,1346.426796
2023-11-04 00:00:00+00:00,35086,0.01028470813,0.2319316228,789.1329421
2023-11-05 00:00:00+00:00,35045,-0.001169240555,0.3195047925,816.1044247
2023-11-06 00:00:00+00:00,35042,-8.560788739e-05,0.296176742,1069.019731
2023-11-07 00:00:00+00:00,35414,0.01055988012,0.4050375253,1785.964209
2023-11-08 00:00:00+00:00,35640,0.006361380419,0.4003253344,1364.355653
2023-11-09 00:00:00+00:00,36693,0.02911739857,0.7442013342,3016.282426
2023-11-10 00:00:00+00:00,37319,0.01691657916,0.4486259202,1622.638441
2023-11-11 00:00:00+00:00,37152,-0.004484974821,0.2723012548,808.3067336
2023-11-12 00:00:00+00:00,37086,-0.00177806561,0.2280080041,549.5624145
2023-11-13 00:00:00+00:00,36485,-0.01633832269,0.3674122781,1510.519182
2023-11-14 00:00:00+00:00,35564,-0.02556732696,0.5070097588,1717.04521
2023-11-15 00:00:00+00:00,37877,0.06301017746,0.6361641291,2493.860824
2023-11-16 00:00:00+00:00,36165,-0.04625226741,0.5482706507,2074.978122
2023-11-17 00:00:00+00:00,36625,0.01263926704,0.5276947779,1897.080431
2023-11-18 00:00:00+00:00,36590,-0.0009560883061,0.2285066762,600.6367655
2023-11-19 00:00:00+00:00,37426,0.02259067102,0.2596489154,1248.863308
2023-11-20 00:00:00+00:00,37480,0.001441807315,0.4741898902,2466.923038
2023-11-21 00:00:00+00:00,35758,-0.04703343704,0.5602187573,2635.343389
2023-11-22 00:00:00+00:00,37424,0.04553818951,0.4238323491,2070.172319
2023-11-23 00:00:00+00:00,37301,-0.0032920739,0.286570879,1022.406586
2023-11-24 00:00:00+00:00,37746,0.01185937387,0.4523317575,1802.031749
2023-11-25 00:00:00+00:00,37809,0.001667659708,0.1507596042,420.0370007
2023-11-26 00:00:00+00:00,37460,-0.009273472508,0.2376442322,956.6836632
2023-11-27 00:00:00+00:00,37240,-0.005890244607,0.353293133,1461.308151
2023-11-28 00:00:00+00:00,37839,0.01595686436,0.3799232455,2929.179421
2023-11-29 00:00:00+00:00,37863,0.0006340651714,0.3474128697,1596.975843
2023-11-30 00:00:00+00:00,37719,-0.003810435665,0.2705269956,1238.495743
2023-12-01 00:00:00+00:00,38707,0.02585651595,0.3563944559,1584.744319
2023-12-02 00:00:00+00:00,39474,0.0196217651,0.3221894786,1009.379148
2023-12-03 00:00:00+00:00,39989,0.01296218896,0.2966048701,1030.431138
2023-12-04 00:00:00+00:00,41985,0.04870799534,0.5415366066,2457.142661
2023-12-05 00:00:00+00:00,44075,0.04858031665,0.5964504546,2381.718821
2023-12-06 00:00:00+00:00,43764,-0.007081166669,0.4832948717,1590.895243
2023-12-07 00:00:00+00:00,43291,-0.0108668004,0.4393820211,1537.576781
2023-12-08 00:00:00+00:00,44193,0.02062164429,0.3705564743,1710.260212
2023-12-09 00:00:00+00:00,43712,-0.01094374155,0.2685863986,1039.359576
2023-12-10 00:00:00+00:00,43786,0.001691467637,0.2131995745,872.8256759
2023-12-11 00:00:00+00:00,41242,-0.05985697701,0.7948474505,4261.485336
2023-12-12 00:00:00+00:00,41458,0.005223711999,0.4681746675,1610.560814
2023-12-13 00:00:00+00:00,42888,0.03391119995,0.4893130239,2644.836441
2023-12-14 00:00:00+00:00,43031,0.003328719656,0.5400552853,2002.077823
2023-12-15 00:00:00+00:00,41925,-0.02603847847,0.3733028719,1753.918628
2023-12-16 00:00:00+00:00,42246,0.007627367056,0.2613231516,702.4772755
2023-12-17 00:00:00+00:00,41345,-0.02155817959,0.3427264837,1244.140765
2023-12-18 00:00:00+00:00,42650,0.03107577876,0.460331737,2330.265824
2023-12-19 00:00:00+00:00,42258,-0.009233588946,0.4565367514,2275.972942
2023-12-20 00:00:00+00:00,43665,0.03275318087,0.4756656817,2554.202681
2023-12-21 00:00:00+00:00,43873,0.004752230836,0.4339870797,1843.002248
2023-12-22 00:00:00+00:00,44002,0.002935990729,0.3900928239,1262.690674
2023-12-23 00:00:00+00:00,43733,-0.006132121569,0.2255601602,762.8081655
2023-12-24 00:00:00+00:00,43033,-0.01613570264,0.328943272,934.4764308
2023-12-25 00:00:00+00:00,43591,0.01288344381,0.3197608031,808.8622768
2023-12-26 00:00:00+00:00,42510,-0.02511136466,0.3972610595,2476.911507
2023-12-27 00:00:00+00:00,43473,0.02240071336,0.3604952567,2029.37372
2023-12-28 00:00:00+00:00,42583,-0.02068494314,0.411215807,1410.601815
2023-12-29 00:00:00+00:00,42072,-0.01207267631,0.4490965417,2740.010434
2023-12-30 00:00:00+00:00,42148,0.00180479745,0.3077810164,931.2221233
2023-12-31 00:00:00+00:00,42258,0.002606451254,0.3099925791,1192.726158
2024-01-01 00:00:00+00:00,44187,0.04463694318,0.3203380706,1633.498618
2024-01-02 00:00:00+00:00,44970,0.01756497261,0.5813735991,3948.659076
2024-01-03 00:00:00+00:00,42865,-0.04793995865,0.9864652289,3980.828056
2024-01-04 00:00:00+00:00,44186,0.0303523547,0.5652961508,2918.119349
2024-01-05 00:00:00+00:00,44184,-4.526422995e-05,0.8267302803,3155.466383
2024-01-06 00:00:00+00:00,43999,-0.004195826212,0.2877989595,980.5389969
2024-01-07 00:00:00+00:00,43944,-0.001250810347,0.3318219401,1747.44187
2024-01-08 00:00:00+00:00,46995,0.06712511703,0.6673611365,3636.861
2024-01-09 00:00:00+00:00,46124,-0.01870779116,1.02829824,4033.074824
2024-01-10 00:00:00+00:00,46681,0.01200380773,0.9861359217,4041.552491
2024-01-11 00:00:00+00:00,46360,-0.006900211168,0.7607506048,4473.02341
2024-01-12 00:00:00+00:00,42778,-0.08041306673,0.8762101025,5206.890768
2024-01-13 00:00:00+00:00,42843,0.001518319396,0.4761784772,1045.154615
2024-01-14 00:00:00+00:00,41715,-0.02668149478,0.4171053522,1256.256942
2024-01-15 00:00:00+00:00,42493,0.01847858013,0.4407450717,1455.985255
2024-01-16 00:00:00+00:00,43131,0.01490263963,0.4733693954,2368.790325
2024-01-17 00:00:00+00:00,42738,-0.009153541884,0.4102208513,1669.718057
2024-01-18 00:00:00+00:00,41283,-0.03463766127,0.4700533563,2233.625239
2024-01-19 00:00:00+00:00,41628,0.008322224824,0.5167071708,2637.878406
2024-01-20 00:00:00+00:00,41673,0.001080419308,0.2427191418,751.4338697
2024-01-21 00:00:00+00:00,41560,-0.002715270852,0.1797474719,466.9466689
2024-01-22 00:00:00+00:00,39528,-0.05012888469,0.6151597713,3032.782186
2024-01-23 00:00:00+00:00,39868,0.008564715562,0.5912991406,2741.443359
2024-01-24 00:00:00+00:00,40074,0.005153747866,0.4530265174,2648.461426
2024-01-25 00:00:00+00:00,39916,-0.003950498949,0.3694596508,2295.831983
2024-01-26 00:00:00+00:00,41818,0.04654962283,0.4751316106,3525.682264
2024-01-27 00:00:00+00:00,42124,0.007290780669,0.2229613697,788.1990321
2024-01-28 00:00:00+00:00,42026,-0.002329175147,0.3216564157,1354.314552
2024-01-29 00:00:00+00:00,43305,0.02997962741,0.3780689704,2305.134614
2024-01-30 00:00:00+00:00,42946,-0.008324589238,0.4151012212,2291.567212
2024-01-31 00:00:00+00:00,42558,-0.009075661097,0.472840455,3286.479776
2024-02-01 00:00:00+00:00,43071,0.01198206537,0.4211986093,1870.520972
2024-02-02 00:00:00+00:00,43183,0.002596982469,0.3460908088,1896.675165
2024-02-03 00:00:00+00:00,42994,-0.004386328209,0.1745845386,759.4622808
2024-02-04 00:00:00+00:00,42570,-0.009910791234,0.2250060026,774.9225387
2024-02-05 00:00:00+00:00,42659,0.002088491766,0.3286404947,2029.091926
2024-02-06 00:00:00+00:00,43092,0.01009909343,0.3169258691,1541.852295
2024-02-07 00:00:00+00:00,44346,0.028685148,0.3375793132,1666.786218
2024-02-08 00:00:00+00:00,45300,0.02128451946,0.3875131429,3101.765692
2024-02-09 00:00:00+00:00,47161,0.04026024737,0.5795359239,3267.792905
2024-02-10 00:00:00+00:00,47770,0.01283054755,0.3039072084,1059.763179
2024-02-11 00:00:00+00:00,48313,0.01130284818,0.3402261981,950.7415554
2024-02-12 00:00:00+00:00,49937,0.03306153538,0.4773736235,2595.07695
2024-02-13 00:00:00+00:00,49720,-0.004354944318,0.5419720676,2127.397964
2024-02-14 00:00:00+00:00,51844,0.04183194292,0.5492297771,2470.062333
2024-02-15 00:00:00+00:00,51942,0.001888501901,0.492477958,2580.546682
2024-02-16 00:00:00+00:00,52161,0.004207377752,0.4040803671,1766.369358
2024-02-17 00:00:00+00:00,51664,-0.009573875198,0.3362442444,999.9670779
2024-02-18 00:00:00+00:00,52130,0.008979384764,0.2928375892,925.2114293
2024-02-19 00:00:00+00:00,51789,-0.006562827277,0.3491250427,1123.410429
2024-02-20 00:00:00+00:00,52275,0.009340473812,0.4870066027,2464.049137
2024-02-21 00:00:00+00:00,51843,-0.008298324575,0.449073957,2252.907878
2024-02-22 00:00:00+00:00,51253,-0.01144576785,0.4197389149,2025.245754
2024-02-23 00:00:00+00:00,50743,-0.01000047552,0.3654911898,1923.68473
2024-02-24 00:00:00+00:00,51562,0.0160112897,0.2223048904,508.4167697
2024-02-25 00:00:00+00:00,51722,0.003098255838,0.2461178789,587.0849817
2024-02-26 00:00:00+00:00,54524,0.05275774879,0.4913445339,2566.508064
2024-02-27 00:00:00+00:00,57068,0.04560256754,0.6611771524,4197.170421
2024-02-28 00:00:00+00:00,62512,0.09111499906,1.186480329,5991.009715
2024-02-29 00:00:00+00:00,61161,-0.02184880683,0.8677215383,4398.26025
2024-03-01 00:00:00+00:00,62444,0.02076042361,0.5713389464,2116.106829
2024-03-02 00:00:00+00:00,62042,-0.006458580039,0.3536914466,856.2612257
2024-03-03 00:00:00+00:00,63142,0.01757458321,0.3919012674,1242.89273
2024-03-04 00:00:00+00:00,68359,0.07938707143,0.8677885841,4423.236102
2024-03-05 00:00:00+00:00,63796,-0.06908273724,1.365995848,7391.454192
2024-03-06 00:00:00+00:00,66120,0.03578078049,0.9418678272,4235.328116
2024-03-07 00:00:00+00:00,66941,0.01234036147,0.6358994539,3354.920167
2024-03-08 00:00:00+00:00,68285,0.01987848871,0.796870801,4423.05735
2024-03-09 00:00:00+00:00,68463,0.002603330221,0.2665429637,856.1073218
2024-03-10 00:00:00+00:00,69026,0.008189791864,0.4390980191,1987.109438
2024-03-11 00:00:00+00:00,72118,0.04382042118,0.6588889758,5028.350318
2024-03-12 00:00:00+00:00,71473,-0.008983910387,0.7433009989,4051.758551
2024-03-13 00:00:00+00:00,73121,0.0227958472,0.5195122384,3647.592072
2024-03-14 00:00:00+00:00,71371,-0.02422397883,0.8034662852,4144.375046
2024-03-15 00:00:00+00:00,69516,-0.02633468247,1.155919861,4952.410098
2024-03-16 00:00:00+00:00,65248,-0.06336154751,0.7404374358,2215.164964
2024-03-17 00:00:00+00:00,68352,0.04647542951,0.6621544793,2040.410281
2024-03-18 00:00:00+00:00,67613,-0.01087055165,0.6436839467,2891.668168
2024-03-19 00:00:00+00:00,61897,-0.088328559,1.026600511,5318.125758
2024-03-20 00:00:00+00:00,67872,0.09215186513,1.05866867,4989.904592
2024-03-21 00:00:00+00:00,65485,-0.0358024696,0.7289158792,2935.804493
2024-03-22 00:00:00+00:00,63807,-0.02595820658,0.7597053645,2420.558362
2024-03-23 00:00:00+00:00,64001,0.003035806037,0.5136726728,1252.513577
2024-03-24 00:00:00+00:00,67188,0.04859595192,0.5412259799,1391.935057
2024-03-25 00:00:00+00:00,69898,0.03954237637,0.6309832875,3049.191686
2024-03-26 00:00:00+00:00,69997,0.001415347461,0.5676869055,2479.947993
2024-03-27 00:00:00+00:00,69421,-0.008262968588,0.6769100106,2306.37023
2024-03-28 00:00:00+00:00,70803,0.01971195728,0.482964966,2146.149296
2024-03-29 00:00:00+00:00,69903,-0.01279280591,0.3614483003,1131.132708
2024-03-30 00:00:00+00:00,69613,-0.004157235266,0.2326973214,589.8409316
2024-03-31 00:00:00+00:00,71285,0.0237345951,0.286880393,857.9796702
2024-04-01 00:00:00+00:00,69699,-0.02249995614,0.4818453445,2032.765527
2024-04-02 00:00:00+00:00,65469,-0.0626092223,0.7900238345,3531.620549
2024-04-03 00:00:00+00:00,65988,0.007896159149,0.5411478112,1876.122704
2024-04-04 00:00:00+00:00,68538,0.03791542867,0.5254197254,2332.367344
2024-04-05 00:00:00+00:00,67857,-0.009985786266,0.5883395731,2200.99431
2024-04-06 00:00:00+00:00,68917,0.01550033227,0.3353336011,729.5629609
2024-04-07 00:00:00+00:00,69358,0.00637861501,0.3651065541,1123.928619
2024-04-08 00:00:00+00:00,71613,0.03199512474,0.4826839869,2247.97575
2024-04-09 00:00:00+00:00,69135,-0.03521550689,0.565103923,2320.072016
2024-04-10 00:00:00+00:00,70630,0.02139386858,0.58592951,2494.316657
2024-04-11 00:00:00+00:00,70015,-0.008745478613,0.5215635283,1976.1341
2024-04-12 00:00:00+00:00,67150,-0.04178058184,0.7170581917,2855.330072
2024-04-13 00:00:00+00:00,64054,-0.04720244537,1.139598933,3638.572181
2024-04-14 00:00:00+00:00,65749,0.02611798421,0.8923392279,2675.951106
2024-04-15 00:00:00+00:00,63438,-0.03578141084,0.7800805401,2619.509469
2024-04-16 00:00:00+00:00,63830,0.00616024829,0.8100106344,2685.273088
2024-04-17 00:00:00+00:00,61278,-0.04080241144,0.7706139459,3227.192195
2024-04-18 00:00:00+00:00,63515,0.03585521065,0.6935718958,2353.152323
2024-04-19 00:00:00+00:00,63821,0.004806191321,0.9567313575,3756.324199
2024-04-20 00:00:00+00:00,64990,0.01815112211,0.4957123634,1178.861923
2024-04-21 00:00:00+00:00,64950,-0.0006156687896,0.4250253354,871.6510646
2024-04-22 00:00:00+00:00,66855,0.02890835195,0.49749194,2019.587581
2024-04-23 00:00:00+00:00,66421,-0.006512823525,0.3661324903,1200.346224
2024-04-24 00:00:00+00:00,64259,-0.03309147976,0.4939368213,2072.248743
2024-04-25 00:00:00+00:00,64493,0.003634898994,0.4971628968,1851.694066
2024-04-26 00:00:00+00:00,63745,-0.01166594119,0.4300030856,1213.859529
2024-04-27 00:00:00+00:00,63429,-0.004969579479,0.4041318766,833.170124
2024-04-28 00:00:00+00:00,63098,-0.005232096787,0.3186562807,807.2370187
2024-04-29 00:00:00+00:00,63832,0.01156555868,0.4854006256,1496.501527
2024-04-30 00:00:00+00:00,60632,-0.0514318255,0.6854965688,2740.347602
2024-05-01 00:00:00+00:00,58256,-0.03997571508,0.886736047,3523.300962
2024-05-02 00:00:00+00:00,59099,0.01436691236,0.5979428715,1700.095516
2024-05-03 00:00:00+00:00,62915,0.06257060525,0.5863201687,2560.041021
2024-05-04 00:00:00+00:00,63899,0.01551910276,0.4723954888,1400.479388
2024-05-05 00:00:00+00:00,64021,0.00190744273,0.3975158872,918.7832752
2024-05-06 00:00:00+00:00,63164,-0.01347663593,0.5281006305,1643.137152
2024-05-07 00:00:00+00:00,62320,-0.01345211704,0.4819894464,1357.121991
2024-05-08 00:00:00+00:00,61181,-0.01844571776,0.5140963614,1469.202105
2024-05-09 00:00:00+00:00,63075,0.03048781073,0.4288660892,1386.154675
2024-05-10 00:00:00+00:00,60793,-0.03684984376,0.5179195821,2229.560852
2024-05-11 00:00:00+00:00,60816,0.0003782614819,0.2875422127,516.4189374
2024-05-12 00:00:00+00:00,61462,0.01056618542,0.2670701475,638.4473241
2024-05-13 00:00:00+00:00,62934,0.02366746054,0.4595829621,1831.889013
2024-05-14 00:00:00+00:00,61543,-0.02235044072,0.4842869711,1560.765913
2024-05-15 00:00:00+00:00,66242,0.07357858537,0.5870769253,3794.612667
2024-05-16 00:00:00+00:00,65252,-0.01505800578,0.4399834215,1760.074211
2024-05-17 00:00:00+00:00,67053,0.02722665438,0.3870240532,1703.98497
2024-05-18 00:00:00+00:00,66930,-0.001836054344,0.2513427506,526.3105618
2024-05-19 00:00:00+00:00,66275,-0.009834544937,0.291876207,535.793067
2024-05-20 00:00:00+00:00,71401,0.07449912267,0.5357440933,2681.317453
2024-05-21 00:00:00+00:00,70136,-0.01787566056,0.500707796,1968.846336
2024-05-22 00:00:00+00:00,69118,-0.01462102539,0.4612010628,1537.25078
2024-05-23 00:00:00+00:00,67945,-0.01711663452,0.6124021311,2160.783046
2024-05-24 00:00:00+00:00,68548,0.008835675426,0.3832012679,1132.911194
2024-05-25 00:00:00+00:00,69275,0.01054986095,0.2103427455,499.4999576
2024-05-26 00:00:00+00:00,68489,-0.01141094232,0.2264039346,610.501155
2024-05-27 00:00:00+00:00,69392,0.01309843866,0.3511294691,1406.510673
2024-05-28 00:00:00+00:00,68327,-0.01546658384,0.4737397525,2285.117751
2024-05-29 00:00:00+00:00,67564,-0.01122970643,0.3843323043,1273.085864
2024-05-30 00:00:00+00:00,68338,0.011390684,0.412740535,1757.505513
2024-05-31 00:00:00+00:00,67477,-0.01267918175,0.3907278522,1880.059058
2024-06-01 00:00:00+00:00,67723,0.00363905727,0.1519997493,368.6240372
2024-06-02 00:00:00+00:00,67752,0.0004281232765,0.2432822283,544.3606243
2024-06-03 00:00:00+00:00,68801,0.0153643001,0.4155083262,2391.375924
2024-06-04 00:00:00+00:00,70564,0.02530181972,0.3889010547,2051.63351
2024-06-05 00:00:00+00:00,71119,0.00783443093,0.3911427735,2051.76991
2024-06-06 00:00:00+00:00,70775,-0.004848699366,0.3086782908,1673.760868
2024-06-07 00:00:00+00:00,69326,-0.02068581479,0.4686093717,3140.971272
2024-06-08 00:00:00+00:00,69306,-0.0002885336739,0.1493335307,428.0224142
2024-06-09 00:00:00+00:00,69640,0.004807632365,0.1553681638,464.3522655
2024-06-10 00:00:00+00:00,69501,-0.001997973944,0.2498400004,830.1546442
2024-06-11 00:00:00+00:00,67306,-0.03209175523,0.5309524924,2436.682245
2024-06-12 00:00:00+00:00,68243,0.01382547898,0.585343472,2448.035128
2024-06-13 00:00:00+00:00,66733,-0.02237528151,0.4439343955,1996.651489
2024-06-14 00:00:00+00:00,65996,-0.01110544907,0.4415231313,2391.470919
2024-06-15 00:00:00+00:00,66182,0.002814388518,0.1749282747,659.4047021
2024-06-16 00:00:00+00:00,66622,0.006626330682,0.1933139372,738.0346897
2024-06-17 00:00:00+00:00,66475,-0.002208916201,0.4073118929,2463.170656
2024-06-18 00:00:00+00:00,65145,-0.02021038247,0.5721905272,2210.707011
2024-06-19 00:00:00+00:00,64946,-0.00305939927,0.3221955026,927.5795282
2024-06-20 00:00:00+00:00,64845,-0.001556348597,0.3676340633,2185.323622
2024-06-21 00:00:00+00:00,64102,-0.0115242421,0.4040524805,1656.400219
2024-06-22 00:00:00+00:00,64233,0.002041532637,0.1299194059,277.8408454
2024-06-23 00:00:00+00:00,63154,-0.01694090928,0.1753183961,633.1499711
2024-06-24 00:00:00+00:00,60252,-0.0470404212,0.6537914875,3965.347223
2024-06-25 00:00:00+00:00,61789,0.02518958825,0.4622103912,2662.528291
2024-06-26 00:00:00+00:00,60807,-0.01602044117,0.3823735712,1392.694658
2024-06-27 00:00:00+00:00,61622,0.01331403571,0.3611747996,1601.146282
2024-06-28 00:00:00+00:00,60315,-0.02143812062,0.3809514408,1742.504786
2024-06-29 00:00:00+00:00,60879,0.009307458646,0.1946113393,580.7935298
2024-06-30 00:00:00+00:00,62676,0.02909031158,0.2989476395,969.0889497
2024-07-01 00:00:00+00:00,62829,0.002438151082,0.3704429922,1936.678503
2024-07-02 00:00:00+00:00,62033,-0.01275024881,0.3277475507,1129.739366
2024-07-03 00:00:00+00:00,60142,-0.03095806877,0.4484214634,2033.063555
2024-07-04 00:00:00+00:00,57045,-0.0528680027,0.738018776,2423.252949
2024-07-05 00:00:00+00:00,56632,-0.007266233576,0.8795113505,3234.228563
2024-07-06 00:00:00+00:00,58251,0.02818706321,0.3931641564,1203.365639
2024-07-07 00:00:00+00:00,55829,-0.04246781204,0.4403682192,1080.888686
2024-07-08 00:00:00+00:00,56710,0.01565711438,0.8808507594,3198.878496
2024-07-09 00:00:00+00:00,58033,0.02306125224,0.5786660139,2404.895491
2024-07-10 00:00:00+00:00,57733,-0.005182880493,0.5320043556,1861.630283
2024-07-11 00:00:00+00:00,57348,-0.006690964387,0.6082478455,2085.439228
2024-07-12 00:00:00+00:00,57889,0.009389414417,0.4815563719,2139.099798
2024-07-13 00:00:00+00:00,59226,0.02283325086,0.368874976,1402.770148
2024-07-14 00:00:00+00:00,60823,0.02660737225,0.4338894706,1472.241562
2024-07-15 00:00:00+00:00,64769,0.06285908692,0.5547943112,3739.219597
2024-07-16 00:00:00+00:00,65081,0.004805554107,0.6076599132,3199.099036
2024-07-17 00:00:00+00:00,64091,-0.01532869948,0.5069554707,1880.49091
2024-07-18 00:00:00+00:00,63964,-0.001983523355,0.4304641071,1526.407526
2024-07-19 00:00:00+00:00,66705,0.04195948753,0.4752070544,3112.28542
2024-07-20 00:00:00+00:00,67155,0.00672346773,0.3260748102,1186.524101
2024-07-21 00:00:00+00:00,68158,0.01482515901,0.4324239037,1881.462316
2024-07-22 00:00:00+00:00,67562,-0.008782844551,0.424271595,2375.20572
2024-07-23 00:00:00+00:00,65944,-0.02423979781,0.5067922856,2417.178854
2024-07-24 00:00:00+00:00,65376,-0.008650678376,0.4092860471,1796.81532
2024-07-25 00:00:00+00:00,65796,0.006403827575,0.5313439265,2022.67493
2024-07-26 00:00:00+00:00,67921,0.03178621889,0.4122093456,1786.03394
2024-07-27 00:00:00+00:00,67892,-0.0004270577992,0.6674110468,1875.179406
2024-07-28 00:00:00+00:00,68264,0.005464333935,0.3079502674,861.958033
2024-07-29 00:00:00+00:00,66780,-0.02197890672,0.5356098682,2363.695212
2024-07-30 00:00:00+00:00,66171,-0.009161334017,0.4884304292,1561.085969
2024-07-31 00:00:00+00:00,64612,-0.02384214845,0.484030612,1629.257743
2024-08-01 00:00:00+00:00,65293,0.01048468094,0.5598456609,2890.607047
2024-08-02 00:00:00+00:00,61421,-0.06113303676,0.7502928318,3479.046855
2024-08-03 00:00:00+00:00,60672,-0.01226948959,0.6192706152,1821.498961
2024-08-04 00:00:00+00:00,58142,-0.04259401237,0.5901970474,2394.633101
2024-08-05 00:00:00+00:00,54014,-0.07364502204,2.001917974,8238.872121
2024-08-06 00:00:00+00:00,56053,0.0370543995,0.898978655,3769.724983
2024-08-07 00:00:00+00:00,55136,-0.01649481138,0.766064496,3993.766633
2024-08-08 00:00:00+00:00,61699,0.112464863,0.8916166942,3876.672023
2024-08-09 00:00:00+00:00,60860,-0.01369157886,0.6690134713,2241.310734
2024-08-10 00:00:00+00:00,60952,0.001510524702,0.3608228126,1018.517513
2024-08-11 00:00:00+00:00,58725,-0.03722113863,0.5132707253,1496.953866
2024-08-12 00:00:00+00:00,59362,0.01078876047,0.8000347813,3412.560682
2024-08-13 00:00:00+00:00,60620,0.02097058062,0.5687979023,2874.931154
2024-08-14 00:00:00+00:00,58697,-0.03223625343,0.5923974177,3027.989662
2024-08-15 00:00:00+00:00,57557,-0.01961285707,0.6832628316,3240.343417
2024-08-16 00:00:00+00:00,58883,0.02277666308,0.6097267642,2945.173319
2024-08-17 00:00:00+00:00,59487,0.01020537708,0.241541646,913.4196083
2024-08-18 00:00:00+00:00,58430,-0.01792834472,0.3612472335,1375.044827
2024-08-19 00:00:00+00:00,59497,0.01809643455,0.4760714385,2045.097873
2024-08-20 00:00:00+00:00,59012,-0.008185078057,0.5240821822,2569.378757
2024-08-21 00:00:00+00:00,61159,0.03573621732,0.5471090732,2508.014623
2024-08-22 00:00:00+00:00,60383,-0.012769422,0.4548812262,1929.306273
2024-08-23 00:00:00+00:00,64085,0.05950271881,0.5761839942,3470.071237
2024-08-24 00:00:00+00:00,64174,0.001387817062,0.3168771312,1163.898098
2024-08-25 00:00:00+00:00,64262,0.00137033252,0.3184523082,918.6661649
2024-08-26 00:00:00+00:00,62852,-0.02218572044,0.4452481777,1460.73493
2024-08-27 00:00:00+00:00,59427,-0.05603408778,0.6585451438,2540.600727
2024-08-28 00:00:00+00:00,59033,-0.006652058971,0.6229205996,2782.476914
2024-08-29 00:00:00+00:00,59365,0.00560821754,0.4941552947,2511.223883
2024-08-30 00:00:00+00:00,59113,-0.004253960736,0.5078727106,2039.748223
2024-08-31 00:00:00+00:00,58967,-0.002472900989,0.2002670213,738.7541757
2024-09-01 00:00:00+00:00,57310,-0.02850283683,0.48137247,1650.43196
2024-09-02 00:00:00+00:00,59133,0.03131401565,0.4511399092,1642.912654
2024-09-03 00:00:00+00:00,57493,-0.02812594295,0.4170062964,1476.934355
2024-09-04 00:00:00+00:00,57956,0.008020900696,0.6091791266,2077.786598
2024-09-05 00:00:00+00:00,56158,-0.03151495541,0.5666840977,1485.692441
2024-09-06 00:00:00+00:00,53955,-0.04001878073,0.7910548451,2938.398176
2024-09-07 00:00:00+00:00,54147,0.003552204435,0.320831696,1046.863932
2024-09-08 00:00:00+00:00,54866,0.01319127858,0.3813113012,1237.779452
2024-09-09 00:00:00+00:00,57059,0.03919197139,0.5654225958,2644.120023
2024-09-10 00:00:00+00:00,57659,0.01046052879,0.4547327229,1878.561495
2024-09-11 00:00:00+00:00,57342,-0.005513009502,0.5923502973,3024.358453
2024-09-12 00:00:00+00:00,58139,0.01380335561,0.5102316714,2392.018851
2024-09-13 00:00:00+00:00,60545,0.04055019509,0.4068363471,2622.281516
2024-09-14 00:00:00+00:00,60012,-0.008842347982,0.2451681564,744.815539
2024-09-15 00:00:00+00:00,59130,-0.01480613239,0.2887661065,1377.742106
2024-09-16 00:00:00+00:00,58212,-0.01564689078,0.4450717142,1692.120776
2024-09-17 00:00:00+00:00,60316,0.03550588945,0.5002019103,2677.19876
2024-09-18 00:00:00+00:00,61757,0.0236099209,0.6232269006,3237.830845
2024-09-19 00:00:00+00:00,62940,0.01897456223,0.4875747679,3050.816029
2024-09-20 00:00:00+00:00,63211,0.004296445004,0.4537519485,1646.725074
2024-09-21 00:00:00+00:00,63364,0.002417540186,0.2023394543,578.82075
2024-09-22 00:00:00+00:00,63563,0.003135663225,0.319628017,932.5710833
2024-09-23 00:00:00+00:00,63325,-0.003751344163,0.4714531445,1113.078518
2024-09-24 00:00:00+00:00,64260,0.0146571578,0.402276166,1621.502324
2024-09-25 00:00:00+00:00,63147,-0.01747201196,0.3587713382,1172.764263
2024-09-26 00:00:00+00:00,65175,0.03161061809,0.4408862858,1758.774206
2024-09-27 00:00:00+00:00,65781,0.009255083015,0.3581449623,1261.815434
2024-09-28 00:00:00+00:00,65876,0.001443144177,0.187615433,557.5037474
2024-09-29 00:00:00+00:00,65601,-0.004183247276,0.2020644215,487.1918699
2024-09-30 00:00:00+00:00,63302,-0.03567401551,0.42948233,1759.707295
2024-10-01 00:00:00+00:00,60807,-0.0402120103,0.5990435166,2797.977099
2024-10-02 00:00:00+00:00,60634,-0.002849122076,0.5908863831,2437.72513
2024-10-03 00:00:00+00:00,60745,0.001828982459,0.5576178125,1412.603687
2024-10-04 00:00:00+00:00,62081,0.02175520969,0.4078984721,1394.478029
2024-10-05 00:00:00+00:00,62063,-0.0002899858249,0.1834689507,449.6542418
2024-10-06 00:00:00+00:00,62814,0.0120279804,0.2279264684,846.7320859
2024-10-07 00:00:00+00:00,62212,-0.009630071383,0.4700203363,1815.268372
2024-10-08 00:00:00+00:00,62133,-0.00127065842,0.3974197721,1116.302783
2024-10-09 00:00:00+00:00,60582,-0.02527942951,0.3906613416,1354.909433
2024-10-10 00:00:00+00:00,60278,-0.005030624543,0.4283866765,1799.48729
2024-10-11 00:00:00+00:00,62452,0.03543106697,0.3715701507,1582.705083
2024-10-12 00:00:00+00:00,63194,0.01181109826,0.2418762956,685.6928658
2024-10-13 00:00:00+00:00,62849,-0.005474335926,0.2668743674,653.1661088
2024-10-14 00:00:00+00:00,66070,0.04997976203,0.4522613249,2390.389386
2024-10-15 00:00:00+00:00,67061,0.0148878669,0.6272904155,2488.99179
2024-10-16 00:00:00+00:00,67622,0.008330720945,0.493519344,1716.959698
2024-10-17 00:00:00+00:00,67392,-0.003407057379,0.3907308751,1298.221463
2024-10-18 00:00:00+00:00,68420,0.01513886304,0.3791680616,1434.33127
2024-10-19 00:00:00+00:00,68359,-0.0008919498467,0.1557201122,414.911566
2024-10-20 00:00:00+00:00,69011,0.009492682478,0.2118265955,606.1030937
2024-10-21 00:00:00+00:00,67340,-0.02451149845,0.3677837215,1752.720543
2024-10-22 00:00:00+00:00,67382,0.0006235062033,0.3967940018,1626.859646
2024-10-23 00:00:00+00:00,66601,-0.01165832749,0.3702505704,1927.84171
2024-10-24 00:00:00+00:00,68155,0.02306493057,0.3581198512,2140.088185
2024-10-25 00:00:00+00:00,66578,-0.02341033038,0.5437434023,2730.81363
2024-10-26 00:00:00+00:00,67003,0.006363201863,0.236614488,489.3257825
2024-10-27 00:00:00+00:00,67938,0.01385813005,0.2024444345,739.9789575
2024-10-28 00:00:00+00:00,69918,0.02872760226,0.3803531433,2063.863325
2024-10-29 00:00:00+00:00,72729,0.03941707777,0.476703633,3975.690203
2024-10-30 00:00:00+00:00,72331,-0.0054873983,0.4005596917,2263.683546
2024-10-31 00:00:00+00:00,70231,-0.02946299729,0.4166848932,1776.409155
2024-11-01 00:00:00+00:00,69490,-0.01060695167,0.5568191051,2717.471793
2024-11-02 00:00:00+00:00,69330,-0.002305144372,0.2099722513,1047.124687
2024-11-03 00:00:00+00:00,68738,-0.008575537097,0.4043064665,1915.471573
2024-11-04 00:00:00+00:00,67818,-0.01347452942,0.4611907414,2538.340802
2024-11-05 00:00:00+00:00,69386,0.02285747162,0.5045095014,2370.705183
2024-11-06 00:00:00+00:00,75637,0.08626046339,0.8669504671,7732.001294
2024-11-07 00:00:00+00:00,75921,0.003747744526,0.4729337758,3265.433573
2024-11-08 00:00:00+00:00,76561,0.008394482736,0.4048165926,2466.525731
2024-11-09 00:00:00+00:00,76722,0.002100690347,0.2559335224,837.8274542
2024-11-10 00:00:00+00:00,80425,0.04713657407,0.6297886735,2739.765605
2024-11-11 00:00:00+00:00,88770,0.09872368196,0.7226206008,6695.156715
2024-11-12 00:00:00+00:00,88031,-0.008359729908,0.9134805737,8037.514534
2024-11-13 00:00:00+00:00,90521,0.02789284281,0.9074941806,7338.029728
2024-11-14 00:00:00+00:00,87333,-0.03585346969,0.7893361434,3805.761641
2024-11-15 00:00:00+00:00,91070,0.04190004329,0.6583715987,4491.151069
2024-11-16 00:00:00+00:00,90608,-0.005085932208,0.3744912976,1538.877178
2024-11-17 00:00:00+00:00,89861,-0.008278477369,0.4302432162,2016.097676
2024-11-18 00:00:00+00:00,90512,0.007218406599,0.6378543474,4276.188216
2024-11-19 00:00:00+00:00,92424,0.02090424658,0.5874693804,3884.882624
2024-11-20 00:00:00+00:00,94373,0.02086833011,0.5346029656,9293.970292
2024-11-21 00:00:00+00:00,98451,0.04230394718,0.5714492969,7280.769582
2024-11-22 00:00:00+00:00,99013,0.005692192171,0.4903111202,4646.094545
2024-11-23 00:00:00+00:00,97775,-0.012582234,0.2781416796,1719.124745
2024-11-24 00:00:00+00:00,98007,0.00236998405,0.386331791,1814.007572
2024-11-25 00:00:00+00:00,93035,-0.05206313825,0.6144637051,2969.548415
2024-11-26 00:00:00+00:00,91928,-0.01197010448,0.6665764878,3575.097431
2024-11-27 00:00:00+00:00,95978,0.04311333658,0.4767659531,2999.134158
2024-11-28 00:00:00+00:00,95661,-0.003308306651,0.4219953244,2070.270768
2024-11-29 00:00:00+00:00,97512,0.01916475547,0.3661324228,2410.841978
2024-11-30 00:00:00+00:00,96441,-0.01104402495,0.2330012486,646.2207808
2024-12-01 00:00:00+00:00,97291,0.008775065083,0.2708042443,884.6556605
2024-12-02 00:00:00+00:00,95859,-0.01482812569,0.5036878347,3225.021016
2024-12-03 00:00:00+00:00,95926,0.0006986990925,0.4476876658,3484.909125
2024-12-04 00:00:00+00:00,98773,0.02924722716,0.4680392121,4309.944736
2024-12-05 00:00:00+00:00,97057,-0.01752585327,1.180450641,7450.450187
2024-12-06 00:00:00+00:00,99898,0.02885123065,0.5803748492,2613.211052
2024-12-07 00:00:00+00:00,99929,0.0003102683846,0.3132575149,587.8767451
2024-12-08 00:00:00+00:00,101204,0.01267834795,0.3153260604,1073.327634
2024-12-09 00:00:00+00:00,97468,-0.03761416276,0.6945081585,2468.792839
2024-12-10 00:00:00+00:00,96648,-0.008448606787,0.6814180825,2092.497241
2024-12-11 00:00:00+00:00,101201,0.04603312601,0.4840377851,2196.181375
2024-12-12 00:00:00+00:00,100068,-0.01125868333,0.5105336584,1393.193422
2024-12-13 00:00:00+00:00,101435,0.01356824436,0.3781981127,1030.494215
2024-12-14 00:00:00+00:00,101382,-0.0005226386467,0.299595878,566.5366089
2024-12-15 00:00:00+00:00,104427,0.0295927021,0.3629007807,1369.987986
2024-12-16 00:00:00+00:00,106073,0.01563927362,0.5198904865,2171.772637
2024-12-17 00:00:00+00:00,106187,0.001074154442,0.4600549695,1405.939006
2024-12-18 00:00:00+00:00,100153,-0.05850267404,0.6851745485,2557.288149
2024-12-19 00:00:00+00:00,97375,-0.02812951254,0.7837506392,3425.501545
2024-12-20 00:00:00+00:00,97760,0.003945991232,0.8547358058,2706.241437
2024-12-21 00:00:00+00:00,97211,-0.005631621636,0.4462510919,1740.043239
2024-12-22 00:00:00+00:00,95098,-0.02197593495,0.4825020786,2075.508743
2024-12-23 00:00:00+00:00,94750,-0.003666094873,0.6778347117,2428.604265
2024-12-24 00:00:00+00:00,98596,0.03978884887,0.4820721221,1444.53569
2024-12-25 00:00:00+00:00,99374,0.007859817196,0.422072372,849.5122483
2024-12-26 00:00:00+00:00,95687,-0.03780806197,0.5269947289,1501.367766
2024-12-27 00:00:00+00:00,94168,-0.01600202695,0.5355936185,2416.242322
2024-12-28 00:00:00+00:00,95139,0.01025855901,0.2775555893,839.505181
2024-12-29 00:00:00+00:00,93557,-0.01676810391,0.2963883623,851.8055492
2024-12-30 00:00:00+00:00,92628,-0.009979404461,0.5407559762,1841.043084
2024-12-31 00:00:00+00:00,93381,0.008096426661,0.4668110838,1128.827937
2025-01-01 00:00:00+00:00,94388,0.01072604801,0.3079710844,777.1394255
2025-01-02 00:00:00+00:00,96907,0.02633780928,0.4506086991,1219.193707
2025-01-03 00:00:00+00:00,98133,0.01257194573,0.3410907628,1159.419098
2025-01-04 00:00:00+00:00,98209,0.0007741594136,0.2195663326,445.4913034
2025-01-05 00:00:00+00:00,98327,0.001200797962,0.2289360987,454.7201916
2025-01-06 00:00:00+00:00,102280,0.03941549161,0.4260538302,1742.612892
2025-01-07 00:00:00+00:00,96946,-0.05356002797,0.5052658746,1490.599967
2025-01-08 00:00:00+00:00,95065,-0.0195932543,0.5751309339,2081.044627
2025-01-09 00:00:00+00:00,92542,-0.02689827264,0.5859019594,1877.800589
2025-01-10 00:00:00+00:00,94702,0.02307252377,0.6815593508,1798.969992
2025-01-11 00:00:00+00:00,94568,-0.001415966845,0.218556271,639.877401
2025-01-12 00:00:00+00:00,94497,-0.000751064484,0.2381580431,570.9787666
2025-01-13 00:00:00+00:00,94505,8.465518888e-05,0.7369889377,2125.862327
2025-01-14 00:00:00+00:00,96523,0.02112857876,0.5208273511,1477.809443
2025-01-15 00:00:00+00:00,100512,0.04049580144,0.490774403,1811.817066
2025-01-16 00:00:00+00:00,99975,-0.005356968623,0.5211515424,1817.774606
2025-01-17 00:00:00+00:00,104119,0.04061432104,0.4618630191,3087.397081
2025-01-18 00:00:00+00:00,104436,0.003039967818,0.4434538655,1306.428028
2025-01-19 00:00:00+00:00,101237,-0.03111014091,0.7642045391,2602.442335
2025-01-20 00:00:00+00:00,102141,0.008889908974,1.42228168,3921.869069
2025-01-21 00:00:00+00:00,106149,0.03848955582,0.7954592712,3058.410334
2025-01-22 00:00:00+00:00,103632,-0.02399760503,0.475328371,1713.553688
2025-01-23 00:00:00+00:00,103933,0.002900298326,1.026496532,3790.173042
2025-01-24 00:00:00+00:00,104855,0.008831982617,0.515788693,1725.2337
2025-01-25 00:00:00+00:00,104738,-0.001116449616,0.2568713792,735.890585
2025-01-26 00:00:00+00:00,102573,-0.02088725356,0.2817509284,798.341319
2025-01-27 00:00:00+00:00,102090,-0.004719963029,0.7875007868,3210.126254
2025-01-28 00:00:00+00:00,101292,-0.007847342391,0.5152822456,1721.673212
2025-01-29 00:00:00+00:00,103747,0.02394780824,0.5383126494,1535.931659
2025-01-30 00:00:00+00:00,104738,0.009506750737,0.3835765835,1543.139302
2025-01-31 00:00:00+00:00,102412,-0.02245810053,0.3961915959,2016.512359
2025-02-01 00:00:00+00:00,100638,-0.0174739733,0.290114158,785.4891168
2025-02-02 00:00:00+00:00,97675,-0.029884279,0.6440083954,1747.978207
2025-02-03 00:00:00+00:00,101457,0.03798942246,1.063781464,4081.884021
2025-02-04 00:00:00+00:00,97786,-0.03685364589,0.716611857,2068.167391
2025-02-05 00:00:00+00:00,96614,-0.01205775926,0.5070599607,1576.922227
2025-02-06 00:00:00+00:00,96573,-0.0004244592091,0.4971583077,1723.925211
2025-02-07 00:00:00+00:00,96535,-0.0003935621568,0.5620582575,1936.931678
2025-02-08 00:00:00+00:00,96472,-0.0006528260865,0.2585606716,615.7124324
2025-02-09 00:00:00+00:00,96477,5.182716678e-05,0.3274225681,1008.668707
2025-02-10 00:00:00+00:00,97469,0.01022974076,0.418178594,994.1088788
2025-02-11 00:00:00+00:00,95754,-0.01775197608,0.3668406127,1284.471411
2025-02-12 00:00:00+00:00,97882,0.0219802689,0.5548672098,1476.470492
2025-02-13 00:00:00+00:00,96627,-0.01290446628,0.3839457658,857.7589353
2025-02-14 00:00:00+00:00,97520,0.009199279903,0.3651341135,1251.272688
2025-02-15 00:00:00+00:00,97591,0.0007277908794,0.1759992125,335.7448041
2025-02-16 00:00:00+00:00,96132,-0.01506302903,0.2017471251,445.5738115
2025-02-17 00:00:00+00:00,95772,-0.003751880339,0.2809279492,800.6380713
2025-02-18 00:00:00+00:00,95612,-0.001672031489,0.4144058409,1415.529024
2025-02-19 00:00:00+00:00,96642,0.01071509414,0.3212011329,1420.104728
2025-02-20 00:00:00+00:00,98337,0.01738692578,0.2776969414,1681.576501
2025-02-21 00:00:00+00:00,96131,-0.02268851051,0.4648648803,2838.775619
2025-02-22 00:00:00+00:00,96572,0.004576999526,0.1720076026,795.7226262
2025-02-23 00:00:00+00:00,96262,-0.003215203409,0.1675766459,539.9144753
2025-02-24 00:00:00+00:00,91554,-0.05014467858,0.4888892376,1692.147414
2025-02-25 00:00:00+00:00,88576,-0.03306802158,0.918719153,4284.625463
2025-02-26 00:00:00+00:00,84071,-0.05219926063,0.8373852386,3118.754783
2025-02-27 00:00:00+00:00,84639,0.006733473369,0.6595093909,2559.949084
2025-02-28 00:00:00+00:00,84321,-0.00376420899,1.030547191,3567.367973
2025-03-01 00:00:00+00:00,86033,0.02009999928,0.4154986342,1461.966017
2025-03-02 00:00:00+00:00,94273,0.09146388481,0.8227519752,3153.02965
2025-03-03 00:00:00+00:00,86160,-0.08998879554,0.9900216802,2856.704244
2025-03-04 00:00:00+00:00,87240,0.01245690849,1.090482016,3206.20571
2025-03-05 00:00:00+00:00,90611,0.03791267715,0.7609621526,1832.665406
2025-03-06 00:00:00+00:00,89918,-0.007677474577,0.7434113318,2169.689725
2025-03-07 00:00:00+00:00,86759,-0.03576398406,1.155046611,3286.780155
2025-03-08 00:00:00+00:00,86192,-0.006556793905,0.3849567301,579.749111
2025-03-09 00:00:00+00:00,80708,-0.06573966299,0.6184154945,1710.179388
2025-03-10 00:00:00+00:00,78561,-0.02696230986,0.9335272531,2977.792688
2025-03-11 00:00:00+00:00,82869,0.05338565461,0.9304835957,2656.563712
2025-03-12 00:00:00+00:00,83620,0.009021678233,0.6578745771,2469.21847
2025-03-13 00:00:00+00:00,81079,-0.03085873792,0.5586780417,1830.000892
2025-03-14 00:00:00+00:00,83975,0.03509514749,0.5072607942,1986.995114
2025-03-15 00:00:00+00:00,84347,0.004420106767,0.2182478204,486.1901021
2025-03-16 00:00:00+00:00,82555,-0.02147450438,0.4860978115,1178.202344
2025-03-17 00:00:00+00:00,84058,0.01804229888,0.4538134098,1198.896396
2025-03-18 00:00:00+00:00,82715,-0.01610607271,0.4461623944,1290.215053
2025-03-19 00:00:00+00:00,86868,0.04898876104,0.4956994616,1926.609535
2025-03-20 00:00:00+00:00,84158,-0.03169374065,0.4549936173,1877.132355
2025-03-21 00:00:00+00:00,84061,-0.001153258678,0.3511673217,1146.50783
2025-03-22 00:00:00+00:00,83823,-0.002835292934,0.1378717005,316.8648499
2025-03-23 00:00:00+00:00,86084,0.0266161309,0.2095004759,649.9139789
2025-03-24 00:00:00+00:00,87512,0.01645236308,0.3804556491,1888.334131
2025-03-25 00:00:00+00:00,87436,-0.0008688296497,0.3784074896,2134.772153
2025-03-26 00:00:00+00:00,86913,-0.005999478847,0.3641399659,1552.959773
2025-03-27 00:00:00+00:00,87219,0.003514578768,0.3460502163,1289.372897
2025-03-28 00:00:00+00:00,84379,-0.03310364161,0.3760879277,1392.33625
2025-03-29 00:00:00+00:00,82608,-0.02121202734,0.3360767566,745.3934536
2025-03-30 00:00:00+00:00,82359,-0.003018787868,0.328273673,840.3826347
2025-03-31 00:00:00+00:00,82538,0.002171053085,0.5167702285,1937.33728
2025-04-01 00:00:00+00:00,85170,0.0313904658,0.411416069,1504.002402
2025-04-02 00:00:00+00:00,82502,-0.03182672368,0.7290257173,2861.646663
2025-04-03 00:00:00+00:00,83132,0.007607170486,0.52940395,1777.452408
2025-04-04 00:00:00+00:00,83851,0.0086117083,0.6384577932,2005.882827
2025-04-05 00:00:00+00:00,83507,-0.004110953578,0.2730873126,518.1818543
2025-04-06 00:00:00+00:00,78342,-0.06384660302,0.6512378634,2165.481302
2025-04-07 00:00:00+00:00,79127,0.009970298952,1.185436845,4083.99711
2025-04-08 00:00:00+00:00,76244,-0.03711543274,0.6514524897,2245.50901
2025-04-09 00:00:00+00:00,82595,0.08001042214,0.9712756224,4038.276211
2025-04-10 00:00:00+00:00,79543,-0.03765139007,0.6061918503,1564.077378
2025-04-11 00:00:00+00:00,83384,0.0471586885,0.5604434761,1728.840989
2025-04-12 00:00:00+00:00,85274,0.02241315703,0.3813504992,847.6375757
2025-04-13 00:00:00+00:00,83712,-0.01848726507,0.5161809461,1210.922231
2025-04-14 00:00:00+00:00,84583,0.0103509644,0.5231290836,1425.881757
2025-04-15 00:00:00+00:00,83686,-0.01066160133,0.3994350243,1162.911798
2025-04-16 00:00:00+00:00,84046,0.004292568535,0.4431473466,1593.448399
2025-04-17 00:00:00+00:00,84954,0.01074566553,0.3225578023,1119.587824
2025-04-18 00:00:00+00:00,84468,-0.005737169117,0.16976348,323.2409624
2025-04-19 00:00:00+00:00,85069,0.007089927479,0.1816073634,631.4908381
2025-04-20 00:00:00+00:00,85198,0.001515267488,0.2063195168,462.8097462
2025-04-21 00:00:00+00:00,87505,0.02671797521,0.4387281799,2179.815866
2025-04-22 00:00:00+00:00,93481,0.0660622725,0.5900836067,2859.469206
2025-04-23 00:00:00+00:00,93730,0.00266010167,0.5011169886,2423.426916
2025-04-24 00:00:00+00:00,94010,0.002982850832,0.3599820348,1192.708175
2025-04-25 00:00:00+00:00,94726,0.007587354134,0.3860428908,2287.687501
2025-04-26 00:00:00+00:00,94662,-0.0006758612207,0.226586005,518.6807308
2025-04-27 00:00:00+00:00,93769,-0.00947834152,0.2546077632,582.205268
2025-04-28 00:00:00+00:00,95041,0.01347406646,0.3541586743,1571.438685
2025-04-29 00:00:00+00:00,94285,-0.007986267266,0.341466789,877.6737803
2025-04-30 00:00:00+00:00,94181,-0.001103647454,0.3511183481,1384.243626
2025-05-01 00:00:00+00:00,96535,0.02468717416,0.3219791499,1742.186635
2025-05-02 00:00:00+00:00,96925,0.004031846669,0.2963053293,919.2077212
2025-05-03 00:00:00+00:00,95916,-0.01046467513,0.1722924044,696.3741888
2025-05-04 00:00:00+00:00,94316,-0.01682196192,0.2366186629,562.7731758
2025-05-05 00:00:00+00:00,94725,0.004327110396,0.3129129375,936.9336962
2025-05-06 00:00:00+00:00,96814,0.02181365502,0.3187546716,1074.635037
2025-05-07 00:00:00+00:00,97054,0.00247591271,0.3399847251,1333.272379
2025-05-08 00:00:00+00:00,103261,0.06199223906,0.4646022983,2303.463144
2025-05-09 00:00:00+00:00,102991,-0.002618157926,0.3939134579,1336.085909
2025-05-10 00:00:00+00:00,104809,0.01749804029,0.2822938697,624.2650662
2025-05-11 00:00:00+00:00,104129,-0.006509130947,0.3535090037,718.3683231
2025-05-12 00:00:00+00:00,102796,-0.01288407336,0.4877319613,1914.472054
2025-05-13 00:00:00+00:00,104135,0.01294169253,0.3741282848,1432.504057
2025-05-14 00:00:00+00:00,103531,-0.005817049524,0.3043433407,1171.49377
2025-05-15 00:00:00+00:00,103793,0.002527446311,0.384680901,1339.093301
2025-05-16 00:00:00+00:00,103506,-0.002768949039,0.2931914903,994.760377
2025-05-17 00:00:00+00:00,103153,-0.003416259087,0.2391219394,459.8098888
2025-05-18 00:00:00+00:00,106520,0.03211943799,0.353705287,905.1793956
2025-05-19 00:00:00+00:00,105622,-0.008466078039,0.4403202419,1677.932123
2025-05-20 00:00:00+00:00,106855,0.01160609234,0.3915575009,1462.424853
2025-05-21 00:00:00+00:00,109682,0.02611249471,0.5561161771,2430.794137
2025-05-22 00:00:00+00:00,111743,0.01861632176,0.4602347339,1375.740257
2025-05-23 00:00:00+00:00,107329,-0.04030270832,0.5225016706,1588.228626
2025-05-24 00:00:00+00:00,107799,0.004369498604,0.3334295118,577.0668058
2025-05-25 00:00:00+00:00,109068,0.01170315893,0.3535436318,908.9762531
2025-05-26 00:00:00+00:00,109468,0.003660728179,0.3222954953,736.7366245
2025-05-27 00:00:00+00:00,108980,-0.004467889949,0.4233580263,1296.612505
2025-05-28 00:00:00+00:00,107811,-0.01078468507,0.3218315385,1079.82739
2025-05-29 00:00:00+00:00,105578,-0.02092967785,0.4019324522,1431.778902
2025-05-30 00:00:00+00:00,104034,-0.01473224744,0.4243284485,1224.110223
2025-05-31 00:00:00+00:00,104646,0.005865456724,0.2870734211,483.3113863
2025-06-01 00:00:00+00:00,105705,0.01006896993,0.2406558232,648.0674783
2025-06-02 00:00:00+00:00,105905,0.001890270399,0.307430416,941.7313758
2025-06-03 00:00:00+00:00,105454,-0.004267626971,0.2796272981,924.4238924
2025-06-04 00:00:00+00:00,104745,-0.006746013909,0.2482567362,791.9484736
2025-06-05 00:00:00+00:00,101559,-0.03088891457,0.439194433,1374.329509
2025-06-06 00:00:00+00:00,104393,0.027522713,0.2946910699,1474.941483
2025-06-07 00:00:00+00:00,105619,0.01167565594,0.1951058964,613.8714558
2025-06-08 00:00:00+00:00,105792,0.001636622868,0.1783405376,353.1307259
2025-06-09 00:00:00+00:00,110307,0.04179248533,0.3304404153,1163.278776
2025-06-10 00:00:00+00:00,110292,-0.0001359933637,0.3238677934,920.6527622
2025-06-11 00:00:00+00:00,108678,-0.01474201243,0.3069705747,717.4883123
2025-06-12 00:00:00+00:00,105731,-0.02749124899,0.3526880231,855.7650625
2025-06-13 00:00:00+00:00,106118,0.00365354975,0.4923581944,1268.164883
2025-06-14 00:00:00+00:00,105464,-0.006182020048,0.2195931527,516.9000489
2025-06-15 00:00:00+00:00,105617,0.001449680708,0.2211003284,487.5897013
2025-06-16 00:00:00+00:00,106829,0.01141008208,0.3519955772,932.0559904
2025-06-17 00:00:00+00:00,104584,-0.02123884899,0.3759533123,1157.652589
2025-06-18 00:00:00+00:00,104922,0.0032266407,0.3803615305,971.0503192
2025-06-19 00:00:00+00:00,104688,-0.002232718832,0.2426245965,464.845826
2025-06-20 00:00:00+00:00,103316,-0.01319224532,0.3435362142,971.5161946
2025-06-21 00:00:00+00:00,102139,-0.01145762212,0.3497338637,817.5213453
2025-06-22 00:00:00+00:00,101015,-0.01106561002,0.538560903,1366.052813
2025-06-23 00:00:00+00:00,105464,0.04310064179,0.4974573853,1771.478094
2025-06-24 00:00:00+00:00,106131,0.00630451768,0.3415359973,1158.175426
2025-06-25 00:00:00+00:00,107418,0.01205358566,0.3159612879,1202.130731
2025-06-26 00:00:00+00:00,107004,-0.003861548856,0.2820058267,791.3797494
2025-06-27 00:00:00+00:00,107100,0.000896760513,0.2574861374,1286.607115
2025-06-28 00:00:00+00:00,107348,0.00231291605,0.09216073117,204.9997669
2025-06-29 00:00:00+00:00,108384,0.009604583132,0.1725631439,526.4290765
2025-06-30 00:00:00+00:00,107179,-0.01118014271,0.2372502111,809.671168
2025-07-01 00:00:00+00:00,105709,-0.01381029803,0.2537944044,918.5918004
2025-07-02 00:00:00+00:00,108885,0.02960224351,0.2748912408,910.9516761
2025-07-03 00:00:00+00:00,109648,0.006982955439,0.2897732045,902.3948093
2025-07-04 00:00:00+00:00,108033,-0.01483849884,0.2197600141,607.8822874
2025-07-05 00:00:00+00:00,108240,0.001914247855,0.1128903387,219.2169117
2025-07-06 00:00:00+00:00,109233,0.009132231598,0.207683088,420.0824432
2025-07-07 00:00:00+00:00,108287,-0.008698105593,0.2383615186,708.7825178
2025-07-08 00:00:00+00:00,108947,0.006076415577,0.2204735146,676.8966481
2025-07-09 00:00:00+00:00,111287,0.02125092458,0.2835148702,1206.494727
2025-07-10 00:00:00+00:00,116031,0.04174494676,0.423725658,1983.521446
2025-07-11 00:00:00+00:00,117579,0.01325305131,0.3784830127,1872.270059
2025-07-12 00:00:00+00:00,117464,-0.0009785444295,0.193310702,657.6111885
2025-07-13 00:00:00+00:00,119135,0.01412540023,0.2341628558,699.601998
2025-07-14 00:00:00+00:00,119879,0.006225596852,0.4071797566,2008.679901
2025-07-15 00:00:00+00:00,117769,-0.01775782205,0.4960565865,5844.556731
2025-07-16 00:00:00+00:00,118718,0.008025854225,0.3632457301,1446.657931
2025-07-17 00:00:00+00:00,119275,0.004680818486,0.3833515587,1630.8239
2025-07-18 00:00:00+00:00,118022,-0.01056070364,0.3693819325,1825.064011
2025-07-19 00:00:00+00:00,117916,-0.0008985412026,0.1820256437,499.2517116
2025-07-20 00:00:00+00:00,117339,-0.004905325345,0.2591776679,615.1984673
2025-07-21 00:00:00+00:00,117437,0.0008348383625,0.3223445782,1334.501578
2025-07-22 00:00:00+00:00,120011,0.02168138567,0.4004149566,1298.089835
2025-07-23 00:00:00+00:00,118813,-0.0100325767,0.3199856249,980.2316955
2025-07-24 00:00:00+00:00,118347,-0.003929841455,0.3123166493,1079.421298
2025-07-25 00:00:00+00:00,117653,-0.005881372885,0.4160146115,5661.938752
2025-07-26 00:00:00+00:00,117962,0.002622924493,0.1356433265,618.4332275
2025-07-27 00:00:00+00:00,119469,0.01269438479,0.1894060726,579.5747752
2025-07-28 00:00:00+00:00,118051,-0.01194018901,0.2845746621,1062.354235
2025-07-29 00:00:00+00:00,117926,-0.001059425382,0.2907238578,1161.323331
2025-07-30 00:00:00+00:00,117834,-0.0007804547393,0.3011135848,1043.635629
2025-07-31 00:00:00+00:00,115750,-0.01784416139,0.2894153519,1022.712203
2025-08-01 00:00:00+00:00,113243,-0.02189674067,0.492399084,2329.787439
2025-08-02 00:00:00+00:00,112522,-0.006387194217,0.2700419364,1093.670894
2025-08-03 00:00:00+00:00,114226,0.01503018398,0.2054030753,757.7081754
2025-08-04 00:00:00+00:00,115051,0.007196566255,0.2530289866,933.2765092
2025-08-05 00:00:00+00:00,114133,-0.008011073282,0.316314796,941.8063747
2025-08-06 00:00:00+00:00,115030,0.007828528873,0.2747725621,1202.637118
2025-08-07 00:00:00+00:00,117515,0.0213730211,0.2740160412,1447.583018
2025-08-08 00:00:00+00:00,116675,-0.007173693175,0.233130543,1599.135388
2025-08-09 00:00:00+00:00,116495,-0.001543938206,0.1744803285,985.9907929
2025-08-10 00:00:00+00:00,119310,0.02387679426,0.2506119562,1018.226009
2025-08-11 00:00:00+00:00,118712,-0.005024756184,0.3817806671,2061.106092
2025-08-12 00:00:00+00:00,120107,0.01168262045,0.3326812666,1834.332649
2025-08-13 00:00:00+00:00,123360,0.02672389766,0.3714671495,2624.510935
2025-08-14 00:00:00+00:00,118394,-0.04108886432,0.5044614463,2568.14324
2025-08-15 00:00:00+00:00,117446,-0.008039392011,0.3233079156,1480.945005
2025-08-16 00:00:00+00:00,117460,0.000119196615,0.1605037541,818.5577922
2025-08-17 00:00:00+00:00,117490,0.0002553734851,0.1634255298,822.5024019
2025-08-18 00:00:00+00:00,116265,-0.01048115518,0.3237817895,1938.436509
2025-08-19 00:00:00+00:00,112870,-0.02963535443,0.3636588556,1676.748213
2025-08-20 00:00:00+00:00,114263,0.01226609489,0.3490717476,2261.155904
2025-08-21 00:00:00+00:00,112472,-0.01579850708,0.3088128129,1865.840996
2025-08-22 00:00:00+00:00,116891,0.03853757486,0.4209076725,2747.023751
2025-08-23 00:00:00+00:00,115392,-0.01290684905,0.1840295354,1011.764079
2025-08-24 00:00:00+00:00,113478,-0.01672604205,0.4745411546,1706.859217
2025-08-25 00:00:00+00:00,110136,-0.02989301977,0.4530854937,2458.058799
2025-08-26 00:00:00+00:00,111788,0.01488825467,0.4267732534,1921.0684
2025-08-27 00:00:00+00:00,111273,-0.004617579183,0.4314411661,1115.692278
2025-08-28 00:00:00+00:00,112581,0.01168632132,0.2936532611,1313.363125
2025-08-29 00:00:00+00:00,108362,-0.03819548853,0.435659969,1977.324125
2025-08-30 00:00:00+00:00,108827,0.004281991358,0.1860585507,790.8301307
2025-08-31 00:00:00+00:00,108269,-0.005140594288,0.1989501875,747.3677971
2025-09-01 00:00:00+00:00,109244,0.008965041448,0.3566066139,1584.061806
2025-09-02 00:00:00+00:00,111238,0.0180881375,0.3860680792,2118.598291
2025-09-03 00:00:00+00:00,111759,0.004672717104,0.2968695354,2089.179213
2025-09-04 00:00:00+00:00,110747,-0.009096446641,0.2914048454,1931.558655
2025-09-05 00:00:00+00:00,110669,-0.0007045561588,0.4074671216,2214.242017
2025-09-06 00:00:00+00:00,110223,-0.004038177988,0.135450242,753.3608269
2025-09-07 00:00:00+00:00,111144,0.008321071471,0.1513698311,1147.75813
2025-09-08 00:00:00+00:00,112098,0.008546830859,0.252289708,1382.325072
2025-09-09 00:00:00+00:00,111531,-0.005070909542,0.2710646489,1444.08044
2025-09-10 00:00:00+00:00,113988,0.02179060053,0.2984510521,1623.886525
2025-09-11 00:00:00+00:00,115533,0.01346302374,0.2715630806,1488.743982
2025-09-12 00:00:00+00:00,116108,0.004964589006,0.2419460348,2158.420313
2025-09-13 00:00:00+00:00,115981,-0.001094407858,0.1440656674,637.9200089
2025-09-14 00:00:00+00:00,115342,-0.005524756512,0.158071624,709.0524975
2025-09-15 00:00:00+00:00,115387,0.0003900680068,0.2667749244,1496.618084
2025-09-16 00:00:00+00:00,116837,0.01248810497,0.232902659,1255.434318
2025-09-17 00:00:00+00:00,116477,-0.003085972429,0.3193014296,2153.84805
2025-09-18 00:00:00+00:00,117125,0.005547911936,0.2419567302,2093.198208
2025-09-19 00:00:00+00:00,115702,-0.01222382042,0.1837253508,1802.709902
2025-09-20 00:00:00+00:00,115759,0.0004925235884,0.08299206279,1111.988902
2025-09-21 00:00:00+00:00,115292,-0.004042403071,0.1003964556,789.197728
2025-09-22 00:00:00+00:00,112741,-0.02237488807,0.3895555632,1951.762176
2025-09-23 00:00:00+00:00,112025,-0.006371091908,0.2482317109,1468.038787
2025-09-24 00:00:00+00:00,113339,0.01166126702,0.2595946498,1320.906678
2025-09-25 00:00:00+00:00,109021,-0.03884280347,0.3868187536,2615.572028
2025-09-26 00:00:00+00:00,109696,0.006172379312,0.3177489371,1849.109828
2025-09-27 00:00:00+00:00,109679,-0.0001549857553,0.1172549571,475.3971979
2025-09-28 00:00:00+00:00,112203,0.02275181292,0.179566177,789.1447794
2025-09-29 00:00:00+00:00,114379,0.01920776496,0.2470544207,1866.139861
2025-09-30 00:00:00+00:00,114065,-0.002749034317,0.2692278858,1873.803489
2025-10-01 00:00:00+00:00,118668,0.03956121673,0.2853402767,2297.032761
2025-10-02 00:00:00+00:00,120612,0.01624910375,0.2914034372,2079.676901
2025-10-03 00:00:00+00:00,122308,0.01396367164,0.354172862,3097.072323
2025-10-04 00:00:00+00:00,122441,0.001086827837,0.1662150204,628.472184
2025-10-05 00:00:00+00:00,123519,0.008765709079,0.3553512856,1675.31764
2025-10-06 00:00:00+00:00,124728,0.009740375985,0.3231069816,2416.901982
2025-10-07 00:00:00+00:00,121395,-0.02708567476,0.3444705418,2470.104897
2025-10-08 00:00:00+00:00,123345,0.01593561548,0.3364357796,2511.131706
2025-10-09 00:00:00+00:00,121695,-0.01346739258,0.3405863268,2339.508921
2025-10-10 00:00:00+00:00,112996,-0.07416549466,0.7813611625,4713.818945
2025-10-11 00:00:00+00:00,110764,-0.01995060808,0.5167424485,2954.913907
2025-10-12 00:00:00+00:00,115090,0.03831261921,0.5818287451,2969.343862
2025-10-13 00:00:00+00:00,115265,0.001519394271,0.4459094025,1947.580681
2025-10-14 00:00:00+00:00,113078,-0.01915597918,0.5301424973,2253.667329
2025-10-15 00:00:00+00:00,110804,-0.02031497133,0.4767209309,2023.013673
2025-10-16 00:00:00+00:00,108206,-0.023726057,0.5744310088,3004.368331
2025-10-17 00:00:00+00:00,106476,-0.0161172101,0.5642145927,4616.539284
2025-10-18 00:00:00+00:00,107220,0.006963190758,0.2609624044,852.5421432
2025-10-19 00:00:00+00:00,108684,0.01356179078,0.3582006185,2023.092155
2025-10-20 00:00:00+00:00,110580,0.01729465173,0.3953245311,2416.659673
2025-10-21 00:00:00+00:00,108372,-0.02016948785,0.6181680593,4329.344607
2025-10-22 00:00:00+00:00,107595,-0.00719557481,0.5293372386,2975.121084
2025-10-23 00:00:00+00:00,110111,0.02311476967,0.3926827922,1735.250299
2025-10-24 00:00:00+00:00,111039,0.008392543043,0.3602187884,1412.66499
2025-10-25 00:00:00+00:00,111668,0.00564869243,0.1643546105,461.8228086
2025-10-26 00:00:00+00:00,114551,0.02548995529,0.3580440537,953.3162705
2025-10-27 00:00:00+00:00,114101,-0.003936117602,0.3047458122,1510.782518
2025-10-28 00:00:00+00:00,112925,-0.01036013953,0.3705542329,1398.610674
2025-10-29 00:00:00+00:00,110038,-0.02589812086,0.4927879188,1666.556407
2025-10-30 00:00:00+00:00,108306,-0.01586520655,0.5081178409,2489.035767
2025-10-31 00:00:00+00:00,109554,0.01145702425,0.4528738927,1789.046975
2025-11-01 00:00:00+00:00,110047,0.004489968882,0.1849152495,566.1380489
2025-11-02 00:00:00+00:00,110530,0.004379430058,0.2378541242,971.5455134
2025-11-03 00:00:00+00:00,106548,-0.03669138948,0.5261100324,2920.158129
2025-11-04 00:00:00+00:00,101466,-0.04887182084,0.7396033959,5333.627715
2025-11-05 00:00:00+00:00,103865,0.02336821199,0.5548453155,2852.197745
2025-11-06 00:00:00+00:00,101284,-0.0251635269,0.5306295327,2708.207605
2025-11-07 00:00:00+00:00,103275,0.0194668812,0.5380171093,2790.810817
2025-11-08 00:00:00+00:00,102286,-0.009622522085,0.2988661384,1224.835137
2025-11-09 00:00:00+00:00,104705,0.02337406103,0.3594122864,1718.061762
2025-11-10 00:00:00+00:00,105972,0.01202803605,0.405797795,1858.362844
2025-11-11 00:00:00+00:00,103015,-0.02830029958,0.4186234692,1836.838448
2025-11-12 00:00:00+00:00,101635,-0.01348664468,0.4175175699,1780.499329
2025-11-13 00:00:00+00:00,99618,-0.02004509286,0.6372551238,3403.602276
2025-11-14 00:00:00+00:00,94509,-0.05264780309,0.7768996285,6242.593269
2025-11-15 00:00:00+00:00,95539,0.01083947303,0.3942549147,1766.661549
2025-11-16 00:00:00+00:00,94187,-0.01425237327,0.4880552007,2865.930714
2025-11-17 00:00:00+00:00,92102,-0.02238550926,0.596414067,4149.83017
2025-11-18 00:00:00+00:00,92911,0.008745387147,0.6221157111,4742.042437
2025-11-19 00:00:00+00:00,91474,-0.0155872668,0.5594072724,3769.125623
2025-11-20 00:00:00+00:00,86527,-0.05559827494,0.6560550058,5180.914212
2025-11-21 00:00:00+00:00,85060,-0.01709961414,1.007355112,8467.353558
2025-11-22 00:00:00+00:00,84679,-0.004489252792,0.4437589832,2384.789051
2025-11-23 00:00:00+00:00,86803,0.02477354625,0.4439740694,2773.787696
2025-11-24 00:00:00+00:00,88277,0.01683841475,0.5627260942,4092.883812
2025-11-25 00:00:00+00:00,87331,-0.01077410085,0.4504619277,2871.171849
2025-11-26 00:00:00+00:00,90477,0.03539017758,0.4416067339,2971.040931
2025-11-27 00:00:00+00:00,91325,0.009328897922,0.3431939517,1908.753444
2025-11-28 00:00:00+00:00,90913,-0.004521567422,0.3886092464,2305.99038
2025-11-29 00:00:00+00:00,90832,-0.0008913588309,0.2346328041,681.5994637
2025-11-30 00:00:00+00:00,90382,-0.004966513901,0.2480607723,1020.918427
2025-12-01 00:00:00+00:00,86291,-0.04631982725,0.6320365027,4297.000352
2025-12-02 00:00:00+00:00,91300,0.05642548232,0.5346031214,4590.277809
2025-12-03 00:00:00+00:00,93472,0.0235111386,0.5646674257,4462.815229
2025-12-04 00:00:00+00:00,92103,-0.01475441018,0.4839445322,2700.625289
2025-12-05 00:00:00+00:00,89348,-0.03036865855,0.4734937495,3068.81366
2025-12-06 00:00:00+00:00,89249,-0.001108641356,0.2632954912,1058.74373
2025-12-07 00:00:00+00:00,90405,0.01286935949,0.4602979447,2387.945362
2025-12-08 00:00:00+00:00,90649,0.002695330097,0.468019384,3033.709255
2025-12-09 00:00:00+00:00,92695,0.02231962798,0.5088706779,3420.159505
2025-12-10 00:00:00+00:00,92036,-0.007134728827,0.5537800995,3493.069404
2025-12-11 00:00:00+00:00,92531,0.005363918651,0.5306295833,3855.948331
2025-12-12 00:00:00+00:00,90275,-0.02468315634,0.4353893346,2653.350349
2025-12-13 00:00:00+00:00,90264,-0.0001218573274,0.1510171718,588.9306767
2025-12-14 00:00:00+00:00,88164,-0.02353999341,0.3273964368,2245.285126
2025-12-15 00:00:00+00:00,86412,-0.02007216137,0.5113311155,3042.866717
2025-12-16 00:00:00+00:00,87843,0.01642457513,0.5027557821,2848.887476
2025-12-17 00:00:00+00:00,86215,-0.01870695373,0.5993554055,3340.006097
2025-12-18 00:00:00+00:00,85460,-0.008795746236,0.5972780107,3975.609178
2025-12-19 00:00:00+00:00,88095,0.03036734743,0.580625434,3013.662909
2025-12-20 00:00:00+00:00,88324,0.002596093716,0.1641287284,593.7152028
2025-12-21 00:00:00+00:00,88636,0.003526224269,0.2627825564,1067.669794
2025-12-22 00:00:00+00:00,88539,-0.001094962717,0.4600669898,3033.709315
2025-12-23 00:00:00+00:00,87423,-0.01268472697,0.410546562,2425.457182
2025-12-24 00:00:00+00:00,87605,0.002079668003,0.3221310491,1586.518384
2025-12-25 00:00:00+00:00,87172,-0.004954895505,0.231980923,1026.061244
2025-12-26 00:00:00+00:00,87296,0.001421464347,0.3850891277,1995.30168
2025-12-27 00:00:00+00:00,87810,0.005870746591,0.1199774276,482.1572716
2025-12-28 00:00:00+00:00,87870,0.0006830601358,0.1391398175,559.3587931
2025-12-29 00:00:00+00:00,87119,-0.008583449369,0.3909474654,2713.913652
2025-12-30 00:00:00+00:00,88390,0.01448384093,0.3197687317,1997.615559
2025-12-31 00:00:00+00:00,87496,-0.01016576304,0.2467700404,1905.505523
2026-01-01 00:00:00+00:00,88728,0.01398243227,0.1535373443,1395.468792
2026-01-02 00:00:00+00:00,89952,0.01370068442,0.4176929076,3580.713142
2026-01-03 00:00:00+00:00,90590,0.007067636957,0.1823190085,830.7521308
2026-01-04 00:00:00+00:00,91501,0.0100060695,0.2407376294,1249.276659
2026-01-05 00:00:00+00:00,93876,0.02562486131,0.3771829293,3369.259444
2026-01-06 00:00:00+00:00,93712,-0.001748513144,0.4109019788,2746.410348
2026-01-07 00:00:00+00:00,91273,-0.02637123385,0.3675273573,2544.890911
2026-01-08 00:00:00+00:00,91031,-0.00265490765,0.3740882261,3047.614864
2026-01-09 00:00:00+00:00,90510,-0.005739766007,0.4042707312,2812.731608
2026-01-10 00:00:00+00:00,90382,-0.001415209311,0.08919680016,416.9857669
2026-01-11 00:00:00+00:00,90872,0.005406790401,0.170515594,856.5184723
2026-01-12 00:00:00+00:00,91195,0.003548148087,0.3769718604,2412.577272
2026-01-13 00:00:00+00:00,95366,0.04472204978,0.4846702527,4730.60046
2026-01-14 00:00:00+00:00,96942,0.01639074072,0.4031086215,5227.4131
2026-01-15 00:00:00+00:00,95577,-0.01418065618,0.3908703853,2812.148172
2026-01-16 00:00:00+00:00,95521,-0.0005860867367,0.282083658,1782.927775
2026-01-17 00:00:00+00:00,95113,-0.00428046018,0.1194927943,471.7653921
2026-01-18 00:00:00+00:00,93636,-0.0156507335,0.1904488955,918.9951908
2026-01-19 00:00:00+00:00,92560,-0.01155784204,0.3846133984,1871.627218
2026-01-20 00:00:00+00:00,88316,-0.04693579124,0.5201294781,4353.640589
2026-01-21 00:00:00+00:00,89374,0.01190852049,0.5546769376,4896.025759
2026-01-22 00:00:00+00:00,89464,0.001006497586,0.3754343311,2031.689263
2026-01-23 00:00:00+00:00,89493,0.0003241002057,0.3853257739,2347.6412
2026-01-24 00:00:00+00:00,89089,-0.004524539866,0.1109825568,472.1202844
2026-01-25 00:00:00+00:00,86567,-0.02871718948,0.3626888266,1952.937317
2026-01-26 00:00:00+00:00,88247,0.01922102031,0.4151027315,2317.099314
2026-01-27 00:00:00+00:00,89135,0.0100123735,0.3594381843,2324.462789
2026-01-28 00:00:00+00:00,89168,0.0003701564234,0.4001337175,2234.890282
2026-01-29 00:00:00+00:00,84530,-0.05341572989,0.4736632345,3681.405977
2026-01-30 00:00:00+00:00,84130,-0.004743279378,0.6936410364,5197.268946
2026-01-31 00:00:00+00:00,78635,-0.06754632862,0.915286985,5126.148777
2026-02-01 00:00:00+00:00,76888,-0.02246707542,0.6768522266,3780.291008
2026-02-02 00:00:00+00:00,78666,0.02286122422,0.8997285074,5904.570698
2026-02-03 00:00:00+00:00,75662,-0.03893498884,0.7727501518,6491.42242
2026-02-04 00:00:00+00:00,73000,-0.03581661175,0.8685176791,6664.205906
2026-02-05 00:00:00+00:00,62795,-0.1505839887,1.370021254,12980.44507
2026-02-06 00:00:00+00:00,70531,0.116176877,1.278525508,12389.36347
2026-02-07 00:00:00+00:00,69246,-0.01838694782,0.7790348122,5313.405413
2026-02-08 00:00:00+00:00,70283,0.01486456714,0.6159702644,3209.084422
2026-02-09 00:00:00+00:00,70094,-0.002692750439,0.7042537315,4251.336243
2026-02-10 00:00:00+00:00,68802,-0.01860438408,0.6250701679,4052.500398
2026-02-11 00:00:00+00:00,67053,-0.02574946283,0.7168373725,6069.911149
2026-02-12 00:00:00+00:00,66207,-0.01269715392,0.6349439761,3577.438342
2026-02-13 00:00:00+00:00,68812,0.0385919508,0.580338349,3679.26813
2026-02-14 00:00:00+00:00,69791,0.01412691329,0.3693936404,1855.008803
2026-02-15 00:00:00+00:00,68792,-0.01441760252,0.4658354907,2583.791008
2026-02-16 00:00:00+00:00,68867,0.001089649168,0.4898373611,2561.436833
2026-02-17 00:00:00+00:00,67468,-0.02052369688,0.5476654437,3173.295
2026-02-18 00:00:00+00:00,66425,-0.01557991975,0.5062227138,3269.121374
2026-02-19 00:00:00+00:00,66973,0.00821606145,0.4779723886,2883.191757
2026-02-20 00:00:00+00:00,67992,0.0151004981,0.6094619905,4286.252868
2026-02-21 00:00:00+00:00,67966,-0.0003824710619,0.2502456607,1421.654717
2026-02-22 00:00:00+00:00,67612,-0.005222098046,0.2266510315,1206.467014
2026-02-23 00:00:00+00:00,64630,-0.04510678281,0.5974524617,5280.322142
2026-02-24 00:00:00+00:00,64059,-0.008874165581,0.6331389356,4165.222968
2026-02-25 00:00:00+00:00,67994,0.0596149323,0.681123384,6032.185599
2026-02-26 00:00:00+00:00,67488,-0.007469661693,0.5825049263,3855.808074
2026-02-27 00:00:00+00:00,65868,-0.02429706494,0.5412408999,4056.206406
2026-02-28 00:00:00+00:00,66985,0.01681597437,0.6612600243,5941.593083
2026-03-01 00:00:00+00:00,65771,-0.01828970203,0.6766555232,4640.412517
2026-03-02 00:00:00+00:00,68821,0.04532991923,0.701170405,6481.124681
2026-03-03 00:00:00+00:00,68336,-0.007072216824,0.6838021639,5194.301768
2026-03-04 00:00:00+00:00,72691,0.06178086635,0.710860318,6743.892221
2026-03-05 00:00:00+00:00,70896,-0.025003566,0.5905166687,4548.713075
2026-03-06 00:00:00+00:00,68114,-0.0400312424,0.5458572133,3520.238309
2026-03-07 00:00:00+00:00,67269,-0.0124832656,0.2881546385,1602.739803
2026-03-08 00:00:00+00:00,65975,-0.01942362407,0.4954648495,2829.707779
2026-03-09 00:00:00+00:00,68453,0.036871496,0.6142973562,4665.577733
2026-03-10 00:00:00+00:00,69963,0.02181915249,0.6430655173,5202.715192
2026-03-11 00:00:00+00:00,70196,0.003324798474,0.5609174267,4649.310926
2026-03-12 00:00:00+00:00,70529,0.004732643404,0.4891624716,4885.750296
2026-03-13 00:00:00+00:00,70949,0.005937336318,0.5668142967,4593.78432
2026-03-14 00:00:00+00:00,71218,0.003784286382,0.2457705191,1520.254736
2026-03-15 00:00:00+00:00,72831,0.02239609329,0.3616714399,2292.615465
2026-03-16 00:00:00+00:00,74876,0.0276917232,0.5602146577,3772.151669
2026-03-17 00:00:00+00:00,73928,-0.01274176535,0.5202637723,3923.496246
2026-03-18 00:00:00+00:00,71259,-0.03677051962,0.4457015237,3059.470184
2026-03-19 00:00:00+00:00,69921,-0.01895509366,0.5112206009,3381.215807
2026-03-20 00:00:00+00:00,70502,0.008275044906,0.4786514468,2786.906403
2026-03-21 00:00:00+00:00,68910,-0.02283977284,0.2520397635,1361.202691
2026-03-22 00:00:00+00:00,67860,-0.01535454601,0.4340152985,2109.615915
2026-03-23 00:00:00+00:00,70883,0.0435838711,0.7553652405,3654.993468
2026-03-24 00:00:00+00:00,70519,-0.005148453403,0.4871163269,3323.54868
2026-03-25 00:00:00+00:00,71301,0.01102817551,0.4357980078,2612.723551
2026-03-26 00:00:00+00:00,68779,-0.03601188678,0.4644384197,3000.043972
2026-03-27 00:00:00+00:00,66359,-0.0358190699,0.4658448887,3005.976802
2026-03-28 00:00:00+00:00,66321,-0.0005728067688,0.2682406731,869.9197874
2026-03-29 00:00:00+00:00,65954,-0.005549059788,0.373581225,1293.839554
2026-03-30 00:00:00+00:00,66731,0.01171208323,0.4957895271,2769.150905
2026-03-31 00:00:00+00:00,68215,0.02199486945,0.5479346784,2152.373685
2026-04-01 00:00:00+00:00,68102,-0.001657900715,0.4315121029,2176.814296
2026-04-02 00:00:00+00:00,66890,-0.01795710217,0.4754752603,1629.622433
2026-04-03 00:00:00+00:00,66944,0.0008069698721,0.2629404568,799.7654875
2026-04-04 00:00:00+00:00,67290,0.005155188198,0.1538756611,407.1282003
2026-04-05 00:00:00+00:00,68999,0.02508037454,0.2938121187,645.4169297
2026-04-06 00:00:00+00:00,68857,-0.002060121434,0.4278122709,1269.733804
2026-04-07 00:00:00+00:00,71940,0.04380054796,0.5321547838,1555.843631
2026-04-08 00:00:00+00:00,71110,-0.01160446437,0.4200972358,1681.53725
2026-04-09 00:00:00+00:00,71812,0.009823619113,0.457692616,1764.996243
2026-04-10 00:00:00+00:00,72980,0.016133838,0.3783452489,2356.298779
2026-04-11 00:00:00+00:00,73071,0.001246140208,0.2495793366,760.0519691
2026-04-12 00:00:00+00:00,70746,-0.03233557339,0.3702619092,953.3162465
2026-04-13 00:00:00+00:00,74447,0.050991465,0.4589243384,3621.422576
2026-04-14 00:00:00+00:00,74184,-0.00353896932,0.4307538041,4058.737809
2026-04-15 00:00:00+00:00,74818,0.008510004244,0.3964384151,824.2458373
2026-04-16 00:00:00+00:00,75178,0.00480013722,0.4341298906,1166.081548
2026-04-17 00:00:00+00:00,77108,0.02534840157,0.4872859377,2558.43952
2026-04-18 00:00:00+00:00,75737,-0.01794022404,0.2716486992,576.8898155
2026-04-19 00:00:00+00:00,73825,-0.02556938487,0.3778770669,794.5007864
2026-04-20 00:00:00+00:00,75870,0.02732392172,0.4385769372,812.6114026
2026-04-21 00:00:00+00:00,76345,0.006241192285,0.4215851821,1106.67719
2026-04-22 00:00:00+00:00,78208,0.02410940247,0.3989704822,1500.9594
2026-04-23 00:00:00+00:00,78269,0.0007796673388,0.4234627094,928.4360624
2026-04-24 00:00:00+00:00,77466,-0.01031248103,0.3256681719,861.893093
2026-04-25 00:00:00+00:00,77639,0.002230747838,0.12921205,273.8840002
2026-04-26 00:00:00+00:00,78660,0.01306488874,0.304613676,608.6290106
2026-04-27 00:00:00+00:00,77373,-0.01649688448,0.3636161232,886.7587986
2026-04-28 00:00:00+00:00,76323,-0.01366354798,0.2681311524,931.6277264
2026-04-29 00:00:00+00:00,75745,-0.007601898933,0.3627473545,1208.064429
2026-04-30 00:00:00+00:00,76310,0.007431555691,0.3097372337,584.6188565
2026-05-01 00:00:00+00:00,78232,0.02487477971,0.3200903281,829.682344
2026-05-02 00:00:00+00:00,78690,0.005837311537,0.2051628747,360.4507771
2026-05-03 00:00:00+00:00,78565,-0.001589774905,0.2159060332,447.9142044
2026-05-04 00:00:00+00:00,79844,0.01614842331,0.4882195619,1590.768055
2026-05-05 00:00:00+00:00,80913,0.01329977242,0.3229688182,1256.804987
2026-05-06 00:00:00+00:00,81447,0.00657799859,0.3259684237,974.7302771
2026-05-07 00:00:00+00:00,80017,-0.01771338986,0.3053771617,1030.934474
2026-05-08 00:00:00+00:00,80199,0.002271933868,0.2949182361,861.3455446
2026-05-09 00:00:00+00:00,80665,0.005793730151,0.1522530854,260.3501344
2026-05-10 00:00:00+00:00,82193,0.01876536417,0.2753994685,509.0842556
2026-05-11 00:00:00+00:00,81736,-0.005575598996,0.3234751152,1098.105515
2026-05-12 00:00:00+00:00,80491,-0.01534916436,0.2690826473,1020.456875
2026-05-13 00:00:00+00:00,79284,-0.0151090341,0.2691674385,1405.793198
2026-05-14 00:00:00+00:00,81075,0.02233830936,0.3415521832,2920.281814
2026-05-15 00:00:00+00:00,79062,-0.0251422974,0.3277451049,1056.976806
2026-05-16 00:00:00+00:00,78118,-0.01201185075,0.2076694983,443.0152437
2026-05-17 00:00:00+00:00,77412,-0.009078696704,0.3004494942,469.1463198
2026-05-18 00:00:00+00:00,76949,-0.005998942589,0.4153190551,1128.060077
2026-05-19 00:00:00+00:00,76757,-0.002498277229,0.290568018,550.7692455
2026-05-20 00:00:00+00:00,77470.5,0.009252631214,0.3153513592,723.0219777
2026-05-21 00:00:00+00:00,77554,0.001077249184,0.3239476887,723.2808691
2026-05-22 00:00:00+00:00,75451.01,-0.02749089645,0.3212617323,725.0509198
2026-05-23 00:00:00+00:00,76655.99,0.01584417821,0.3564369809,967.2323223
2026-05-24 00:00:00+00:00,76974.88,0.004151385174,0.2870044113,496.8949502
2026-05-25 00:00:00+00:00,77254.92,0.003631468209,0.23313706,518.695826
2026-05-26 00:00:00+00:00,75820.94,-0.01873609527,0.3430782835,1137.320883
2026-05-27 00:00:00+00:00,74330.48,-0.01985341139,0.32148359,881.6652079
2026-05-28 00:00:00+00:00,73519.16,-0.01097504389,0.4081993523,1415.437605
2026-05-29 00:00:00+00:00,73373.29,-0.001986079583,0.3430700644,968.7266788
2026-05-30 00:00:00+00:00,73762.15,0.005285754477,0.1607965544,357.5626874
2026-05-31 00:00:00+00:00,73567.99,-0.002635714761,0.2046554129,421.374481
2026-06-01 00:00:00+00:00,71313.86,-0.03111931422,0.3907649845,1811.515101
2026-06-02 00:00:00+00:00,66668.6,-0.06735662097,0.5618690793,3062.120347
2026-06-03 00:00:00+00:00,64045.64,-0.04013812325,0.6370671866,2990.477576
2026-06-04 00:00:00+00:00,63814.8,-0.003610815837,0.8478420711,5828.84132
2026-06-05 00:00:00+00:00,61042.14,-0.04442069303,1.004682072,5485.96092
2026-06-06 00:00:00+00:00,60858.64,-0.003010647489,0.5971387112,1210.53411
2026-06-07 00:00:00+00:00,63315.72,0.0395798417,0.6675485031,1423.348583
2026-06-08 00:00:00+00:00,63061.78,-0.004018758747,0.5979246633,2143.339853
2026-06-09 00:00:00+00:00,61685.44,-0.02206695829,0.5341615105,2619.169799
2026-06-10 00:00:00+00:00,61456.49,-0.003718477757,0.594495717,2140.362561
2026-06-11 00:00:00+00:00,63558.21,0.03362673415,0.4877366558,1556.879479
2026-06-12 00:00:00+00:00,63531.04,-0.0004275735424,0.4018122386,1263.518926
2026-06-13 00:00:00+00:00,64440,0.01420595295,0.2329061815,561.3925642
2026-06-14 00:00:00+00:00,65712.5,0.01955460784,0.3816714121,779.2676561
2026-06-15 00:00:00+00:00,66282.05,0.008629955325,0.3658548742,1590.056352
2026-06-16 00:00:00+00:00,65612.86,-0.01014740815,0.3832272117,1296.446293
2026-06-17 00:00:00+00:00,64443.27,-0.01798641142,0.5391645149,1568.834123
2026-06-18 00:00:00+00:00,62889.92,-0.02439940541,0.4272397621,1547.32884
2026-06-19 00:00:00+00:00,63487.34,0.009454619451,0.3624086674,918.3690725
2026-06-20 00:00:00+00:00,64245.72,0.01187459083,0.2907660533,610.7197716
2026-06-21 00:00:00+00:00,63237.18,-0.01582268745,0.277820345,551.0967475
2026-06-22 00:00:00+00:00,63948.96,0.01119284587,0.4313261856,1437.390737
2026-06-23 00:00:00+00:00,62651.43,-0.02049875889,0.3880959128,1351.740223
2026-06-24 00:00:00+00:00,60987,-0.02692577959,0.566099761,2180.37621
2026-06-25 00:00:00+00:00,59696.26,-0.02139135484,0.7204035763,2130.487219
2026-06-26 00:00:00+00:00,60019.38,0.005398138199,0.6716616421,2185.000586
2026-06-27 00:00:00+00:00,59940.07,-0.001322280346,0.2833631981,508.5319038
2026-06-28 00:00:00+00:00,59473.29,-0.007817925523,0.360731595,634.0694576
2026-06-29 00:00:00+00:00,60163.86,0.01154453562,0.5612487511,1820.907912
2026-06-30 00:00:00+00:00,58526.17,-0.02759783518,0.4397321685,1527.124099
2026-07-01 00:00:00+00:00,59963.46,0.02426137207,0.5053837579,1390.172611
2026-07-02 00:00:00+00:00,61479.1,0.02496190295,0.5009984678,1886.842551
2026-07-03 00:00:00+00:00,62522.46,0.01682857253,0.3393503547,1067.971607
2026-07-04 00:00:00+00:00,63086.18,0.008975875939,0.2503721842,606.0785963
2026-07-05 00:00:00+00:00,63587.06,0.007908262399,0.2682712637,590.3140349
2026-07-06 00:00:00+00:00,64000.1,0.006474655332,0.5164090977,1497.895116
2026-07-07 00:00:00+00:00,63311.3,-0.01082081763,0.4282130175,1305.029956
2026-07-08 00:00:00+00:00,62237.84,-0.01710065333,0.4196173757,902.0420565
2026-07-09 00:00:00+00:00,63185.92,0.01511831662,0.4055285356,879.0666115
2026-07-10 00:00:00+00:00,64114.25,0.01458515659,0.3569589025,989.8820577
2026-07-11 00:00:00+00:00,63780.01,-0.005226829741,0.1915926061,373.7133701
2026-07-12 00:00:00+00:00,63743.46,-0.0005732278302,0.2135838051,358.9857781
2026-07-13 00:00:00+00:00,62256.81,-0.02359866359,0.3840310736,1038.096496
2026-07-14 00:00:00+00:00,64975.72,0.0427457347,0.4184633726,1066.834567
2026-07-15 00:00:00+00:00,64713.83,-0.004038727191,0.3440936575,1005.03285
2026-07-16 00:00:00+00:00,63788.02,-0.01440953604,0.3161466769,795.596275
2026-07-17 00:00:00+00:00,63891.98,0.001628446475,0.3366082719,1173.510364
2026-07-18 00:00:00+00:00,64792.35,0.01399369593,0.1468043804,387.4487313
2026-07-19 00:00:00+00:00,64681.58,-0.00171107847,0.1967259757,480.1092428
2026-07-20 00:00:00+00:00,65212.6,0.008176239432,0.3916945056,1506.901898
2026-07-21 00:00:00+00:00,66518.68,0.01983010868,0.3186731567,1289.114758
2026-07-22 00:00:00+00:00,66082.49,-0.006579000371,0.3009367032,984.2592229
2026-07-23 00:00:00+00:00,65050.48,-0.01574022623,0.2701611656,1131.52155
2026-07-24 00:00:00+00:00,64086.59,-0.0149284462,0.2830272012,916.3791725
2026-07-25 00:00:00+00:00,64307.9,0.003447347611,0.1203302164,351.4462363
2026-07-26 00:00:00+00:00,65338.88,0.01590477963,0.1759594017,395.9190576
2026-07-27 00:00:00+00:00,63697.72,-0.02543849576,0.3665706203,1022.462714
2026-07-28 00:00:00+00:00,63850.53,0.00239611399,0.3243075054,1034.530003
2026-07-29 00:00:00+00:00,63894.39,0.0006866809533,0.3998548466,1199.201776
2026-07-30 00:00:00+00:00,64716.76,0.01278864559,0.2729443395,1195.484206
2026-07-31 00:00:00+00:00,62817.96,-0.02977918984,0.3137080347,1235.255246
2026-08-01 00:00:00+00:00,62759.82,-0.0009259600569,0.1590296364,445.314191
2026-08-02 00:00:00+00:00,63499.99,0.01172468863,0.2310395166,485.5360728
2026-08-03 00:00:00+00:00,63460.01,-0.0006298046837,0.320540751,924.0156581
2026-08-04 00:00:00+00:00,64056.48,0.009355250451,0.2996547031,1012.024812
2026-08-05 00:00:00+00:00,64600.22,0.00845262217,0.2835168097,1116.546145
2026-08-06 00:00:00+00:00,64255.55,-0.005349714988,0.220097331,1131.903515
2026-08-07 00:00:00+00:00,64877.77,0.009636936702,0.2570597961,1964.135392
2026-08-08 00:00:00+00:00,64908.72,0.0004769371694,0.07168016392,520.8045617
2026-08-09 00:00:00+00:00,64857.27,-0.0007929659026,0.1133222666,628.8945618
2026-08-10 00:00:00+00:00,63911.16,-0.01469501531,0.2514723794,1480.543185
2026-08-11 00:00:00+00:00,63542.82,-0.005779984673,0.2045574851,1378.447189
2026-08-12 00:00:00+00:00,63406.33,-0.002150310618,0.2372963694,1617.706764
2026-08-13 00:00:00+00:00,63418.04,0.0001846648248,0.2420633293,1675.840137
2026-08-14 00:00:00+00:00,62975.97,-0.006995138498,0.2168110646,1244.034853
2026-08-15 00:00:00+00:00,63025.94,0.0007931626214,0.06934788192,318.9733349
2026-08-16 00:00:00+00:00,62831.66,-0.003087301114,0.1140116412,534.5313313
2026-08-17 00:00:00+00:00,64484.76,0.02596983025,0.2504230582,2083.293425
2026-08-18 00:00:00+00:00,64686.09,0.003117269307,0.196817501,1663.106417
2026-08-19 00:00:00+00:00,69297.78,0.06886668493,0.7303469766,4829.360841
2026-08-20 00:00:00+00:00,73007.7,0.05215204399,0.5787316132,4199.958863
2026-08-21 00:00:00+00:00,78325.11,0.0703033262,0.7858550111,6239.299522
2026-08-22 00:00:00+00:00,77065.64,-0.016210715,0.520430343,1540.632673
2026-08-23 00:00:00+00:00,77716.48,0.008409806454,0.3960712965,1541.983849
2026-08-24 00:00:00+00:00,78986.06,0.0162040485,0.5225151312,2794.806598
2026-08-25 00:00:00+00:00,78534.93,-0.005727887228,0.5370610236,2638.501244
2026-08-26 00:00:00+00:00,79022.66,0.006191152808,0.3751879818,1508.941931
2026-08-27 00:00:00+00:00,80278.98,0.01577317154,0.3940903906,3073.129631
2026-08-28 00:00:00+00:00,77835.18,-0.03091430425,0.4173202075,3147.573263
2026-08-29 00:00:00+00:00,78235.02,0.005123859325,0.175435524,809.2710264
2026-08-30 00:00:00+00:00,77701.7,-0.006840237238,0.2908492246,1401.203961
2026-08-31 00:00:00+00:00,78571.17,0.0111277021,0.3887949227,2264.234173
2026-09-01 00:00:00+00:00,77397.43,-0.01505126235,0.372171329,2851.043324
2026-09-02 00:00:00+00:00,77301.83,-0.001235946599,0.34804012,1643.478142
2026-09-03 00:00:00+00:00,81265,0.04999779024,0.4283570081,2498.554165
2026-09-04 00:00:00+00:00,79676.6,-0.01973947787,0.472478887,2226.879269
2026-09-05 00:00:00+00:00,79830.42,0.001928693141,0.1571865539,552.2301498
2026-09-06 00:00:00+00:00,80338.98,0.006350297985,0.1878494788,746.1705314
2026-09-07 00:00:00+00:00,79090.41,-0.01566330432,0.2324465342,1253.604276
2026-09-08 00:00:00+00:00,78449,-0.00814289636,0.2864359865,1607.046525
2026-09-09 00:00:00+00:00,78281.65,-0.002135511639,0.3748802938,1787.662181
2026-09-10 00:00:00+00:00,76528.75,-0.02264673326,0.3262201616,1622.870318
2026-09-11 00:00:00+00:00,77212.48,0.008894614772,0.4761550445,2773.545641
2026-09-12 00:00:00+00:00,77269.22,0.0007345854241,0.1132852008,499.053426
2026-09-13 00:00:00+00:00,76808.69,-0.005977902626,0.1713178682,981.624154
2026-09-14 00:00:00+00:00,78185.01,0.0177601564,0.3689906582,2451.206698
2026-09-15 00:00:00+00:00,75577.29,-0.03392209997,0.4518511915,2966.543219
2026-09-16 00:00:00+00:00,76138.6,0.007399522372,0.4546843077,1683.174778
2026-09-17 00:00:00+00:00,76354.94,0.002837367998,0.3154888328,1420.056505
2026-09-18 00:00:00+00:00,80878.77,0.05755863528,0.4264631773,2129.794257
2026-09-19 00:00:00+00:00,81235.14,0.004396545294,0.2214047974,1047.028863
2026-09-20 00:00:00+00:00,81151.65,-0.001028285704,0.2820497941,849.3256302
2026-09-21 00:00:00+00:00,86586.52,0.06482451878,0.5191976921,3037.520999
2026-09-22 00:00:00+00:00,86201.35,-0.004458306454,0.3713201472,2202.561601
2026-09-23 00:00:00+00:00,84384.54,-0.02130162933,0.3679122832,1502.699335
2026-09-24 00:00:00+00:00,84383.03,-1.789443315e-05,0.3991929966,1717.781446
2026-09-25 00:00:00+00:00,84089.54,-0.003484131534,0.3521470083,1580.675637
2026-09-26 00:00:00+00:00,84433.05,0.004076729129,0.1324652579,563.4848857
2026-09-27 00:00:00+00:00,84457.2,0.0002859845392,0.1904725902,753.8730109
2026-09-28 00:00:00+00:00,83461.65,-0.01185765225,0.3948016269,1812.672423
2026-09-29 00:00:00+00:00,83629.41,0.002008007566,0.3129125999,1350.227326
2026-09-30 00:00:00+00:00,83562.58,-0.000799440255,0.4034148685,1819.36061
